<?xml version="1.0" encoding="UTF-8"?>
<gpx xmlns="http://www.topografix.com/GPX/1/1" xmlns:xsi="http://www.w3.org/2001/XMLSchema-instance" xsi:schemaLocation="http://www.topografix.com/GPX/1/1 http://www.topografix.com/GPX/1/1/gpx.xsd" version="1.1" creator="BRouter-Web 0.18.1">
  <wpt lat="34.376281" lon="108.934406">
    <name>西安北</name>
    <extensions>
      <country>cr</country>
      <operator></operator>
      <code>39032</code>
      <type>junction</type>
    </extensions>
  </wpt>
  <wpt lat="34.549947" lon="105.854066">
    <name>天水南</name>
    <extensions>
      <country>CN</country>
      <operator>cr</operator>
      <code>38988</code>
      <type>station</type>
    </extensions>
  </wpt>
  <wpt lat="36.069222" lon="103.74973">
    <name>兰州西</name>
    <extensions>
      <country>CN</country>
      <operator>cr</operator>
      <code>41492</code>
      <type>station</type>
    </extensions>
  </wpt>
  <trk>
    <name>徐兰高速线西兰段</name>
    <trkseg>
      <trkpt lat="34.376878" lon="108.934103">
        <ele>371.5</ele>
      </trkpt>
      <trkpt lat="34.375354" lon="108.928124">
        <ele>373.75</ele>
      </trkpt>
      <trkpt lat="34.374573" lon="108.925049">
        <ele>373.75</ele>
      </trkpt>
      <trkpt lat="34.374223" lon="108.923672">
        <ele>371.75</ele>
      </trkpt>
      <trkpt lat="34.3737" lon="108.921603">
        <ele>371.5</ele>
      </trkpt>
      <trkpt lat="34.373558" lon="108.921049">
        <ele>371.75</ele>
      </trkpt>
      <trkpt lat="34.372733" lon="108.917788">
        <ele>368.75</ele>
      </trkpt>
      <trkpt lat="34.371521" lon="108.913056">
        <ele>370.75</ele>
      </trkpt>
      <trkpt lat="34.366502" lon="108.893111">
        <ele>370.75</ele>
      </trkpt>
      <trkpt lat="34.366037" lon="108.891269">
        <ele>370.75</ele>
      </trkpt>
      <trkpt lat="34.365547" lon="108.889382">
        <ele>370.75</ele>
      </trkpt>
      <trkpt lat="34.364627" lon="108.885779">
        <ele>370.75</ele>
      </trkpt>
      <trkpt lat="34.36246" lon="108.877345">
        <ele>370.75</ele>
      </trkpt>
      <trkpt lat="34.361665" lon="108.874338">
        <ele>370.75</ele>
      </trkpt>
      <trkpt lat="34.360983" lon="108.871635">
        <ele>370.75</ele>
      </trkpt>
      <trkpt lat="34.353824" lon="108.843635">
        <ele>370.75</ele>
      </trkpt>
      <trkpt lat="34.353017" lon="108.840421">
        <ele>370.75</ele>
      </trkpt>
      <trkpt lat="34.352297" lon="108.8374">
        <ele>370.75</ele>
      </trkpt>
      <trkpt lat="34.351859" lon="108.835379">
        <ele>370.75</ele>
      </trkpt>
      <trkpt lat="34.351468" lon="108.833367">
        <ele>370.75</ele>
      </trkpt>
      <trkpt lat="34.351246" lon="108.832072">
        <ele>370.75</ele>
      </trkpt>
      <trkpt lat="34.351003" lon="108.830855">
        <ele>370.75</ele>
      </trkpt>
      <trkpt lat="34.350803" lon="108.829622">
        <ele>370.75</ele>
      </trkpt>
      <trkpt lat="34.350299" lon="108.826151">
        <ele>370.75</ele>
      </trkpt>
      <trkpt lat="34.349867" lon="108.822868">
        <ele>370.75</ele>
      </trkpt>
      <trkpt lat="34.347321" lon="108.801623">
        <ele>370.75</ele>
      </trkpt>
      <trkpt lat="34.344531" lon="108.778377">
        <ele>370.75</ele>
      </trkpt>
      <trkpt lat="34.343448" lon="108.76935">
        <ele>370.75</ele>
      </trkpt>
      <trkpt lat="34.342549" lon="108.761903">
        <ele>370.75</ele>
      </trkpt>
      <trkpt lat="34.342352" lon="108.760015">
        <ele>370.75</ele>
      </trkpt>
      <trkpt lat="34.3422" lon="108.757999">
        <ele>370.75</ele>
      </trkpt>
      <trkpt lat="34.342152" lon="108.756798">
        <ele>370.75</ele>
      </trkpt>
      <trkpt lat="34.342147" lon="108.755958">
        <ele>370.75</ele>
      </trkpt>
      <trkpt lat="34.342157" lon="108.754427">
        <ele>370.75</ele>
      </trkpt>
      <trkpt lat="34.342235" lon="108.752669">
        <ele>370.75</ele>
      </trkpt>
      <trkpt lat="34.342356" lon="108.751049">
        <ele>370.75</ele>
      </trkpt>
      <trkpt lat="34.342487" lon="108.749842">
        <ele>370.75</ele>
      </trkpt>
      <trkpt lat="34.342661" lon="108.748614">
        <ele>370.75</ele>
      </trkpt>
      <trkpt lat="34.342875" lon="108.747341">
        <ele>370.75</ele>
      </trkpt>
      <trkpt lat="34.343114" lon="108.746122">
        <ele>370.75</ele>
      </trkpt>
      <trkpt lat="34.343328" lon="108.745172">
        <ele>370.75</ele>
      </trkpt>
      <trkpt lat="34.34355" lon="108.744276">
        <ele>370.75</ele>
      </trkpt>
      <trkpt lat="34.344035" lon="108.74246">
        <ele>370.75</ele>
      </trkpt>
      <trkpt lat="34.345628" lon="108.737065">
        <ele>370.75</ele>
      </trkpt>
      <trkpt lat="34.346291" lon="108.734718">
        <ele>370.75</ele>
      </trkpt>
      <trkpt lat="34.346568" lon="108.733628">
        <ele>370.75</ele>
      </trkpt>
      <trkpt lat="34.346811" lon="108.732637">
        <ele>370.75</ele>
      </trkpt>
      <trkpt lat="34.347037" lon="108.731603">
        <ele>370.75</ele>
      </trkpt>
      <trkpt lat="34.347251" lon="108.73051">
        <ele>370.75</ele>
      </trkpt>
      <trkpt lat="34.347447" lon="108.729299">
        <ele>370.75</ele>
      </trkpt>
      <trkpt lat="34.347603" lon="108.728153">
        <ele>370.75</ele>
      </trkpt>
      <trkpt lat="34.34772" lon="108.727039">
        <ele>370.75</ele>
      </trkpt>
      <trkpt lat="34.347802" lon="108.725986">
        <ele>370.75</ele>
      </trkpt>
      <trkpt lat="34.347866" lon="108.724863">
        <ele>370.75</ele>
      </trkpt>
      <trkpt lat="34.347894" lon="108.723839">
        <ele>370.75</ele>
      </trkpt>
      <trkpt lat="34.347913" lon="108.722686">
        <ele>370.75</ele>
      </trkpt>
      <trkpt lat="34.347901" lon="108.721571">
        <ele>370.75</ele>
      </trkpt>
      <trkpt lat="34.347871" lon="108.720461">
        <ele>370.75</ele>
      </trkpt>
      <trkpt lat="34.347834" lon="108.719744">
        <ele>370.75</ele>
      </trkpt>
      <trkpt lat="34.347773" lon="108.718957">
        <ele>370.75</ele>
      </trkpt>
      <trkpt lat="34.347742" lon="108.718476">
        <ele>370.75</ele>
      </trkpt>
      <trkpt lat="34.347657" lon="108.717597">
        <ele>370.75</ele>
      </trkpt>
      <trkpt lat="34.347529" lon="108.716533">
        <ele>370.75</ele>
      </trkpt>
      <trkpt lat="34.347346" lon="108.71529">
        <ele>370.75</ele>
      </trkpt>
      <trkpt lat="34.347144" lon="108.714111">
        <ele>370.75</ele>
      </trkpt>
      <trkpt lat="34.346863" lon="108.712714">
        <ele>370.75</ele>
      </trkpt>
      <trkpt lat="34.34639" lon="108.710836">
        <ele>370.75</ele>
      </trkpt>
      <trkpt lat="34.345904" lon="108.709131">
        <ele>370.75</ele>
      </trkpt>
      <trkpt lat="34.345555" lon="108.707942">
        <ele>370.75</ele>
      </trkpt>
      <trkpt lat="34.345001" lon="108.706308">
        <ele>370.75</ele>
      </trkpt>
      <trkpt lat="34.344842" lon="108.705819">
        <ele>370.75</ele>
      </trkpt>
      <trkpt lat="34.343293" lon="108.700847">
        <ele>370.75</ele>
      </trkpt>
      <trkpt lat="34.34181" lon="108.695737">
        <ele>370.75</ele>
      </trkpt>
      <trkpt lat="34.34114" lon="108.693384">
        <ele>370.75</ele>
      </trkpt>
      <trkpt lat="34.339207" lon="108.686656">
        <ele>370.75</ele>
      </trkpt>
      <trkpt lat="34.338298" lon="108.683349">
        <ele>370.75</ele>
      </trkpt>
      <trkpt lat="34.337441" lon="108.680127">
        <ele>370.75</ele>
      </trkpt>
      <trkpt lat="34.336726" lon="108.677549">
        <ele>370.75</ele>
      </trkpt>
      <trkpt lat="34.336248" lon="108.675763">
        <ele>370.75</ele>
      </trkpt>
      <trkpt lat="34.335998" lon="108.674857">
        <ele>388.75</ele>
      </trkpt>
      <trkpt lat="34.335369" lon="108.672573">
        <ele>390.5</ele>
      </trkpt>
      <trkpt lat="34.334357" lon="108.669072">
        <ele>390.0</ele>
      </trkpt>
      <trkpt lat="34.333549" lon="108.666276">
        <ele>388.25</ele>
      </trkpt>
      <trkpt lat="34.332554" lon="108.66281">
        <ele>388.75</ele>
      </trkpt>
      <trkpt lat="34.331209" lon="108.658123">
        <ele>389.75</ele>
      </trkpt>
      <trkpt lat="34.330619" lon="108.656041">
        <ele>392.25</ele>
      </trkpt>
      <trkpt lat="34.329693" lon="108.652877">
        <ele>389.25</ele>
      </trkpt>
      <trkpt lat="34.328491" lon="108.648814">
        <ele>389.25</ele>
      </trkpt>
      <trkpt lat="34.327998" lon="108.647178">
        <ele>389.25</ele>
      </trkpt>
      <trkpt lat="34.327621" lon="108.645767">
        <ele>389.25</ele>
      </trkpt>
      <trkpt lat="34.326876" lon="108.642824">
        <ele>389.25</ele>
      </trkpt>
      <trkpt lat="34.325643" lon="108.637903">
        <ele>389.25</ele>
      </trkpt>
      <trkpt lat="34.324795" lon="108.634406">
        <ele>389.25</ele>
      </trkpt>
      <trkpt lat="34.323992" lon="108.631216">
        <ele>389.25</ele>
      </trkpt>
      <trkpt lat="34.323393" lon="108.629001">
        <ele>389.25</ele>
      </trkpt>
      <trkpt lat="34.322978" lon="108.627512">
        <ele>389.25</ele>
      </trkpt>
      <trkpt lat="34.321317" lon="108.622169">
        <ele>389.25</ele>
      </trkpt>
      <trkpt lat="34.319705" lon="108.617101">
        <ele>389.25</ele>
      </trkpt>
      <trkpt lat="34.319167" lon="108.615357">
        <ele>389.25</ele>
      </trkpt>
      <trkpt lat="34.318604" lon="108.61356">
        <ele>389.25</ele>
      </trkpt>
      <trkpt lat="34.317284" lon="108.609429">
        <ele>389.25</ele>
      </trkpt>
      <trkpt lat="34.316669" lon="108.60748">
        <ele>389.25</ele>
      </trkpt>
      <trkpt lat="34.31609" lon="108.605683">
        <ele>389.25</ele>
      </trkpt>
      <trkpt lat="34.314765" lon="108.601519">
        <ele>389.25</ele>
      </trkpt>
      <trkpt lat="34.313883" lon="108.598688">
        <ele>389.25</ele>
      </trkpt>
      <trkpt lat="34.313308" lon="108.596681">
        <ele>389.25</ele>
      </trkpt>
      <trkpt lat="34.312691" lon="108.594337">
        <ele>389.25</ele>
      </trkpt>
      <trkpt lat="34.312343" lon="108.592939">
        <ele>389.25</ele>
      </trkpt>
      <trkpt lat="34.31184" lon="108.590758">
        <ele>389.25</ele>
      </trkpt>
      <trkpt lat="34.311434" lon="108.58871">
        <ele>389.25</ele>
      </trkpt>
      <trkpt lat="34.310503" lon="108.583396">
        <ele>389.25</ele>
      </trkpt>
      <trkpt lat="34.310046" lon="108.579427">
        <ele>389.25</ele>
      </trkpt>
      <trkpt lat="34.309289" lon="108.572047">
        <ele>389.25</ele>
      </trkpt>
      <trkpt lat="34.308808" lon="108.56781">
        <ele>389.25</ele>
      </trkpt>
      <trkpt lat="34.308467" lon="108.56528">
        <ele>389.25</ele>
      </trkpt>
      <trkpt lat="34.307956" lon="108.56219">
        <ele>389.25</ele>
      </trkpt>
      <trkpt lat="34.307299" lon="108.558968">
        <ele>389.25</ele>
      </trkpt>
      <trkpt lat="34.306723" lon="108.556522">
        <ele>389.25</ele>
      </trkpt>
      <trkpt lat="34.305956" lon="108.553779">
        <ele>389.25</ele>
      </trkpt>
      <trkpt lat="34.305329" lon="108.551715">
        <ele>389.25</ele>
      </trkpt>
      <trkpt lat="34.304447" lon="108.549057">
        <ele>389.25</ele>
      </trkpt>
      <trkpt lat="34.303694" lon="108.547005">
        <ele>389.25</ele>
      </trkpt>
      <trkpt lat="34.302511" lon="108.544062">
        <ele>389.25</ele>
      </trkpt>
      <trkpt lat="34.30204" lon="108.542975">
        <ele>389.25</ele>
      </trkpt>
      <trkpt lat="34.300641" lon="108.539996">
        <ele>389.25</ele>
      </trkpt>
      <trkpt lat="34.299779" lon="108.538314">
        <ele>389.25</ele>
      </trkpt>
      <trkpt lat="34.298726" lon="108.536378">
        <ele>389.25</ele>
      </trkpt>
      <trkpt lat="34.297758" lon="108.534655">
        <ele>389.25</ele>
      </trkpt>
      <trkpt lat="34.297287" lon="108.533896">
        <ele>389.25</ele>
      </trkpt>
      <trkpt lat="34.296746" lon="108.532998">
        <ele>389.25</ele>
      </trkpt>
      <trkpt lat="34.295993" lon="108.531833">
        <ele>389.25</ele>
      </trkpt>
      <trkpt lat="34.295296" lon="108.530789">
        <ele>389.25</ele>
      </trkpt>
      <trkpt lat="34.293707" lon="108.528525">
        <ele>389.25</ele>
      </trkpt>
      <trkpt lat="34.292328" lon="108.526716">
        <ele>389.25</ele>
      </trkpt>
      <trkpt lat="34.291065" lon="108.525114">
        <ele>389.25</ele>
      </trkpt>
      <trkpt lat="34.28938" lon="108.52319">
        <ele>389.25</ele>
      </trkpt>
      <trkpt lat="34.287906" lon="108.521588">
        <ele>389.25</ele>
      </trkpt>
      <trkpt lat="34.285599" lon="108.519239">
        <ele>389.25</ele>
      </trkpt>
      <trkpt lat="34.283277" lon="108.517115">
        <ele>389.25</ele>
      </trkpt>
      <trkpt lat="34.280459" lon="108.514705">
        <ele>389.25</ele>
      </trkpt>
      <trkpt lat="34.275007" lon="108.509899">
        <ele>389.25</ele>
      </trkpt>
      <trkpt lat="34.271973" lon="108.506985">
        <ele>389.25</ele>
      </trkpt>
      <trkpt lat="34.270494" lon="108.505395">
        <ele>389.25</ele>
      </trkpt>
      <trkpt lat="34.268573" lon="108.503229">
        <ele>389.25</ele>
      </trkpt>
      <trkpt lat="34.266165" lon="108.500206">
        <ele>389.25</ele>
      </trkpt>
      <trkpt lat="34.264184" lon="108.497427">
        <ele>389.25</ele>
      </trkpt>
      <trkpt lat="34.263161" lon="108.495909">
        <ele>389.25</ele>
      </trkpt>
      <trkpt lat="34.260673" lon="108.491764">
        <ele>389.25</ele>
      </trkpt>
      <trkpt lat="34.258887" lon="108.488432">
        <ele>389.25</ele>
      </trkpt>
      <trkpt lat="34.257508" lon="108.485567">
        <ele>389.25</ele>
      </trkpt>
      <trkpt lat="34.256048" lon="108.482206">
        <ele>389.25</ele>
      </trkpt>
      <trkpt lat="34.254814" lon="108.478892">
        <ele>389.25</ele>
      </trkpt>
      <trkpt lat="34.252902" lon="108.473051">
        <ele>409.75</ele>
      </trkpt>
      <trkpt lat="34.245941" lon="108.451135">
        <ele>413.25</ele>
      </trkpt>
      <trkpt lat="34.245901" lon="108.451009">
        <ele>413.5</ele>
      </trkpt>
      <trkpt lat="34.244907" lon="108.44788">
        <ele>410.75</ele>
      </trkpt>
      <trkpt lat="34.243393" lon="108.442952">
        <ele>410.75</ele>
      </trkpt>
      <trkpt lat="34.242456" lon="108.439322">
        <ele>410.75</ele>
      </trkpt>
      <trkpt lat="34.241581" lon="108.435324">
        <ele>410.75</ele>
      </trkpt>
      <trkpt lat="34.240609" lon="108.429727">
        <ele>410.75</ele>
      </trkpt>
      <trkpt lat="34.240099" lon="108.425436">
        <ele>410.75</ele>
      </trkpt>
      <trkpt lat="34.23996" lon="108.423804">
        <ele>410.75</ele>
      </trkpt>
      <trkpt lat="34.23996" lon="108.423803">
        <ele>410.75</ele>
      </trkpt>
      <trkpt lat="34.239744" lon="108.421247">
        <ele>410.75</ele>
      </trkpt>
      <trkpt lat="34.239637" lon="108.418398">
        <ele>410.75</ele>
      </trkpt>
      <trkpt lat="34.239522" lon="108.414345">
        <ele>410.75</ele>
      </trkpt>
      <trkpt lat="34.239735" lon="108.389488">
        <ele>410.75</ele>
      </trkpt>
      <trkpt lat="34.240142" lon="108.348006">
        <ele>410.75</ele>
      </trkpt>
      <trkpt lat="34.240432" lon="108.313865">
        <ele>410.75</ele>
      </trkpt>
      <trkpt lat="34.240764" lon="108.276185">
        <ele>410.75</ele>
      </trkpt>
      <trkpt lat="34.241077" lon="108.231262">
        <ele>410.75</ele>
      </trkpt>
      <trkpt lat="34.241211" lon="108.226517">
        <ele>410.75</ele>
      </trkpt>
      <trkpt lat="34.241601" lon="108.219236">
        <ele>410.75</ele>
      </trkpt>
      <trkpt lat="34.245258" lon="108.160071">
        <ele>410.75</ele>
      </trkpt>
      <trkpt lat="34.246391" lon="108.14176">
        <ele>410.75</ele>
      </trkpt>
      <trkpt lat="34.24678" lon="108.136113">
        <ele>410.75</ele>
      </trkpt>
      <trkpt lat="34.246919" lon="108.134592">
        <ele>410.75</ele>
      </trkpt>
      <trkpt lat="34.247525" lon="108.129176">
        <ele>410.75</ele>
      </trkpt>
      <trkpt lat="34.253423" lon="108.080904">
        <ele>410.75</ele>
      </trkpt>
      <trkpt lat="34.254198" lon="108.074682">
        <ele>410.75</ele>
      </trkpt>
      <trkpt lat="34.254717" lon="108.070005">
        <ele>410.75</ele>
      </trkpt>
      <trkpt lat="34.255106" lon="108.064816">
        <ele>410.75</ele>
      </trkpt>
      <trkpt lat="34.255154" lon="108.063905">
        <ele>447.5</ele>
      </trkpt>
      <trkpt lat="34.255196" lon="108.063312">
        <ele>448.0</ele>
      </trkpt>
      <trkpt lat="34.255278" lon="108.061837">
        <ele>452.5</ele>
      </trkpt>
      <trkpt lat="34.25529" lon="108.061553">
        <ele>454.0</ele>
      </trkpt>
      <trkpt lat="34.255544" lon="108.057339">
        <ele>451.0</ele>
      </trkpt>
      <trkpt lat="34.255604" lon="108.056206">
        <ele>451.25</ele>
      </trkpt>
      <trkpt lat="34.255661" lon="108.055136">
        <ele>450.5</ele>
      </trkpt>
      <trkpt lat="34.25589" lon="108.0509">
        <ele>445.5</ele>
      </trkpt>
      <trkpt lat="34.256029" lon="108.048321">
        <ele>445.75</ele>
      </trkpt>
      <trkpt lat="34.256176" lon="108.045624">
        <ele>446.5</ele>
      </trkpt>
      <trkpt lat="34.256205" lon="108.045122">
        <ele>447.0</ele>
      </trkpt>
      <trkpt lat="34.256494" lon="108.04045">
        <ele>457.0</ele>
      </trkpt>
      <trkpt lat="34.256683" lon="108.037043">
        <ele>457.5</ele>
      </trkpt>
      <trkpt lat="34.257019" lon="108.030812">
        <ele>452.75</ele>
      </trkpt>
      <trkpt lat="34.25704" lon="108.030421">
        <ele>452.75</ele>
      </trkpt>
      <trkpt lat="34.257388" lon="108.023971">
        <ele>452.5</ele>
      </trkpt>
      <trkpt lat="34.258363" lon="108.006008">
        <ele>452.5</ele>
      </trkpt>
      <trkpt lat="34.258674" lon="107.999419">
        <ele>452.5</ele>
      </trkpt>
      <trkpt lat="34.258781" lon="107.996546">
        <ele>452.5</ele>
      </trkpt>
      <trkpt lat="34.258793" lon="107.9928">
        <ele>452.5</ele>
      </trkpt>
      <trkpt lat="34.258644" lon="107.988629">
        <ele>452.5</ele>
      </trkpt>
      <trkpt lat="34.258459" lon="107.98554">
        <ele>452.5</ele>
      </trkpt>
      <trkpt lat="34.256228" lon="107.949494">
        <ele>452.5</ele>
      </trkpt>
      <trkpt lat="34.256114" lon="107.94613">
        <ele>452.5</ele>
      </trkpt>
      <trkpt lat="34.256061" lon="107.942161">
        <ele>452.5</ele>
      </trkpt>
      <trkpt lat="34.256079" lon="107.938682">
        <ele>452.5</ele>
      </trkpt>
      <trkpt lat="34.256127" lon="107.937535">
        <ele>452.5</ele>
      </trkpt>
      <trkpt lat="34.256321" lon="107.933779">
        <ele>452.5</ele>
      </trkpt>
      <trkpt lat="34.256517" lon="107.931309">
        <ele>452.5</ele>
      </trkpt>
      <trkpt lat="34.256938" lon="107.927236">
        <ele>452.5</ele>
      </trkpt>
      <trkpt lat="34.257324" lon="107.924098">
        <ele>452.5</ele>
      </trkpt>
      <trkpt lat="34.257786" lon="107.921094">
        <ele>452.5</ele>
      </trkpt>
      <trkpt lat="34.258503" lon="107.917258">
        <ele>452.5</ele>
      </trkpt>
      <trkpt lat="34.259271" lon="107.913696">
        <ele>452.5</ele>
      </trkpt>
      <trkpt lat="34.260379" lon="107.909199">
        <ele>452.5</ele>
      </trkpt>
      <trkpt lat="34.261613" lon="107.904707">
        <ele>452.5</ele>
      </trkpt>
      <trkpt lat="34.262585" lon="107.901188">
        <ele>452.5</ele>
      </trkpt>
      <trkpt lat="34.263428" lon="107.898177">
        <ele>452.5</ele>
      </trkpt>
      <trkpt lat="34.264495" lon="107.894058">
        <ele>452.5</ele>
      </trkpt>
      <trkpt lat="34.2649" lon="107.892318">
        <ele>452.5</ele>
      </trkpt>
      <trkpt lat="34.265234" lon="107.890792">
        <ele>452.5</ele>
      </trkpt>
      <trkpt lat="34.265807" lon="107.887873">
        <ele>452.5</ele>
      </trkpt>
      <trkpt lat="34.266225" lon="107.88528">
        <ele>452.5</ele>
      </trkpt>
      <trkpt lat="34.266705" lon="107.88183">
        <ele>452.5</ele>
      </trkpt>
      <trkpt lat="34.267019" lon="107.878933">
        <ele>452.5</ele>
      </trkpt>
      <trkpt lat="34.267215" lon="107.876537">
        <ele>452.5</ele>
      </trkpt>
      <trkpt lat="34.267436" lon="107.871557">
        <ele>452.5</ele>
      </trkpt>
      <trkpt lat="34.267436" lon="107.8688">
        <ele>452.5</ele>
      </trkpt>
      <trkpt lat="34.267353" lon="107.864823">
        <ele>452.5</ele>
      </trkpt>
      <trkpt lat="34.26712" lon="107.861121">
        <ele>452.5</ele>
      </trkpt>
      <trkpt lat="34.266846" lon="107.858306">
        <ele>452.5</ele>
      </trkpt>
      <trkpt lat="34.266428" lon="107.854863">
        <ele>452.5</ele>
      </trkpt>
      <trkpt lat="34.262527" lon="107.831551">
        <ele>452.5</ele>
      </trkpt>
      <trkpt lat="34.259401" lon="107.813132">
        <ele>452.5</ele>
      </trkpt>
      <trkpt lat="34.255607" lon="107.790036">
        <ele>452.5</ele>
      </trkpt>
      <trkpt lat="34.255011" lon="107.785922">
        <ele>452.5</ele>
      </trkpt>
      <trkpt lat="34.254677" lon="107.782898">
        <ele>452.5</ele>
      </trkpt>
      <trkpt lat="34.254355" lon="107.777124">
        <ele>452.5</ele>
      </trkpt>
      <trkpt lat="34.254343" lon="107.77327">
        <ele>452.5</ele>
      </trkpt>
      <trkpt lat="34.254396" lon="107.770484">
        <ele>452.5</ele>
      </trkpt>
      <trkpt lat="34.254474" lon="107.768174">
        <ele>452.5</ele>
      </trkpt>
      <trkpt lat="34.254874" lon="107.763627">
        <ele>452.5</ele>
      </trkpt>
      <trkpt lat="34.255432" lon="107.759024">
        <ele>452.5</ele>
      </trkpt>
      <trkpt lat="34.259373" lon="107.733698">
        <ele>452.5</ele>
      </trkpt>
      <trkpt lat="34.263567" lon="107.706824">
        <ele>452.5</ele>
      </trkpt>
      <trkpt lat="34.26712" lon="107.68411">
        <ele>452.5</ele>
      </trkpt>
      <trkpt lat="34.267937" lon="107.678549">
        <ele>452.5</ele>
      </trkpt>
      <trkpt lat="34.268468" lon="107.673237">
        <ele>452.5</ele>
      </trkpt>
      <trkpt lat="34.268897" lon="107.667882">
        <ele>452.5</ele>
      </trkpt>
      <trkpt lat="34.269599" lon="107.658131">
        <ele>452.5</ele>
      </trkpt>
      <trkpt lat="34.26983" lon="107.654659">
        <ele>452.5</ele>
      </trkpt>
      <trkpt lat="34.270951" lon="107.639153">
        <ele>452.5</ele>
      </trkpt>
      <trkpt lat="34.271346" lon="107.633322">
        <ele>452.5</ele>
      </trkpt>
      <trkpt lat="34.271641" lon="107.629745">
        <ele>452.5</ele>
      </trkpt>
      <trkpt lat="34.271953" lon="107.62706">
        <ele>452.5</ele>
      </trkpt>
      <trkpt lat="34.272337" lon="107.6241">
        <ele>452.5</ele>
      </trkpt>
      <trkpt lat="34.272633" lon="107.622294">
        <ele>452.5</ele>
      </trkpt>
      <trkpt lat="34.273709" lon="107.616477">
        <ele>526.75</ele>
      </trkpt>
      <trkpt lat="34.274519" lon="107.612189">
        <ele>525.25</ele>
      </trkpt>
      <trkpt lat="34.274815" lon="107.610622">
        <ele>525.0</ele>
      </trkpt>
      <trkpt lat="34.275268" lon="107.608245">
        <ele>524.75</ele>
      </trkpt>
      <trkpt lat="34.275757" lon="107.60569">
        <ele>524.5</ele>
      </trkpt>
      <trkpt lat="34.276142" lon="107.603726">
        <ele>524.25</ele>
      </trkpt>
      <trkpt lat="34.277879" lon="107.5946">
        <ele>527.75</ele>
      </trkpt>
      <trkpt lat="34.278302" lon="107.592433">
        <ele>527.75</ele>
      </trkpt>
      <trkpt lat="34.278717" lon="107.590213">
        <ele>527.75</ele>
      </trkpt>
      <trkpt lat="34.279191" lon="107.587759">
        <ele>527.75</ele>
      </trkpt>
      <trkpt lat="34.285773" lon="107.553129">
        <ele>527.75</ele>
      </trkpt>
      <trkpt lat="34.286528" lon="107.5497">
        <ele>527.75</ele>
      </trkpt>
      <trkpt lat="34.287371" lon="107.546337">
        <ele>527.75</ele>
      </trkpt>
      <trkpt lat="34.289865" lon="107.536172">
        <ele>527.75</ele>
      </trkpt>
      <trkpt lat="34.290599" lon="107.532997">
        <ele>527.75</ele>
      </trkpt>
      <trkpt lat="34.291172" lon="107.530099">
        <ele>527.75</ele>
      </trkpt>
      <trkpt lat="34.291721" lon="107.527169">
        <ele>527.75</ele>
      </trkpt>
      <trkpt lat="34.292378" lon="107.522903">
        <ele>527.75</ele>
      </trkpt>
      <trkpt lat="34.292834" lon="107.519044">
        <ele>527.75</ele>
      </trkpt>
      <trkpt lat="34.293179" lon="107.51536">
        <ele>527.75</ele>
      </trkpt>
      <trkpt lat="34.293854" lon="107.506806">
        <ele>527.75</ele>
      </trkpt>
      <trkpt lat="34.294866" lon="107.492669">
        <ele>527.75</ele>
      </trkpt>
      <trkpt lat="34.295709" lon="107.481248">
        <ele>527.75</ele>
      </trkpt>
      <trkpt lat="34.296333" lon="107.473909">
        <ele>527.75</ele>
      </trkpt>
      <trkpt lat="34.296949" lon="107.469499">
        <ele>527.75</ele>
      </trkpt>
      <trkpt lat="34.297775" lon="107.464988">
        <ele>527.75</ele>
      </trkpt>
      <trkpt lat="34.298661" lon="107.461201">
        <ele>527.75</ele>
      </trkpt>
      <trkpt lat="34.299605" lon="107.457863">
        <ele>527.75</ele>
      </trkpt>
      <trkpt lat="34.301317" lon="107.452637">
        <ele>527.75</ele>
      </trkpt>
      <trkpt lat="34.304782" lon="107.44488">
        <ele>527.75</ele>
      </trkpt>
      <trkpt lat="34.30694" lon="107.440807">
        <ele>527.75</ele>
      </trkpt>
      <trkpt lat="34.308762" lon="107.437735">
        <ele>527.75</ele>
      </trkpt>
      <trkpt lat="34.314722" lon="107.428324">
        <ele>527.75</ele>
      </trkpt>
      <trkpt lat="34.318895" lon="107.421577">
        <ele>527.75</ele>
      </trkpt>
      <trkpt lat="34.320699" lon="107.418607">
        <ele>527.75</ele>
      </trkpt>
      <trkpt lat="34.321913" lon="107.416341">
        <ele>527.75</ele>
      </trkpt>
      <trkpt lat="34.323237" lon="107.413687">
        <ele>527.75</ele>
      </trkpt>
      <trkpt lat="34.324805" lon="107.410176">
        <ele>527.75</ele>
      </trkpt>
      <trkpt lat="34.325943" lon="107.407318">
        <ele>527.75</ele>
      </trkpt>
      <trkpt lat="34.32676" lon="107.405072">
        <ele>527.75</ele>
      </trkpt>
      <trkpt lat="34.327502" lon="107.402827">
        <ele>527.75</ele>
      </trkpt>
      <trkpt lat="34.328142" lon="107.400642">
        <ele>527.75</ele>
      </trkpt>
      <trkpt lat="34.328331" lon="107.399824">
        <ele>571.0</ele>
      </trkpt>
      <trkpt lat="34.329085" lon="107.396988">
        <ele>557.5</ele>
      </trkpt>
      <trkpt lat="34.329572" lon="107.39513">
        <ele>557.5</ele>
      </trkpt>
      <trkpt lat="34.33078" lon="107.388393">
        <ele>557.5</ele>
      </trkpt>
      <trkpt lat="34.331151" lon="107.384751">
        <ele>557.5</ele>
      </trkpt>
      <trkpt lat="34.331541" lon="107.37952">
        <ele>557.5</ele>
      </trkpt>
      <trkpt lat="34.331448" lon="107.366733">
        <ele>557.5</ele>
      </trkpt>
      <trkpt lat="34.331442" lon="107.36529">
        <ele>557.5</ele>
      </trkpt>
      <trkpt lat="34.331455" lon="107.353247">
        <ele>557.5</ele>
      </trkpt>
      <trkpt lat="34.331495" lon="107.350067">
        <ele>557.5</ele>
      </trkpt>
      <trkpt lat="34.331707" lon="107.346202">
        <ele>557.5</ele>
      </trkpt>
      <trkpt lat="34.33194" lon="107.343561">
        <ele>557.5</ele>
      </trkpt>
      <trkpt lat="34.332858" lon="107.336964">
        <ele>557.5</ele>
      </trkpt>
      <trkpt lat="34.334723" lon="107.326419">
        <ele>557.5</ele>
      </trkpt>
      <trkpt lat="34.335623" lon="107.320147">
        <ele>557.5</ele>
      </trkpt>
      <trkpt lat="34.335765" lon="107.318645">
        <ele>619.75</ele>
      </trkpt>
      <trkpt lat="34.335887" lon="107.316594">
        <ele>619.75</ele>
      </trkpt>
      <trkpt lat="34.336039" lon="107.313855">
        <ele>619.75</ele>
      </trkpt>
      <trkpt lat="34.336167" lon="107.311307">
        <ele>619.75</ele>
      </trkpt>
      <trkpt lat="34.336261" lon="107.308809">
        <ele>585.25</ele>
      </trkpt>
      <trkpt lat="34.336239" lon="107.304828">
        <ele>586.5</ele>
      </trkpt>
      <trkpt lat="34.335981" lon="107.29983">
        <ele>597.5</ele>
      </trkpt>
      <trkpt lat="34.335856" lon="107.298141">
        <ele>597.5</ele>
      </trkpt>
      <trkpt lat="34.335063" lon="107.288852">
        <ele>597.5</ele>
      </trkpt>
      <trkpt lat="34.334556" lon="107.284046">
        <ele>597.5</ele>
      </trkpt>
      <trkpt lat="34.334181" lon="107.278928">
        <ele>597.5</ele>
      </trkpt>
      <trkpt lat="34.334026" lon="107.275356">
        <ele>597.5</ele>
      </trkpt>
      <trkpt lat="34.334105" lon="107.266116">
        <ele>597.5</ele>
      </trkpt>
      <trkpt lat="34.334164" lon="107.264835">
        <ele>597.5</ele>
      </trkpt>
      <trkpt lat="34.334423" lon="107.25171">
        <ele>597.5</ele>
      </trkpt>
      <trkpt lat="34.334458" lon="107.248982">
        <ele>597.5</ele>
      </trkpt>
      <trkpt lat="34.334503" lon="107.243967">
        <ele>592.0</ele>
      </trkpt>
      <trkpt lat="34.33451" lon="107.2436">
        <ele>592.5</ele>
      </trkpt>
      <trkpt lat="34.334587" lon="107.240055">
        <ele>597.5</ele>
      </trkpt>
      <trkpt lat="34.334636" lon="107.23891">
        <ele>609.0</ele>
      </trkpt>
      <trkpt lat="34.334677" lon="107.23746">
        <ele>611.5</ele>
      </trkpt>
      <trkpt lat="34.334704" lon="107.235139">
        <ele>605.5</ele>
      </trkpt>
      <trkpt lat="34.334715" lon="107.234416">
        <ele>606.75</ele>
      </trkpt>
      <trkpt lat="34.334765" lon="107.232873">
        <ele>604.0</ele>
      </trkpt>
      <trkpt lat="34.334758" lon="107.230251">
        <ele>594.5</ele>
      </trkpt>
      <trkpt lat="34.334843" lon="107.227808">
        <ele>590.25</ele>
      </trkpt>
      <trkpt lat="34.334847" lon="107.227708">
        <ele>590.25</ele>
      </trkpt>
      <trkpt lat="34.334894" lon="107.225236">
        <ele>590.5</ele>
      </trkpt>
      <trkpt lat="34.335023" lon="107.218427">
        <ele>596.0</ele>
      </trkpt>
      <trkpt lat="34.335048" lon="107.217123">
        <ele>597.75</ele>
      </trkpt>
      <trkpt lat="34.335191" lon="107.209557">
        <ele>599.25</ele>
      </trkpt>
      <trkpt lat="34.335339" lon="107.201849">
        <ele>606.75</ele>
      </trkpt>
      <trkpt lat="34.335462" lon="107.195419">
        <ele>605.75</ele>
      </trkpt>
      <trkpt lat="34.335467" lon="107.194923">
        <ele>607.5</ele>
      </trkpt>
      <trkpt lat="34.335472" lon="107.194489">
        <ele>609.0</ele>
      </trkpt>
      <trkpt lat="34.335402" lon="107.191793">
        <ele>629.75</ele>
      </trkpt>
      <trkpt lat="34.335243" lon="107.188808">
        <ele>629.75</ele>
      </trkpt>
      <trkpt lat="34.334947" lon="107.184906">
        <ele>629.75</ele>
      </trkpt>
      <trkpt lat="34.334408" lon="107.17998">
        <ele>629.75</ele>
      </trkpt>
      <trkpt lat="34.33169" lon="107.158216">
        <ele>629.75</ele>
      </trkpt>
      <trkpt lat="34.331457" lon="107.155011">
        <ele>629.75</ele>
      </trkpt>
      <trkpt lat="34.331347" lon="107.152193">
        <ele>629.75</ele>
      </trkpt>
      <trkpt lat="34.331355" lon="107.149701">
        <ele>629.75</ele>
      </trkpt>
      <trkpt lat="34.331469" lon="107.147616">
        <ele>629.75</ele>
      </trkpt>
      <trkpt lat="34.331643" lon="107.14527">
        <ele>642.0</ele>
      </trkpt>
      <trkpt lat="34.331855" lon="107.143061">
        <ele>669.75</ele>
      </trkpt>
      <trkpt lat="34.332103" lon="107.140682">
        <ele>669.75</ele>
      </trkpt>
      <trkpt lat="34.332425" lon="107.137757">
        <ele>661.75</ele>
      </trkpt>
      <trkpt lat="34.332652" lon="107.136259">
        <ele>699.0</ele>
      </trkpt>
      <trkpt lat="34.333107" lon="107.133854">
        <ele>699.0</ele>
      </trkpt>
      <trkpt lat="34.333354" lon="107.132279">
        <ele>666.25</ele>
      </trkpt>
      <trkpt lat="34.333672" lon="107.130731">
        <ele>677.25</ele>
      </trkpt>
      <trkpt lat="34.334488" lon="107.127445">
        <ele>677.25</ele>
      </trkpt>
      <trkpt lat="34.33699" lon="107.117959">
        <ele>658.0</ele>
      </trkpt>
      <trkpt lat="34.339116" lon="107.110088">
        <ele>658.0</ele>
      </trkpt>
      <trkpt lat="34.339611" lon="107.10813">
        <ele>658.0</ele>
      </trkpt>
      <trkpt lat="34.340106" lon="107.10599">
        <ele>658.0</ele>
      </trkpt>
      <trkpt lat="34.340716" lon="107.103103">
        <ele>658.0</ele>
      </trkpt>
      <trkpt lat="34.34137" lon="107.100174">
        <ele>658.75</ele>
      </trkpt>
      <trkpt lat="34.341987" lon="107.096878">
        <ele>658.75</ele>
      </trkpt>
      <trkpt lat="34.342458" lon="107.093796">
        <ele>658.75</ele>
      </trkpt>
      <trkpt lat="34.34284" lon="107.090907">
        <ele>658.75</ele>
      </trkpt>
      <trkpt lat="34.34324" lon="107.087653">
        <ele>658.75</ele>
      </trkpt>
      <trkpt lat="34.343509" lon="107.08513">
        <ele>658.75</ele>
      </trkpt>
      <trkpt lat="34.343742" lon="107.082241">
        <ele>658.75</ele>
      </trkpt>
      <trkpt lat="34.343825" lon="107.080083">
        <ele>658.75</ele>
      </trkpt>
      <trkpt lat="34.343873" lon="107.078117">
        <ele>658.75</ele>
      </trkpt>
      <trkpt lat="34.343901" lon="107.075432">
        <ele>681.75</ele>
      </trkpt>
      <trkpt lat="34.343915" lon="107.073163">
        <ele>728.5</ele>
      </trkpt>
      <trkpt lat="34.34456" lon="107.019918">
        <ele>754.5</ele>
      </trkpt>
      <trkpt lat="34.344578" lon="107.018685">
        <ele>806.75</ele>
      </trkpt>
      <trkpt lat="34.34543" lon="106.954706">
        <ele>795.25</ele>
      </trkpt>
      <trkpt lat="34.345466" lon="106.951477">
        <ele>824.5</ele>
      </trkpt>
      <trkpt lat="34.345622" lon="106.943467">
        <ele>824.5</ele>
      </trkpt>
      <trkpt lat="34.3465" lon="106.909914">
        <ele>824.5</ele>
      </trkpt>
      <trkpt lat="34.348002" lon="106.875961">
        <ele>824.5</ele>
      </trkpt>
      <trkpt lat="34.348359" lon="106.869145">
        <ele>873.5</ele>
      </trkpt>
      <trkpt lat="34.348634" lon="106.864006">
        <ele>913.75</ele>
      </trkpt>
      <trkpt lat="34.348865" lon="106.859374">
        <ele>913.75</ele>
      </trkpt>
      <trkpt lat="34.350122" lon="106.837835">
        <ele>913.75</ele>
      </trkpt>
      <trkpt lat="34.351699" lon="106.813206">
        <ele>913.75</ele>
      </trkpt>
      <trkpt lat="34.352327" lon="106.804711">
        <ele>913.75</ele>
      </trkpt>
      <trkpt lat="34.352686" lon="106.800195">
        <ele>913.75</ele>
      </trkpt>
      <trkpt lat="34.353125" lon="106.795872">
        <ele>849.0</ele>
      </trkpt>
      <trkpt lat="34.353306" lon="106.793914">
        <ele>906.5</ele>
      </trkpt>
      <trkpt lat="34.357308" lon="106.754002">
        <ele>808.5</ele>
      </trkpt>
      <trkpt lat="34.357449" lon="106.75263">
        <ele>831.25</ele>
      </trkpt>
      <trkpt lat="34.35902" lon="106.738269">
        <ele>810.25</ele>
      </trkpt>
      <trkpt lat="34.359067" lon="106.73784">
        <ele>831.25</ele>
      </trkpt>
      <trkpt lat="34.359616" lon="106.732771">
        <ele>785.0</ele>
      </trkpt>
      <trkpt lat="34.359654" lon="106.732404">
        <ele>803.0</ele>
      </trkpt>
      <trkpt lat="34.363149" lon="106.703051">
        <ele>803.0</ele>
      </trkpt>
      <trkpt lat="34.363854" lon="106.698131">
        <ele>803.0</ele>
      </trkpt>
      <trkpt lat="34.364731" lon="106.693654">
        <ele>803.0</ele>
      </trkpt>
      <trkpt lat="34.365696" lon="106.689777">
        <ele>803.0</ele>
      </trkpt>
      <trkpt lat="34.366945" lon="106.685557">
        <ele>803.0</ele>
      </trkpt>
      <trkpt lat="34.368336" lon="106.681423">
        <ele>803.0</ele>
      </trkpt>
      <trkpt lat="34.369824" lon="106.677279">
        <ele>803.0</ele>
      </trkpt>
      <trkpt lat="34.371622" lon="106.672693">
        <ele>803.0</ele>
      </trkpt>
      <trkpt lat="34.373526" lon="106.668131">
        <ele>803.0</ele>
      </trkpt>
      <trkpt lat="34.374748" lon="106.665532">
        <ele>830.0</ele>
      </trkpt>
      <trkpt lat="34.375804" lon="106.663356">
        <ele>830.0</ele>
      </trkpt>
      <trkpt lat="34.376559" lon="106.661782">
        <ele>817.0</ele>
      </trkpt>
      <trkpt lat="34.378539" lon="106.657919">
        <ele>817.0</ele>
      </trkpt>
      <trkpt lat="34.391441" lon="106.63432">
        <ele>844.5</ele>
      </trkpt>
      <trkpt lat="34.392449" lon="106.632518">
        <ele>859.0</ele>
      </trkpt>
      <trkpt lat="34.396083" lon="106.626054">
        <ele>859.0</ele>
      </trkpt>
      <trkpt lat="34.398663" lon="106.620993">
        <ele>859.0</ele>
      </trkpt>
      <trkpt lat="34.401173" lon="106.615717">
        <ele>859.0</ele>
      </trkpt>
      <trkpt lat="34.403332" lon="106.611545">
        <ele>859.0</ele>
      </trkpt>
      <trkpt lat="34.404908" lon="106.608917">
        <ele>859.0</ele>
      </trkpt>
      <trkpt lat="34.406199" lon="106.606965">
        <ele>859.0</ele>
      </trkpt>
      <trkpt lat="34.407429" lon="106.605265">
        <ele>859.0</ele>
      </trkpt>
      <trkpt lat="34.408691" lon="106.603677">
        <ele>940.0</ele>
      </trkpt>
      <trkpt lat="34.409077" lon="106.603205">
        <ele>945.75</ele>
      </trkpt>
      <trkpt lat="34.411398" lon="106.600475">
        <ele>945.75</ele>
      </trkpt>
      <trkpt lat="34.41623" lon="106.594912">
        <ele>945.75</ele>
      </trkpt>
      <trkpt lat="34.421164" lon="106.589123">
        <ele>945.75</ele>
      </trkpt>
      <trkpt lat="34.423604" lon="106.585992">
        <ele>945.75</ele>
      </trkpt>
      <trkpt lat="34.42569" lon="106.582989">
        <ele>945.75</ele>
      </trkpt>
      <trkpt lat="34.42697" lon="106.581043">
        <ele>945.75</ele>
      </trkpt>
      <trkpt lat="34.428768" lon="106.577902">
        <ele>945.75</ele>
      </trkpt>
      <trkpt lat="34.430425" lon="106.574546">
        <ele>945.75</ele>
      </trkpt>
      <trkpt lat="34.431527" lon="106.572047">
        <ele>945.75</ele>
      </trkpt>
      <trkpt lat="34.432558" lon="106.569418">
        <ele>945.75</ele>
      </trkpt>
      <trkpt lat="34.433948" lon="106.565407">
        <ele>945.75</ele>
      </trkpt>
      <trkpt lat="34.440541" lon="106.544432">
        <ele>1059.5</ele>
      </trkpt>
      <trkpt lat="34.440688" lon="106.543959">
        <ele>1079.0</ele>
      </trkpt>
      <trkpt lat="34.441459" lon="106.541684">
        <ele>1028.0</ele>
      </trkpt>
      <trkpt lat="34.441568" lon="106.541236">
        <ele>1028.0</ele>
      </trkpt>
      <trkpt lat="34.442078" lon="106.539384">
        <ele>1028.0</ele>
      </trkpt>
      <trkpt lat="34.443316" lon="106.534882">
        <ele>1028.0</ele>
      </trkpt>
      <trkpt lat="34.444365" lon="106.53107">
      </trkpt>
      <trkpt lat="34.444491" lon="106.530612">
        <ele>1027.5</ele>
      </trkpt>
      <trkpt lat="34.445957" lon="106.52505">
        <ele>1027.5</ele>
      </trkpt>
      <trkpt lat="34.446913" lon="106.520919">
        <ele>1027.5</ele>
      </trkpt>
      <trkpt lat="34.447542" lon="106.517654">
        <ele>1027.5</ele>
      </trkpt>
      <trkpt lat="34.448313" lon="106.512612">
        <ele>1027.5</ele>
      </trkpt>
      <trkpt lat="34.448632" lon="106.509699">
        <ele>1027.5</ele>
      </trkpt>
      <trkpt lat="34.449199" lon="106.504173">
        <ele>1027.5</ele>
      </trkpt>
      <trkpt lat="34.449597" lon="106.498797">
        <ele>1027.5</ele>
      </trkpt>
      <trkpt lat="34.449817" lon="106.493593">
        <ele>1027.5</ele>
      </trkpt>
      <trkpt lat="34.449865" lon="106.487731">
        <ele>1027.5</ele>
      </trkpt>
      <trkpt lat="34.449793" lon="106.482092">
        <ele>1027.5</ele>
      </trkpt>
      <trkpt lat="34.448801" lon="106.432535">
        <ele>1027.5</ele>
      </trkpt>
      <trkpt lat="34.448967" lon="106.415474">
        <ele>1027.5</ele>
      </trkpt>
      <trkpt lat="34.449478" lon="106.398399">
        <ele>1027.5</ele>
      </trkpt>
      <trkpt lat="34.449621" lon="106.395012">
        <ele>1027.5</ele>
      </trkpt>
      <trkpt lat="34.44986" lon="106.391291">
        <ele>1027.5</ele>
      </trkpt>
      <trkpt lat="34.450217" lon="106.386507">
        <ele>1027.5</ele>
      </trkpt>
      <trkpt lat="34.450501" lon="106.383314">
        <ele>1027.5</ele>
      </trkpt>
      <trkpt lat="34.450878" lon="106.379989">
        <ele>1027.5</ele>
      </trkpt>
      <trkpt lat="34.452066" lon="106.371077">
        <ele>1355.5</ele>
      </trkpt>
      <trkpt lat="34.452188" lon="106.36991">
        <ele>1382.5</ele>
      </trkpt>
      <trkpt lat="34.452573" lon="106.367296">
        <ele>1382.5</ele>
      </trkpt>
      <trkpt lat="34.452982" lon="106.364818">
        <ele>1382.5</ele>
      </trkpt>
      <trkpt lat="34.453409" lon="106.362492">
        <ele>1382.5</ele>
      </trkpt>
      <trkpt lat="34.453973" lon="106.359544">
        <ele>1382.5</ele>
      </trkpt>
      <trkpt lat="34.45497" lon="106.354737">
        <ele>1382.5</ele>
      </trkpt>
      <trkpt lat="34.456038" lon="106.349899">
        <ele>1382.5</ele>
      </trkpt>
      <trkpt lat="34.457156" lon="106.345218">
        <ele>1382.5</ele>
      </trkpt>
      <trkpt lat="34.459066" lon="106.337801">
        <ele>1382.5</ele>
      </trkpt>
      <trkpt lat="34.473431" lon="106.284304">
        <ele>1235.0</ele>
      </trkpt>
      <trkpt lat="34.473663" lon="106.28347">
        <ele>1273.25</ele>
      </trkpt>
      <trkpt lat="34.498292" lon="106.189697">
        <ele>1273.25</ele>
      </trkpt>
      <trkpt lat="34.500568" lon="106.181659">
        <ele>1273.25</ele>
      </trkpt>
      <trkpt lat="34.502979" lon="106.173412">
        <ele>1273.25</ele>
      </trkpt>
      <trkpt lat="34.507967" lon="106.157453">
        <ele>1273.25</ele>
      </trkpt>
      <trkpt lat="34.509901" lon="106.15166">
        <ele>1273.25</ele>
      </trkpt>
      <trkpt lat="34.512046" lon="106.145867">
        <ele>1273.25</ele>
      </trkpt>
      <trkpt lat="34.514175" lon="106.139985">
        <ele>1067.5</ele>
      </trkpt>
      <trkpt lat="34.515308" lon="106.137397">
        <ele>1024.5</ele>
      </trkpt>
      <trkpt lat="34.520565" lon="106.124008">
        <ele>1066.25</ele>
      </trkpt>
      <trkpt lat="34.522627" lon="106.118753">
        <ele>1066.25</ele>
      </trkpt>
      <trkpt lat="34.524671" lon="106.113305">
        <ele>1066.25</ele>
      </trkpt>
      <trkpt lat="34.527493" lon="106.105497">
        <ele>1066.25</ele>
      </trkpt>
      <trkpt lat="34.530228" lon="106.097347">
        <ele>1066.25</ele>
      </trkpt>
      <trkpt lat="34.531892" lon="106.091856">
        <ele>1066.25</ele>
      </trkpt>
      <trkpt lat="34.533786" lon="106.08599">
        <ele>1066.25</ele>
      </trkpt>
      <trkpt lat="34.534884" lon="106.08146">
        <ele>1074.0</ele>
      </trkpt>
      <trkpt lat="34.538927" lon="106.063146">
        <ele>1087.75</ele>
      </trkpt>
      <trkpt lat="34.539429" lon="106.061">
        <ele>1052.75</ele>
      </trkpt>
      <trkpt lat="34.540298" lon="106.057162">
        <ele>1052.75</ele>
      </trkpt>
      <trkpt lat="34.541134" lon="106.053675">
        <ele>1052.75</ele>
      </trkpt>
      <trkpt lat="34.54196" lon="106.050398">
        <ele>1074.75</ele>
      </trkpt>
      <trkpt lat="34.54285" lon="106.047754">
        <ele>1074.75</ele>
      </trkpt>
      <trkpt lat="34.543749" lon="106.044724">
        <ele>1074.75</ele>
      </trkpt>
      <trkpt lat="34.544674" lon="106.041812">
        <ele>1074.75</ele>
      </trkpt>
      <trkpt lat="34.5456" lon="106.038453">
        <ele>1074.75</ele>
      </trkpt>
      <trkpt lat="34.546756" lon="106.034621">
        <ele>1074.75</ele>
      </trkpt>
      <trkpt lat="34.547613" lon="106.031648">
        <ele>1074.75</ele>
      </trkpt>
      <trkpt lat="34.548187" lon="106.029384">
        <ele>1074.75</ele>
      </trkpt>
      <trkpt lat="34.549768" lon="106.021756">
        <ele>1074.75</ele>
      </trkpt>
      <trkpt lat="34.550466" lon="106.01784">
        <ele>1074.75</ele>
      </trkpt>
      <trkpt lat="34.551518" lon="106.012293">
        <ele>1074.75</ele>
      </trkpt>
      <trkpt lat="34.55194" lon="106.008536">
        <ele>1074.75</ele>
      </trkpt>
      <trkpt lat="34.551968" lon="106.006466">
        <ele>1096.75</ele>
      </trkpt>
      <trkpt lat="34.551944" lon="106.005069">
        <ele>1096.75</ele>
      </trkpt>
      <trkpt lat="34.552007" lon="105.999857">
        <ele>1096.75</ele>
      </trkpt>
      <trkpt lat="34.552016" lon="105.996269">
        <ele>1096.75</ele>
      </trkpt>
      <trkpt lat="34.551904" lon="105.994027">
        <ele>1096.75</ele>
      </trkpt>
      <trkpt lat="34.551395" lon="105.988595">
        <ele>1096.75</ele>
      </trkpt>
      <trkpt lat="34.542213" lon="105.914114">
        <ele>1096.75</ele>
      </trkpt>
      <trkpt lat="34.542016" lon="105.912603">
        <ele>1096.75</ele>
      </trkpt>
      <trkpt lat="34.541716" lon="105.909867">
        <ele>1096.75</ele>
      </trkpt>
      <trkpt lat="34.54146" lon="105.906399">
        <ele>1096.75</ele>
      </trkpt>
      <trkpt lat="34.541337" lon="105.903636">
        <ele>1096.75</ele>
      </trkpt>
      <trkpt lat="34.541258" lon="105.900901">
        <ele>1096.75</ele>
      </trkpt>
      <trkpt lat="34.541224" lon="105.895994">
        <ele>1096.75</ele>
      </trkpt>
      <trkpt lat="34.541507" lon="105.891254">
        <ele>1096.75</ele>
      </trkpt>
      <trkpt lat="34.541705" lon="105.889159">
        <ele>1096.75</ele>
      </trkpt>
      <trkpt lat="34.541919" lon="105.887354">
        <ele>1096.75</ele>
      </trkpt>
      <trkpt lat="34.542168" lon="105.885527">
        <ele>1096.75</ele>
      </trkpt>
      <trkpt lat="34.542622" lon="105.882655">
        <ele>1153.0</ele>
      </trkpt>
      <trkpt lat="34.542788" lon="105.881716">
        <ele>1157.75</ele>
      </trkpt>
      <trkpt lat="34.543216" lon="105.879376">
        <ele>1139.75</ele>
      </trkpt>
      <trkpt lat="34.543488" lon="105.878096">
        <ele>1139.75</ele>
      </trkpt>
      <trkpt lat="34.543961" lon="105.876055">
        <ele>1139.75</ele>
      </trkpt>
      <trkpt lat="34.544664" lon="105.873232">
        <ele>1139.75</ele>
      </trkpt>
      <trkpt lat="34.545111" lon="105.871486">
        <ele>1153.25</ele>
      </trkpt>
      <trkpt lat="34.545515" lon="105.869933">
        <ele>1154.25</ele>
      </trkpt>
      <trkpt lat="34.545977" lon="105.86838">
        <ele>1145.75</ele>
      </trkpt>
      <trkpt lat="34.546824" lon="105.865332">
        <ele>1145.75</ele>
      </trkpt>
      <trkpt lat="34.547181" lon="105.863954">
        <ele>1145.75</ele>
      </trkpt>
      <trkpt lat="34.547862" lon="105.861248">
        <ele>1145.75</ele>
      </trkpt>
      <trkpt lat="34.548068" lon="105.860506">
        <ele>1148.25</ele>
      </trkpt>
      <trkpt lat="34.548733" lon="105.858102">
        <ele>1143.75</ele>
      </trkpt>
      <trkpt lat="34.548962" lon="105.857279">
        <ele>1144.75</ele>
      </trkpt>
      <trkpt lat="34.549293" lon="105.855987">
        <ele>1148.5</ele>
      </trkpt>
      <trkpt lat="34.549709" lon="105.854406">
        <ele>1149.25</ele>
      </trkpt>
      <trkpt lat="34.550325" lon="105.852116">
        <ele>1146.25</ele>
      </trkpt>
      <trkpt lat="34.550975" lon="105.849704">
        <ele>1143.5</ele>
      </trkpt>
      <trkpt lat="34.551226" lon="105.848921">
        <ele>1131.25</ele>
      </trkpt>
      <trkpt lat="34.551915" lon="105.846416">
        <ele>1131.25</ele>
      </trkpt>
      <trkpt lat="34.552065" lon="105.845781">
        <ele>1142.75</ele>
      </trkpt>
      <trkpt lat="34.552375" lon="105.844435">
        <ele>1160.0</ele>
      </trkpt>
      <trkpt lat="34.55272" lon="105.843228">
        <ele>1162.0</ele>
      </trkpt>
      <trkpt lat="34.553006" lon="105.842211">
        <ele>1156.75</ele>
      </trkpt>
      <trkpt lat="34.553057" lon="105.842036">
        <ele>1156.0</ele>
      </trkpt>
      <trkpt lat="34.554347" lon="105.837323">
        <ele>1153.25</ele>
      </trkpt>
      <trkpt lat="34.557319" lon="105.827375">
        <ele>1153.25</ele>
      </trkpt>
      <trkpt lat="34.558642" lon="105.823062">
        <ele>1153.25</ele>
      </trkpt>
      <trkpt lat="34.559498" lon="105.820491">
        <ele>1153.25</ele>
      </trkpt>
      <trkpt lat="34.560426" lon="105.817877">
        <ele>1153.25</ele>
      </trkpt>
      <trkpt lat="34.561388" lon="105.815391">
        <ele>1153.25</ele>
      </trkpt>
      <trkpt lat="34.562422" lon="105.812991">
        <ele>1153.25</ele>
      </trkpt>
      <trkpt lat="34.564113" lon="105.809362">
        <ele>1153.25</ele>
      </trkpt>
      <trkpt lat="34.565777" lon="105.806077">
        <ele>1153.25</ele>
      </trkpt>
      <trkpt lat="34.567215" lon="105.803004">
        <ele>1153.25</ele>
      </trkpt>
      <trkpt lat="34.570457" lon="105.798412">
        <ele>1153.25</ele>
      </trkpt>
      <trkpt lat="34.573775" lon="105.794147">
        <ele>1153.25</ele>
      </trkpt>
      <trkpt lat="34.576313" lon="105.790772">
        <ele>1153.25</ele>
      </trkpt>
      <trkpt lat="34.577516" lon="105.789202">
        <ele>1153.25</ele>
      </trkpt>
      <trkpt lat="34.57953" lon="105.786958">
        <ele>1153.25</ele>
      </trkpt>
      <trkpt lat="34.582701" lon="105.784238">
        <ele>1153.25</ele>
      </trkpt>
      <trkpt lat="34.586957" lon="105.781347">
        <ele>1153.25</ele>
      </trkpt>
      <trkpt lat="34.589726" lon="105.779486">
        <ele>1153.25</ele>
      </trkpt>
      <trkpt lat="34.59352" lon="105.777024">
        <ele>1153.25</ele>
      </trkpt>
      <trkpt lat="34.615285" lon="105.764362">
        <ele>1148.75</ele>
      </trkpt>
      <trkpt lat="34.617325" lon="105.763103">
        <ele>1148.75</ele>
      </trkpt>
      <trkpt lat="34.620434" lon="105.760844">
        <ele>1148.75</ele>
      </trkpt>
      <trkpt lat="34.621644" lon="105.759886">
        <ele>1148.75</ele>
      </trkpt>
      <trkpt lat="34.624264" lon="105.757788">
        <ele>1148.75</ele>
      </trkpt>
      <trkpt lat="34.625369" lon="105.756851">
        <ele>1148.75</ele>
      </trkpt>
      <trkpt lat="34.626632" lon="105.755743">
        <ele>1148.75</ele>
      </trkpt>
      <trkpt lat="34.627436" lon="105.754978">
        <ele>1148.75</ele>
      </trkpt>
      <trkpt lat="34.628258" lon="105.754148">
        <ele>1148.75</ele>
      </trkpt>
      <trkpt lat="34.629966" lon="105.752396">
        <ele>1148.75</ele>
      </trkpt>
      <trkpt lat="34.631708" lon="105.750431">
        <ele>1161.0</ele>
      </trkpt>
      <trkpt lat="34.633013" lon="105.748876">
        <ele>1182.5</ele>
      </trkpt>
      <trkpt lat="34.635061" lon="105.746294">
        <ele>1143.75</ele>
      </trkpt>
      <trkpt lat="34.639492" lon="105.740621">
        <ele>1143.75</ele>
      </trkpt>
      <trkpt lat="34.641289" lon="105.738494">
        <ele>1143.75</ele>
      </trkpt>
      <trkpt lat="34.643086" lon="105.736453">
        <ele>1143.75</ele>
      </trkpt>
      <trkpt lat="34.644666" lon="105.734689">
        <ele>1133.5</ele>
      </trkpt>
      <trkpt lat="34.653089" lon="105.725783">
        <ele>1132.5</ele>
      </trkpt>
      <trkpt lat="34.655733" lon="105.722986">
        <ele>1137.0</ele>
      </trkpt>
      <trkpt lat="34.655842" lon="105.722872">
        <ele>1137.5</ele>
      </trkpt>
      <trkpt lat="34.657888" lon="105.720708">
        <ele>1139.5</ele>
      </trkpt>
      <trkpt lat="34.68152" lon="105.695714">
        <ele>1139.5</ele>
      </trkpt>
      <trkpt lat="34.684745" lon="105.692316">
        <ele>1139.5</ele>
      </trkpt>
      <trkpt lat="34.688032" lon="105.689003">
        <ele>1139.5</ele>
      </trkpt>
      <trkpt lat="34.689865" lon="105.687248">
        <ele>1139.5</ele>
      </trkpt>
      <trkpt lat="34.690922" lon="105.686318">
        <ele>1139.5</ele>
      </trkpt>
      <trkpt lat="34.693572" lon="105.684115">
        <ele>1139.5</ele>
      </trkpt>
      <trkpt lat="34.695017" lon="105.683007">
        <ele>1139.5</ele>
      </trkpt>
      <trkpt lat="34.696488" lon="105.681942">
        <ele>1139.5</ele>
      </trkpt>
      <trkpt lat="34.697794" lon="105.681041">
        <ele>1139.5</ele>
      </trkpt>
      <trkpt lat="34.699449" lon="105.679947">
        <ele>1139.5</ele>
      </trkpt>
      <trkpt lat="34.701121" lon="105.678917">
        <ele>1139.5</ele>
      </trkpt>
      <trkpt lat="34.70321" lon="105.677724">
        <ele>1139.5</ele>
      </trkpt>
      <trkpt lat="34.70567" lon="105.676446">
        <ele>1139.5</ele>
      </trkpt>
      <trkpt lat="34.70798" lon="105.675339">
        <ele>1139.5</ele>
      </trkpt>
      <trkpt lat="34.710448" lon="105.674317">
        <ele>1139.5</ele>
      </trkpt>
      <trkpt lat="34.713609" lon="105.673173">
        <ele>1139.5</ele>
      </trkpt>
      <trkpt lat="34.715304" lon="105.672633">
        <ele>1139.5</ele>
      </trkpt>
      <trkpt lat="34.716735" lon="105.6722">
        <ele>1139.5</ele>
      </trkpt>
      <trkpt lat="34.719154" lon="105.671572">
        <ele>1139.5</ele>
      </trkpt>
      <trkpt lat="34.721169" lon="105.671126">
        <ele>1139.5</ele>
      </trkpt>
      <trkpt lat="34.722678" lon="105.670829">
        <ele>1173.5</ele>
      </trkpt>
      <trkpt lat="34.727854" lon="105.670001">
        <ele>1173.5</ele>
      </trkpt>
      <trkpt lat="34.787426" lon="105.662957">
        <ele>1173.5</ele>
      </trkpt>
      <trkpt lat="34.789465" lon="105.662629">
        <ele>1173.5</ele>
      </trkpt>
      <trkpt lat="34.791956" lon="105.662126">
        <ele>1173.5</ele>
      </trkpt>
      <trkpt lat="34.795063" lon="105.661202">
        <ele>1215.25</ele>
      </trkpt>
      <trkpt lat="34.795931" lon="105.660929">
        <ele>1214.5</ele>
      </trkpt>
      <trkpt lat="34.796813" lon="105.66059">
        <ele>1211.75</ele>
      </trkpt>
      <trkpt lat="34.798994" lon="105.659709">
        <ele>1205.5</ele>
      </trkpt>
      <trkpt lat="34.803837" lon="105.657745">
        <ele>1205.5</ele>
      </trkpt>
      <trkpt lat="34.806484" lon="105.656849">
        <ele>1205.5</ele>
      </trkpt>
      <trkpt lat="34.810775" lon="105.655519">
        <ele>1205.5</ele>
      </trkpt>
      <trkpt lat="34.813027" lon="105.654907">
        <ele>1205.5</ele>
      </trkpt>
      <trkpt lat="34.815279" lon="105.654319">
        <ele>1205.5</ele>
      </trkpt>
      <trkpt lat="34.816722" lon="105.654018">
        <ele>1205.5</ele>
      </trkpt>
      <trkpt lat="34.817391" lon="105.653913">
        <ele>1205.5</ele>
      </trkpt>
      <trkpt lat="34.818867" lon="105.653702">
        <ele>1205.5</ele>
      </trkpt>
      <trkpt lat="34.821789" lon="105.653329">
        <ele>1205.5</ele>
      </trkpt>
      <trkpt lat="34.824133" lon="105.653146">
        <ele>1205.5</ele>
      </trkpt>
      <trkpt lat="34.827781" lon="105.652957">
        <ele>1205.5</ele>
      </trkpt>
      <trkpt lat="34.82952" lon="105.652982">
        <ele>1205.5</ele>
      </trkpt>
      <trkpt lat="34.83258" lon="105.653083">
        <ele>1205.5</ele>
      </trkpt>
      <trkpt lat="34.838416" lon="105.653698">
        <ele>1205.5</ele>
      </trkpt>
      <trkpt lat="34.841205" lon="105.654066">
        <ele>1207.25</ele>
      </trkpt>
      <trkpt lat="34.843515" lon="105.654269">
        <ele>1208.0</ele>
      </trkpt>
      <trkpt lat="34.846358" lon="105.654612">
        <ele>1211.0</ele>
      </trkpt>
      <trkpt lat="34.847165" lon="105.654704">
        <ele>1211.25</ele>
      </trkpt>
      <trkpt lat="34.849391" lon="105.65496">
        <ele>1212.25</ele>
      </trkpt>
      <trkpt lat="34.851266" lon="105.655204">
        <ele>1214.75</ele>
      </trkpt>
      <trkpt lat="34.852245" lon="105.655332">
        <ele>1217.0</ele>
      </trkpt>
      <trkpt lat="34.852657" lon="105.655375">
        <ele>1217.5</ele>
      </trkpt>
      <trkpt lat="34.856306" lon="105.655782">
        <ele>1215.0</ele>
      </trkpt>
      <trkpt lat="34.856551" lon="105.65581">
        <ele>1214.75</ele>
      </trkpt>
      <trkpt lat="34.85861" lon="105.656046">
        <ele>1214.0</ele>
      </trkpt>
      <trkpt lat="34.864167" lon="105.656603">
        <ele>1214.0</ele>
      </trkpt>
      <trkpt lat="34.866623" lon="105.656783">
        <ele>1214.0</ele>
      </trkpt>
      <trkpt lat="34.868462" lon="105.656845">
        <ele>1214.0</ele>
      </trkpt>
      <trkpt lat="34.871665" lon="105.656887">
        <ele>1214.0</ele>
      </trkpt>
      <trkpt lat="34.874843" lon="105.656676">
        <ele>1214.0</ele>
      </trkpt>
      <trkpt lat="34.878259" lon="105.656389">
        <ele>1214.0</ele>
      </trkpt>
      <trkpt lat="34.880098" lon="105.656112">
        <ele>1214.0</ele>
      </trkpt>
      <trkpt lat="34.884866" lon="105.655268">
        <ele>1234.0</ele>
      </trkpt>
      <trkpt lat="34.888238" lon="105.654333">
        <ele>1243.25</ele>
      </trkpt>
      <trkpt lat="34.891259" lon="105.653553">
        <ele>1243.25</ele>
      </trkpt>
      <trkpt lat="34.893931" lon="105.652693">
        <ele>1243.25</ele>
      </trkpt>
      <trkpt lat="34.896462" lon="105.651768">
        <ele>1243.25</ele>
      </trkpt>
      <trkpt lat="34.898889" lon="105.650714">
        <ele>1243.25</ele>
      </trkpt>
      <trkpt lat="34.901447" lon="105.649575">
        <ele>1243.25</ele>
      </trkpt>
      <trkpt lat="34.90397" lon="105.64835">
        <ele>1243.25</ele>
      </trkpt>
      <trkpt lat="34.90651" lon="105.646953">
        <ele>1243.25</ele>
      </trkpt>
      <trkpt lat="34.909015" lon="105.645342">
        <ele>1243.25</ele>
      </trkpt>
      <trkpt lat="34.91145" lon="105.643672">
        <ele>1243.25</ele>
      </trkpt>
      <trkpt lat="34.913884" lon="105.641831">
        <ele>1243.25</ele>
      </trkpt>
      <trkpt lat="34.916256" lon="105.639701">
        <ele>1243.25</ele>
      </trkpt>
      <trkpt lat="34.918471" lon="105.637484">
        <ele>1243.25</ele>
      </trkpt>
      <trkpt lat="34.920466" lon="105.635278">
        <ele>1243.25</ele>
      </trkpt>
      <trkpt lat="34.921481" lon="105.634116">
        <ele>1243.25</ele>
      </trkpt>
      <trkpt lat="34.922475" lon="105.632927">
        <ele>1243.25</ele>
      </trkpt>
      <trkpt lat="34.923625" lon="105.631475">
        <ele>1243.25</ele>
      </trkpt>
      <trkpt lat="34.926277" lon="105.628079">
        <ele>1300.5</ele>
      </trkpt>
      <trkpt lat="34.927026" lon="105.627082">
        <ele>1302.5</ele>
      </trkpt>
      <trkpt lat="34.92863" lon="105.624945">
        <ele>1304.25</ele>
      </trkpt>
      <trkpt lat="34.929634" lon="105.623607">
        <ele>1304.25</ele>
      </trkpt>
      <trkpt lat="34.930549" lon="105.62234">
        <ele>1304.25</ele>
      </trkpt>
      <trkpt lat="34.931447" lon="105.621073">
        <ele>1304.25</ele>
      </trkpt>
      <trkpt lat="34.93226" lon="105.619865">
        <ele>1304.25</ele>
      </trkpt>
      <trkpt lat="34.932666" lon="105.61923">
        <ele>1304.25</ele>
      </trkpt>
      <trkpt lat="34.933055" lon="105.618594">
        <ele>1304.25</ele>
      </trkpt>
      <trkpt lat="34.933696" lon="105.617531">
        <ele>1304.25</ele>
      </trkpt>
      <trkpt lat="34.934148" lon="105.616742">
        <ele>1304.25</ele>
      </trkpt>
      <trkpt lat="34.934573" lon="105.615974">
        <ele>1304.25</ele>
      </trkpt>
      <trkpt lat="34.936192" lon="105.612999">
        <ele>1304.25</ele>
      </trkpt>
      <trkpt lat="34.937009" lon="105.611469">
        <ele>1304.25</ele>
      </trkpt>
      <trkpt lat="34.937809" lon="105.609897">
        <ele>1304.25</ele>
      </trkpt>
      <trkpt lat="34.938614" lon="105.608174">
        <ele>1304.25</ele>
      </trkpt>
      <trkpt lat="34.941" lon="105.602846">
        <ele>1304.25</ele>
      </trkpt>
      <trkpt lat="34.94327" lon="105.597337">
        <ele>1304.25</ele>
      </trkpt>
      <trkpt lat="34.948248" lon="105.586108">
        <ele>1304.25</ele>
      </trkpt>
      <trkpt lat="34.949456" lon="105.58355">
        <ele>1304.25</ele>
      </trkpt>
      <trkpt lat="34.950655" lon="105.581163">
        <ele>1304.25</ele>
      </trkpt>
      <trkpt lat="34.952092" lon="105.578433">
        <ele>1304.25</ele>
      </trkpt>
      <trkpt lat="34.953374" lon="105.576022">
        <ele>1304.25</ele>
      </trkpt>
      <trkpt lat="34.954717" lon="105.573642">
        <ele>1304.25</ele>
      </trkpt>
      <trkpt lat="34.955542" lon="105.572252">
        <ele>1304.25</ele>
      </trkpt>
      <trkpt lat="34.956385" lon="105.570927">
        <ele>1304.25</ele>
      </trkpt>
      <trkpt lat="34.956942" lon="105.570111">
        <ele>1304.25</ele>
      </trkpt>
      <trkpt lat="34.957481" lon="105.569339">
        <ele>1304.25</ele>
      </trkpt>
      <trkpt lat="34.959687" lon="105.566269">
        <ele>1304.25</ele>
      </trkpt>
      <trkpt lat="34.960799" lon="105.564914">
        <ele>1343.5</ele>
      </trkpt>
      <trkpt lat="34.961936" lon="105.563528">
        <ele>1345.25</ele>
      </trkpt>
      <trkpt lat="34.962541" lon="105.562791">
        <ele>1343.25</ele>
      </trkpt>
      <trkpt lat="34.964744" lon="105.560257">
        <ele>1361.25</ele>
      </trkpt>
      <trkpt lat="34.965412" lon="105.559592">
        <ele>1358.75</ele>
      </trkpt>
      <trkpt lat="34.967322" lon="105.557691">
        <ele>1343.75</ele>
      </trkpt>
      <trkpt lat="34.968984" lon="105.556035">
        <ele>1331.25</ele>
      </trkpt>
      <trkpt lat="34.972785" lon="105.552227">
        <ele>1331.25</ele>
      </trkpt>
      <trkpt lat="34.974791" lon="105.550322">
        <ele>1331.25</ele>
      </trkpt>
      <trkpt lat="34.975832" lon="105.549333">
        <ele>1335.75</ele>
      </trkpt>
      <trkpt lat="34.976299" lon="105.548889">
        <ele>1335.75</ele>
      </trkpt>
      <trkpt lat="34.97651" lon="105.548689">
        <ele>1343.25</ele>
      </trkpt>
      <trkpt lat="35.002832" lon="105.522926">
        <ele>1343.25</ele>
      </trkpt>
      <trkpt lat="35.004919" lon="105.521132">
        <ele>1343.25</ele>
      </trkpt>
      <trkpt lat="35.007857" lon="105.518911">
        <ele>1343.25</ele>
      </trkpt>
      <trkpt lat="35.00966" lon="105.517693">
        <ele>1343.25</ele>
      </trkpt>
      <trkpt lat="35.013237" lon="105.515296">
        <ele>1466.0</ele>
      </trkpt>
      <trkpt lat="35.013652" lon="105.515003">
        <ele>1458.0</ele>
      </trkpt>
      <trkpt lat="35.023519" lon="105.508286">
        <ele>1458.0</ele>
      </trkpt>
      <trkpt lat="35.025335" lon="105.506948">
        <ele>1458.0</ele>
      </trkpt>
      <trkpt lat="35.027117" lon="105.505567">
        <ele>1458.0</ele>
      </trkpt>
      <trkpt lat="35.028758" lon="105.504251">
        <ele>1458.0</ele>
      </trkpt>
      <trkpt lat="35.030421" lon="105.502736">
        <ele>1458.0</ele>
      </trkpt>
      <trkpt lat="35.032086" lon="105.501005">
        <ele>1458.0</ele>
      </trkpt>
      <trkpt lat="35.033681" lon="105.499295">
        <ele>1458.0</ele>
      </trkpt>
      <trkpt lat="35.035275" lon="105.497457">
        <ele>1458.0</ele>
      </trkpt>
      <trkpt lat="35.110881" lon="105.402322">
        <ele>1641.5</ele>
      </trkpt>
      <trkpt lat="35.113626" lon="105.39877">
        <ele>1661.0</ele>
      </trkpt>
      <trkpt lat="35.115501" lon="105.39631">
        <ele>1661.0</ele>
      </trkpt>
      <trkpt lat="35.117483" lon="105.393956">
        <ele>1661.0</ele>
      </trkpt>
      <trkpt lat="35.119905" lon="105.391475">
        <ele>1661.0</ele>
      </trkpt>
      <trkpt lat="35.122082" lon="105.389444">
        <ele>1661.0</ele>
      </trkpt>
      <trkpt lat="35.124136" lon="105.387768">
        <ele>1661.0</ele>
      </trkpt>
      <trkpt lat="35.126224" lon="105.386264">
        <ele>1661.0</ele>
      </trkpt>
      <trkpt lat="35.140392" lon="105.376857">
        <ele>1712.25</ele>
      </trkpt>
      <trkpt lat="35.143682" lon="105.374701">
        <ele>1712.25</ele>
      </trkpt>
      <trkpt lat="35.145951" lon="105.373178">
        <ele>1694.0</ele>
      </trkpt>
      <trkpt lat="35.147873" lon="105.371896">
        <ele>1697.0</ele>
      </trkpt>
      <trkpt lat="35.149264" lon="105.370869">
        <ele>1695.5</ele>
      </trkpt>
      <trkpt lat="35.15123" lon="105.369352">
        <ele>1695.5</ele>
      </trkpt>
      <trkpt lat="35.153135" lon="105.367785">
        <ele>1695.5</ele>
      </trkpt>
      <trkpt lat="35.154944" lon="105.366197">
        <ele>1732.25</ele>
      </trkpt>
      <trkpt lat="35.157319" lon="105.363992">
        <ele>1732.25</ele>
      </trkpt>
      <trkpt lat="35.159622" lon="105.361659">
        <ele>1732.25</ele>
      </trkpt>
      <trkpt lat="35.161794" lon="105.359219">
        <ele>1732.25</ele>
      </trkpt>
      <trkpt lat="35.163967" lon="105.356436">
        <ele>1732.25</ele>
      </trkpt>
      <trkpt lat="35.165982" lon="105.353748">
        <ele>1732.25</ele>
      </trkpt>
      <trkpt lat="35.167961" lon="105.350933">
        <ele>1732.25</ele>
      </trkpt>
      <trkpt lat="35.169826" lon="105.347882">
        <ele>1732.25</ele>
      </trkpt>
      <trkpt lat="35.171622" lon="105.344658">
        <ele>1742.5</ele>
      </trkpt>
      <trkpt lat="35.173125" lon="105.341871">
        <ele>1742.5</ele>
      </trkpt>
      <trkpt lat="35.174259" lon="105.339599">
        <ele>1742.5</ele>
      </trkpt>
      <trkpt lat="35.175519" lon="105.336888">
        <ele>1742.5</ele>
      </trkpt>
      <trkpt lat="35.176595" lon="105.334355">
        <ele>1742.5</ele>
      </trkpt>
      <trkpt lat="35.17796" lon="105.330824">
        <ele>1742.5</ele>
      </trkpt>
      <trkpt lat="35.182871" lon="105.31736">
        <ele>1742.75</ele>
      </trkpt>
      <trkpt lat="35.183863" lon="105.314642">
        <ele>1745.5</ele>
      </trkpt>
      <trkpt lat="35.189092" lon="105.300304">
        <ele>1745.5</ele>
      </trkpt>
      <trkpt lat="35.189468" lon="105.299184">
        <ele>1784.75</ele>
      </trkpt>
      <trkpt lat="35.190688" lon="105.295571">
        <ele>1784.75</ele>
      </trkpt>
      <trkpt lat="35.191298" lon="105.293637">
        <ele>1784.75</ele>
      </trkpt>
      <trkpt lat="35.191837" lon="105.291703">
        <ele>1784.75</ele>
      </trkpt>
      <trkpt lat="35.192278" lon="105.29005">
        <ele>1784.75</ele>
      </trkpt>
      <trkpt lat="35.192754" lon="105.288139">
        <ele>1784.75</ele>
      </trkpt>
      <trkpt lat="35.193142" lon="105.286358">
        <ele>1784.75</ele>
      </trkpt>
      <trkpt lat="35.193495" lon="105.284534">
        <ele>1784.75</ele>
      </trkpt>
      <trkpt lat="35.194026" lon="105.281291">
        <ele>1784.75</ele>
      </trkpt>
      <trkpt lat="35.194344" lon="105.278813">
        <ele>1784.75</ele>
      </trkpt>
      <trkpt lat="35.194521" lon="105.276934">
        <ele>1758.5</ele>
      </trkpt>
      <trkpt lat="35.194855" lon="105.273713">
        <ele>1758.5</ele>
      </trkpt>
      <trkpt lat="35.195127" lon="105.270401">
        <ele>1758.5</ele>
      </trkpt>
      <trkpt lat="35.195323" lon="105.267343">
        <ele>1758.5</ele>
      </trkpt>
      <trkpt lat="35.195439" lon="105.265261">
        <ele>1758.25</ele>
      </trkpt>
      <trkpt lat="35.195529" lon="105.264003">
        <ele>1760.25</ele>
      </trkpt>
      <trkpt lat="35.196181" lon="105.254115">
        <ele>1763.75</ele>
      </trkpt>
      <trkpt lat="35.196264" lon="105.252855">
        <ele>1766.0</ele>
      </trkpt>
      <trkpt lat="35.196513" lon="105.249088">
        <ele>1769.25</ele>
      </trkpt>
      <trkpt lat="35.196523" lon="105.248939">
        <ele>1769.0</ele>
      </trkpt>
      <trkpt lat="35.196513" lon="105.249088">
        <ele>1769.25</ele>
      </trkpt>
      <trkpt lat="35.196264" lon="105.252855">
        <ele>1766.0</ele>
      </trkpt>
      <trkpt lat="35.196368" lon="105.252098">
        <ele>1766.75</ele>
      </trkpt>
      <trkpt lat="35.196558" lon="105.249093">
        <ele>1768.5</ele>
      </trkpt>
      <trkpt lat="35.196711" lon="105.246823">
        <ele>1766.25</ele>
      </trkpt>
      <trkpt lat="35.196767" lon="105.245151">
        <ele>1785.0</ele>
      </trkpt>
      <trkpt lat="35.196893" lon="105.240783">
        <ele>1785.0</ele>
      </trkpt>
      <trkpt lat="35.197021" lon="105.238913">
        <ele>1785.0</ele>
      </trkpt>
      <trkpt lat="35.197337" lon="105.235656">
        <ele>1785.0</ele>
      </trkpt>
      <trkpt lat="35.197759" lon="105.232162">
        <ele>1785.0</ele>
      </trkpt>
      <trkpt lat="35.19832" lon="105.228562">
        <ele>1785.0</ele>
      </trkpt>
      <trkpt lat="35.198987" lon="105.225047">
        <ele>1785.0</ele>
      </trkpt>
      <trkpt lat="35.19975" lon="105.221521">
        <ele>1785.0</ele>
      </trkpt>
      <trkpt lat="35.200618" lon="105.217995">
        <ele>1785.0</ele>
      </trkpt>
      <trkpt lat="35.201539" lon="105.214556">
        <ele>1785.0</ele>
      </trkpt>
      <trkpt lat="35.202564" lon="105.211245">
        <ele>1785.0</ele>
      </trkpt>
      <trkpt lat="35.20456" lon="105.20535">
        <ele>1817.25</ele>
      </trkpt>
      <trkpt lat="35.205045" lon="105.203924">
        <ele>1826.75</ele>
      </trkpt>
      <trkpt lat="35.207066" lon="105.198309">
        <ele>1838.75</ele>
      </trkpt>
      <trkpt lat="35.207445" lon="105.197273">
        <ele>1818.0</ele>
      </trkpt>
      <trkpt lat="35.208786" lon="105.193604">
        <ele>1833.75</ele>
      </trkpt>
      <trkpt lat="35.21037" lon="105.189271">
        <ele>1819.75</ele>
      </trkpt>
      <trkpt lat="35.225775" lon="105.147133">
        <ele>1871.25</ele>
      </trkpt>
      <trkpt lat="35.228422" lon="105.140156">
        <ele>1871.25</ele>
      </trkpt>
      <trkpt lat="35.230472" lon="105.13498">
        <ele>1871.25</ele>
      </trkpt>
      <trkpt lat="35.231943" lon="105.131492">
        <ele>1871.25</ele>
      </trkpt>
      <trkpt lat="35.233815" lon="105.127355">
        <ele>1871.25</ele>
      </trkpt>
      <trkpt lat="35.236142" lon="105.122832">
        <ele>1871.25</ele>
      </trkpt>
      <trkpt lat="35.238137" lon="105.119468">
        <ele>1871.25</ele>
      </trkpt>
      <trkpt lat="35.240569" lon="105.115921">
        <ele>1871.25</ele>
      </trkpt>
      <trkpt lat="35.242913" lon="105.112868">
        <ele>1871.25</ele>
      </trkpt>
      <trkpt lat="35.245171" lon="105.110189">
        <ele>1871.25</ele>
      </trkpt>
      <trkpt lat="35.248689" lon="105.106438">
        <ele>1871.25</ele>
      </trkpt>
      <trkpt lat="35.252033" lon="105.103202">
        <ele>1871.25</ele>
      </trkpt>
      <trkpt lat="35.255995" lon="105.099754">
        <ele>1871.25</ele>
      </trkpt>
      <trkpt lat="35.259855" lon="105.096262">
        <ele>2005.25</ele>
      </trkpt>
      <trkpt lat="35.262278" lon="105.093802">
        <ele>2005.25</ele>
      </trkpt>
      <trkpt lat="35.263485" lon="105.09254">
        <ele>2005.25</ele>
      </trkpt>
      <trkpt lat="35.265499" lon="105.090397">
        <ele>2005.25</ele>
      </trkpt>
      <trkpt lat="35.267347" lon="105.088168">
        <ele>2005.25</ele>
      </trkpt>
      <trkpt lat="35.269381" lon="105.085566">
        <ele>2005.25</ele>
      </trkpt>
      <trkpt lat="35.270997" lon="105.083348">
        <ele>2005.25</ele>
      </trkpt>
      <trkpt lat="35.272352" lon="105.081368">
        <ele>2005.25</ele>
      </trkpt>
      <trkpt lat="35.274715" lon="105.077973">
        <ele>2036.25</ele>
      </trkpt>
      <trkpt lat="35.27931" lon="105.071444">
        <ele>2036.25</ele>
      </trkpt>
      <trkpt lat="35.290135" lon="105.05552">
        <ele>2036.25</ele>
      </trkpt>
      <trkpt lat="35.292289" lon="105.052271">
        <ele>2036.25</ele>
      </trkpt>
      <trkpt lat="35.294425" lon="105.049216">
        <ele>2036.25</ele>
      </trkpt>
      <trkpt lat="35.2967" lon="105.046205">
        <ele>2036.25</ele>
      </trkpt>
      <trkpt lat="35.300155" lon="105.04204">
        <ele>2036.25</ele>
      </trkpt>
      <trkpt lat="35.303015" lon="105.038668">
        <ele>2141.0</ele>
      </trkpt>
      <trkpt lat="35.304732" lon="105.036732">
        <ele>2145.0</ele>
      </trkpt>
      <trkpt lat="35.307845" lon="105.033196">
        <ele>2145.0</ele>
      </trkpt>
      <trkpt lat="35.310801" lon="105.029574">
        <ele>2145.0</ele>
      </trkpt>
      <trkpt lat="35.313687" lon="105.025716">
        <ele>2145.0</ele>
      </trkpt>
      <trkpt lat="35.316397" lon="105.021816">
        <ele>2156.5</ele>
      </trkpt>
      <trkpt lat="35.317471" lon="105.020281">
        <ele>2146.75</ele>
      </trkpt>
      <trkpt lat="35.31807" lon="105.019424">
        <ele>2165.75</ele>
      </trkpt>
      <trkpt lat="35.319635" lon="105.017215">
        <ele>2165.75</ele>
      </trkpt>
      <trkpt lat="35.321434" lon="105.014458">
        <ele>2165.75</ele>
      </trkpt>
      <trkpt lat="35.323162" lon="105.011701">
        <ele>2165.75</ele>
      </trkpt>
      <trkpt lat="35.325789" lon="105.007317">
        <ele>2165.75</ele>
      </trkpt>
      <trkpt lat="35.357517" lon="104.950574">
        <ele>2112.25</ele>
      </trkpt>
      <trkpt lat="35.358654" lon="104.948537">
        <ele>2091.25</ele>
      </trkpt>
      <trkpt lat="35.359585" lon="104.946891">
        <ele>2117.0</ele>
      </trkpt>
      <trkpt lat="35.360655" lon="104.945001">
        <ele>2112.75</ele>
      </trkpt>
      <trkpt lat="35.361161" lon="104.944193">
        <ele>2113.5</ele>
      </trkpt>
      <trkpt lat="35.364094" lon="104.939035">
        <ele>2124.25</ele>
      </trkpt>
      <trkpt lat="35.3645" lon="104.938206">
        <ele>2113.0</ele>
      </trkpt>
      <trkpt lat="35.365044" lon="104.937243">
        <ele>2091.5</ele>
      </trkpt>
      <trkpt lat="35.367342" lon="104.933183">
        <ele>2106.75</ele>
      </trkpt>
      <trkpt lat="35.367958" lon="104.932093">
        <ele>2122.75</ele>
      </trkpt>
      <trkpt lat="35.37349" lon="104.922266">
        <ele>2092.25</ele>
      </trkpt>
      <trkpt lat="35.373751" lon="104.921807">
        <ele>2078.5</ele>
      </trkpt>
      <trkpt lat="35.374999" lon="104.919616">
        <ele>2086.25</ele>
      </trkpt>
      <trkpt lat="35.375399" lon="104.918914">
        <ele>2095.75</ele>
      </trkpt>
      <trkpt lat="35.382195" lon="104.906877">
        <ele>2066.5</ele>
      </trkpt>
      <trkpt lat="35.384677" lon="104.90248">
        <ele>2077.0</ele>
      </trkpt>
      <trkpt lat="35.409748" lon="104.857995">
        <ele>2011.75</ele>
      </trkpt>
      <trkpt lat="35.410586" lon="104.856508">
        <ele>2004.25</ele>
      </trkpt>
      <trkpt lat="35.412017" lon="104.853967">
        <ele>2012.25</ele>
      </trkpt>
      <trkpt lat="35.419992" lon="104.839814">
        <ele>2020.75</ele>
      </trkpt>
      <trkpt lat="35.420793" lon="104.838381">
        <ele>2026.0</ele>
      </trkpt>
      <trkpt lat="35.430438" lon="104.821392">
        <ele>2002.0</ele>
      </trkpt>
      <trkpt lat="35.431072" lon="104.820222">
        <ele>2003.5</ele>
      </trkpt>
      <trkpt lat="35.431519" lon="104.819398">
        <ele>2018.75</ele>
      </trkpt>
      <trkpt lat="35.435766" lon="104.811849">
        <ele>2018.75</ele>
      </trkpt>
      <trkpt lat="35.4371" lon="104.809317">
        <ele>2018.75</ele>
      </trkpt>
      <trkpt lat="35.438398" lon="104.806786">
        <ele>2018.75</ele>
      </trkpt>
      <trkpt lat="35.439626" lon="104.804362">
        <ele>2018.75</ele>
      </trkpt>
      <trkpt lat="35.44082" lon="104.801809">
        <ele>1970.5</ele>
      </trkpt>
      <trkpt lat="35.441538" lon="104.800211">
        <ele>1970.5</ele>
      </trkpt>
      <trkpt lat="35.442204" lon="104.798614">
        <ele>1970.5</ele>
      </trkpt>
      <trkpt lat="35.443431" lon="104.795334">
        <ele>1970.5</ele>
      </trkpt>
      <trkpt lat="35.444616" lon="104.791819">
        <ele>1970.5</ele>
      </trkpt>
      <trkpt lat="35.445434" lon="104.789065">
        <ele>1970.5</ele>
      </trkpt>
      <trkpt lat="35.446592" lon="104.784541">
        <ele>1970.5</ele>
      </trkpt>
      <trkpt lat="35.44928" lon="104.772454">
        <ele>1970.5</ele>
      </trkpt>
      <trkpt lat="35.449743" lon="104.770524">
        <ele>1970.5</ele>
      </trkpt>
      <trkpt lat="35.450258" lon="104.768551">
        <ele>1970.5</ele>
      </trkpt>
      <trkpt lat="35.450988" lon="104.766058">
        <ele>1970.5</ele>
      </trkpt>
      <trkpt lat="35.451752" lon="104.763652">
        <ele>1970.5</ele>
      </trkpt>
      <trkpt lat="35.458324" lon="104.746057">
        <ele>1970.5</ele>
      </trkpt>
      <trkpt lat="35.459491" lon="104.74246">
        <ele>1970.5</ele>
      </trkpt>
      <trkpt lat="35.461602" lon="104.734938">
        <ele>1970.5</ele>
      </trkpt>
      <trkpt lat="35.465713" lon="104.720418">
        <ele>1970.5</ele>
      </trkpt>
      <trkpt lat="35.46677" lon="104.717174">
        <ele>1970.5</ele>
      </trkpt>
      <trkpt lat="35.467947" lon="104.713891">
        <ele>1970.5</ele>
      </trkpt>
      <trkpt lat="35.469158" lon="104.710651">
        <ele>1970.5</ele>
      </trkpt>
      <trkpt lat="35.469914" lon="104.708869">
        <ele>1970.5</ele>
      </trkpt>
      <trkpt lat="35.4708" lon="104.706874">
        <ele>1970.5</ele>
      </trkpt>
      <trkpt lat="35.47223" lon="104.703861">
        <ele>1970.5</ele>
      </trkpt>
      <trkpt lat="35.47338" lon="104.701631">
        <ele>1970.5</ele>
      </trkpt>
      <trkpt lat="35.475677" lon="104.69762">
        <ele>1970.5</ele>
      </trkpt>
      <trkpt lat="35.478114" lon="104.693738">
        <ele>1970.5</ele>
      </trkpt>
      <trkpt lat="35.482088" lon="104.688042">
        <ele>1970.5</ele>
      </trkpt>
      <trkpt lat="35.486112" lon="104.682211">
        <ele>1970.5</ele>
      </trkpt>
      <trkpt lat="35.487289" lon="104.680441">
        <ele>1970.5</ele>
      </trkpt>
      <trkpt lat="35.489409" lon="104.676997">
        <ele>1970.5</ele>
      </trkpt>
      <trkpt lat="35.491937" lon="104.672654">
        <ele>1962.5</ele>
      </trkpt>
      <trkpt lat="35.49589" lon="104.66583">
        <ele>1956.75</ele>
      </trkpt>
      <trkpt lat="35.496171" lon="104.665354">
        <ele>1958.75</ele>
      </trkpt>
      <trkpt lat="35.502337" lon="104.6549">
        <ele>1969.0</ele>
      </trkpt>
      <trkpt lat="35.502587" lon="104.654475">
        <ele>1956.75</ele>
      </trkpt>
      <trkpt lat="35.508284" lon="104.644815">
        <ele>1951.5</ele>
      </trkpt>
      <trkpt lat="35.511911" lon="104.638783">
        <ele>1951.5</ele>
      </trkpt>
      <trkpt lat="35.514197" lon="104.6353">
        <ele>1951.5</ele>
      </trkpt>
      <trkpt lat="35.516518" lon="104.632031">
        <ele>1951.5</ele>
      </trkpt>
      <trkpt lat="35.51898" lon="104.628827">
        <ele>1951.5</ele>
      </trkpt>
      <trkpt lat="35.52144" lon="104.625795">
        <ele>1951.5</ele>
      </trkpt>
      <trkpt lat="35.524511" lon="104.622414">
        <ele>1932.25</ele>
      </trkpt>
      <trkpt lat="35.525313" lon="104.621537">
        <ele>1952.5</ele>
      </trkpt>
      <trkpt lat="35.527414" lon="104.619264">
        <ele>1952.5</ele>
      </trkpt>
      <trkpt lat="35.529711" lon="104.616952">
        <ele>1952.5</ele>
      </trkpt>
      <trkpt lat="35.532044" lon="104.614726">
        <ele>1952.5</ele>
      </trkpt>
      <trkpt lat="35.534393" lon="104.612672">
        <ele>1952.5</ele>
      </trkpt>
      <trkpt lat="35.536829" lon="104.610705">
        <ele>1952.5</ele>
      </trkpt>
      <trkpt lat="35.539423" lon="104.608908">
        <ele>1952.5</ele>
      </trkpt>
      <trkpt lat="35.542068" lon="104.607241">
        <ele>1952.5</ele>
      </trkpt>
      <trkpt lat="35.544714" lon="104.605787">
        <ele>1952.5</ele>
      </trkpt>
      <trkpt lat="35.550569" lon="104.602766">
        <ele>1953.75</ele>
      </trkpt>
      <trkpt lat="35.552406" lon="104.602067">
        <ele>1953.75</ele>
      </trkpt>
      <trkpt lat="35.554289" lon="104.601319">
        <ele>1953.75</ele>
      </trkpt>
      <trkpt lat="35.555755" lon="104.600854">
        <ele>1953.75</ele>
      </trkpt>
      <trkpt lat="35.559194" lon="104.599895">
        <ele>1953.75</ele>
      </trkpt>
      <trkpt lat="35.561763" lon="104.599283">
        <ele>1953.75</ele>
      </trkpt>
      <trkpt lat="35.567584" lon="104.598074">
        <ele>1946.5</ele>
      </trkpt>
      <trkpt lat="35.573687" lon="104.596598">
        <ele>1946.5</ele>
      </trkpt>
      <trkpt lat="35.580416" lon="104.594761">
        <ele>1946.5</ele>
      </trkpt>
      <trkpt lat="35.584568" lon="104.593358">
        <ele>1946.5</ele>
      </trkpt>
      <trkpt lat="35.590631" lon="104.590967">
        <ele>1946.5</ele>
      </trkpt>
      <trkpt lat="35.596414" lon="104.588147">
        <ele>1946.5</ele>
      </trkpt>
      <trkpt lat="35.601006" lon="104.585862">
        <ele>1928.5</ele>
      </trkpt>
      <trkpt lat="35.601581" lon="104.585549">
        <ele>1917.25</ele>
      </trkpt>
      <trkpt lat="35.602544" lon="104.585026">
        <ele>1930.0</ele>
      </trkpt>
      <trkpt lat="35.60417" lon="104.58415">
        <ele>1937.0</ele>
      </trkpt>
      <trkpt lat="35.60656" lon="104.582895">
        <ele>1931.0</ele>
      </trkpt>
      <trkpt lat="35.60902" lon="104.581605">
        <ele>1925.25</ele>
      </trkpt>
      <trkpt lat="35.610033" lon="104.58111">
        <ele>1925.25</ele>
      </trkpt>
      <trkpt lat="35.611021" lon="104.580571">
        <ele>1903.25</ele>
      </trkpt>
      <trkpt lat="35.611544" lon="104.580229">
        <ele>1912.75</ele>
      </trkpt>
      <trkpt lat="35.612018" lon="104.579983">
        <ele>1923.0</ele>
      </trkpt>
      <trkpt lat="35.613026" lon="104.579413">
        <ele>1933.5</ele>
      </trkpt>
      <trkpt lat="35.61615" lon="104.57784">
        <ele>1933.5</ele>
      </trkpt>
      <trkpt lat="35.619178" lon="104.576166">
        <ele>1933.5</ele>
      </trkpt>
      <trkpt lat="35.622102" lon="104.574341">
        <ele>1933.5</ele>
      </trkpt>
      <trkpt lat="35.625025" lon="104.572431">
        <ele>1933.5</ele>
      </trkpt>
      <trkpt lat="35.627826" lon="104.570456">
        <ele>1933.5</ele>
      </trkpt>
      <trkpt lat="35.630628" lon="104.568353">
        <ele>1933.5</ele>
      </trkpt>
      <trkpt lat="35.633359" lon="104.566142">
        <ele>1933.5</ele>
      </trkpt>
      <trkpt lat="35.635977" lon="104.563802">
        <ele>1921.5</ele>
      </trkpt>
      <trkpt lat="35.637914" lon="104.561966">
        <ele>1921.5</ele>
      </trkpt>
      <trkpt lat="35.640256" lon="104.559438">
        <ele>1914.75</ele>
      </trkpt>
      <trkpt lat="35.641984" lon="104.557396">
        <ele>1914.75</ele>
      </trkpt>
      <trkpt lat="35.643712" lon="104.555226">
        <ele>1914.75</ele>
      </trkpt>
      <trkpt lat="35.645353" lon="104.552991">
        <ele>1914.75</ele>
      </trkpt>
      <trkpt lat="35.646959" lon="104.550584">
        <ele>1914.75</ele>
      </trkpt>
      <trkpt lat="35.648573" lon="104.547931">
        <ele>1914.75</ele>
      </trkpt>
      <trkpt lat="35.650048" lon="104.545278">
        <ele>1914.75</ele>
      </trkpt>
      <trkpt lat="35.651593" lon="104.542517">
        <ele>1914.75</ele>
      </trkpt>
      <trkpt lat="35.653176" lon="104.539334">
        <ele>1914.75</ele>
      </trkpt>
      <trkpt lat="35.654707" lon="104.53598">
        <ele>1914.75</ele>
      </trkpt>
      <trkpt lat="35.661852" lon="104.517898">
        <ele>1882.5</ele>
      </trkpt>
      <trkpt lat="35.662205" lon="104.517028">
        <ele>1891.25</ele>
      </trkpt>
      <trkpt lat="35.674786" lon="104.484623">
        <ele>1903.5</ele>
      </trkpt>
      <trkpt lat="35.674953" lon="104.484228">
        <ele>1907.75</ele>
      </trkpt>
      <trkpt lat="35.675832" lon="104.482012">
        <ele>1907.75</ele>
      </trkpt>
      <trkpt lat="35.687903" lon="104.456273">
        <ele>1918.75</ele>
      </trkpt>
      <trkpt lat="35.689557" lon="104.452818">
        <ele>1948.75</ele>
      </trkpt>
      <trkpt lat="35.694059" lon="104.444281">
        <ele>1925.5</ele>
      </trkpt>
      <trkpt lat="35.695665" lon="104.441152">
        <ele>1925.5</ele>
      </trkpt>
      <trkpt lat="35.697836" lon="104.436964">
        <ele>1943.75</ele>
      </trkpt>
      <trkpt lat="35.70648" lon="104.419813">
        <ele>1950.75</ele>
      </trkpt>
      <trkpt lat="35.70778" lon="104.417521">
        <ele>1956.75</ele>
      </trkpt>
      <trkpt lat="35.713263" lon="104.406523">
        <ele>1955.25</ele>
      </trkpt>
      <trkpt lat="35.716979" lon="104.399284">
        <ele>1967.5</ele>
      </trkpt>
      <trkpt lat="35.766822" lon="104.301438">
        <ele>1932.25</ele>
      </trkpt>
      <trkpt lat="35.768586" lon="104.2978">
        <ele>1932.25</ele>
      </trkpt>
      <trkpt lat="35.769564" lon="104.295817">
        <ele>1932.25</ele>
      </trkpt>
      <trkpt lat="35.770549" lon="104.293839">
        <ele>1932.25</ele>
      </trkpt>
      <trkpt lat="35.771542" lon="104.291867">
        <ele>1932.25</ele>
      </trkpt>
      <trkpt lat="35.772543" lon="104.289902">
        <ele>1932.25</ele>
      </trkpt>
      <trkpt lat="35.773551" lon="104.287942">
        <ele>1932.25</ele>
      </trkpt>
      <trkpt lat="35.774567" lon="104.285989">
        <ele>1921.75</ele>
      </trkpt>
      <trkpt lat="35.77895" lon="104.278308">
        <ele>1928.25</ele>
      </trkpt>
      <trkpt lat="35.779117" lon="104.277979">
        <ele>1928.25</ele>
      </trkpt>
      <trkpt lat="35.779292" lon="104.277655">
        <ele>1928.25</ele>
      </trkpt>
      <trkpt lat="35.779473" lon="104.277337">
        <ele>1928.25</ele>
      </trkpt>
      <trkpt lat="35.779661" lon="104.277026">
        <ele>1928.25</ele>
      </trkpt>
      <trkpt lat="35.779856" lon="104.27672">
        <ele>1907.0</ele>
      </trkpt>
      <trkpt lat="35.780237" lon="104.276165">
        <ele>1910.75</ele>
      </trkpt>
      <trkpt lat="35.780641" lon="104.275634">
        <ele>1917.25</ele>
      </trkpt>
      <trkpt lat="35.783049" lon="104.272096">
        <ele>1917.25</ele>
      </trkpt>
      <trkpt lat="35.804082" lon="104.241192">
        <ele>1895.25</ele>
      </trkpt>
      <trkpt lat="35.805548" lon="104.238915">
        <ele>1896.25</ele>
      </trkpt>
      <trkpt lat="35.815727" lon="104.223705">
        <ele>1896.25</ele>
      </trkpt>
      <trkpt lat="35.818045" lon="104.220082">
        <ele>1896.25</ele>
      </trkpt>
      <trkpt lat="35.820143" lon="104.216319">
        <ele>1886.75</ele>
      </trkpt>
      <trkpt lat="35.82065" lon="104.215476">
        <ele>1886.75</ele>
      </trkpt>
      <trkpt lat="35.82115" lon="104.214627">
        <ele>1886.75</ele>
      </trkpt>
      <trkpt lat="35.821643" lon="104.21377">
        <ele>1886.75</ele>
      </trkpt>
      <trkpt lat="35.822128" lon="104.212908">
        <ele>1886.75</ele>
      </trkpt>
      <trkpt lat="35.822908" lon="104.211477">
        <ele>1886.75</ele>
      </trkpt>
      <trkpt lat="35.823668" lon="104.210029">
        <ele>1895.25</ele>
      </trkpt>
      <trkpt lat="35.827012" lon="104.204003">
        <ele>1895.25</ele>
      </trkpt>
      <trkpt lat="35.830664" lon="104.197739">
        <ele>1903.0</ele>
      </trkpt>
      <trkpt lat="35.830735" lon="104.197623">
        <ele>1904.0</ele>
      </trkpt>
      <trkpt lat="35.832272" lon="104.195227">
        <ele>1904.0</ele>
      </trkpt>
      <trkpt lat="35.833593" lon="104.193269">
        <ele>1904.0</ele>
      </trkpt>
      <trkpt lat="35.835054" lon="104.191117">
        <ele>1904.0</ele>
      </trkpt>
      <trkpt lat="35.836515" lon="104.189095">
        <ele>1887.25</ele>
      </trkpt>
      <trkpt lat="35.847318" lon="104.174871">
        <ele>1867.0</ele>
      </trkpt>
      <trkpt lat="35.848082" lon="104.173817">
        <ele>1868.25</ele>
      </trkpt>
      <trkpt lat="35.851774" lon="104.168971">
        <ele>1872.25</ele>
      </trkpt>
      <trkpt lat="35.854099" lon="104.165921">
        <ele>1875.0</ele>
      </trkpt>
      <trkpt lat="35.854562" lon="104.165308">
        <ele>1874.0</ele>
      </trkpt>
      <trkpt lat="35.855201" lon="104.164531">
        <ele>1872.75</ele>
      </trkpt>
      <trkpt lat="35.855839" lon="104.163655">
        <ele>1872.0</ele>
      </trkpt>
      <trkpt lat="35.860416" lon="104.157579">
        <ele>1875.0</ele>
      </trkpt>
      <trkpt lat="35.86248" lon="104.154813">
        <ele>1875.0</ele>
      </trkpt>
      <trkpt lat="35.864528" lon="104.152028">
        <ele>1875.0</ele>
      </trkpt>
      <trkpt lat="35.865751" lon="104.150328">
        <ele>1875.0</ele>
      </trkpt>
      <trkpt lat="35.866939" lon="104.148499">
        <ele>1875.0</ele>
      </trkpt>
      <trkpt lat="35.868319" lon="104.146262">
        <ele>1875.0</ele>
      </trkpt>
      <trkpt lat="35.869942" lon="104.143467">
        <ele>1875.0</ele>
      </trkpt>
      <trkpt lat="35.871897" lon="104.140199">
        <ele>1875.0</ele>
      </trkpt>
      <trkpt lat="35.877315" lon="104.131229">
        <ele>1875.0</ele>
      </trkpt>
      <trkpt lat="35.881221" lon="104.124728">
        <ele>1904.0</ele>
      </trkpt>
      <trkpt lat="35.882252" lon="104.12297">
        <ele>1923.0</ele>
      </trkpt>
      <trkpt lat="35.882605" lon="104.122381">
        <ele>1921.75</ele>
      </trkpt>
      <trkpt lat="35.885011" lon="104.11836">
        <ele>1935.75</ele>
      </trkpt>
      <trkpt lat="35.893011" lon="104.104743">
        <ele>1933.25</ele>
      </trkpt>
      <trkpt lat="35.894069" lon="104.102948">
        <ele>1915.25</ele>
      </trkpt>
      <trkpt lat="35.896653" lon="104.098708">
        <ele>1907.5</ele>
      </trkpt>
      <trkpt lat="35.898238" lon="104.096107">
        <ele>1929.0</ele>
      </trkpt>
      <trkpt lat="35.907999" lon="104.079621">
        <ele>1953.5</ele>
      </trkpt>
      <trkpt lat="35.910486" lon="104.075386">
        <ele>1939.75</ele>
      </trkpt>
      <trkpt lat="35.911037" lon="104.074373">
        <ele>1942.25</ele>
      </trkpt>
      <trkpt lat="35.912151" lon="104.072248">
        <ele>1937.25</ele>
      </trkpt>
      <trkpt lat="35.912654" lon="104.071238">
        <ele>1941.0</ele>
      </trkpt>
      <trkpt lat="35.913719" lon="104.069099">
        <ele>1942.5</ele>
      </trkpt>
      <trkpt lat="35.914807" lon="104.066722">
        <ele>1942.5</ele>
      </trkpt>
      <trkpt lat="35.915826" lon="104.064298">
        <ele>1942.5</ele>
      </trkpt>
      <trkpt lat="35.916968" lon="104.061458">
        <ele>1942.5</ele>
      </trkpt>
      <trkpt lat="35.917788" lon="104.059167">
        <ele>1942.5</ele>
      </trkpt>
      <trkpt lat="35.918424" lon="104.057415">
        <ele>1942.5</ele>
      </trkpt>
      <trkpt lat="35.918856" lon="104.056203">
        <ele>1942.5</ele>
      </trkpt>
      <trkpt lat="35.919395" lon="104.054664">
        <ele>1942.5</ele>
      </trkpt>
      <trkpt lat="35.920039" lon="104.052457">
        <ele>1942.5</ele>
      </trkpt>
      <trkpt lat="35.92056" lon="104.050509">
        <ele>1942.5</ele>
      </trkpt>
      <trkpt lat="35.921126" lon="104.048266">
        <ele>1942.5</ele>
      </trkpt>
      <trkpt lat="35.921503" lon="104.046712">
        <ele>1942.5</ele>
      </trkpt>
      <trkpt lat="35.921873" lon="104.045125">
        <ele>1942.5</ele>
      </trkpt>
      <trkpt lat="35.922932" lon="104.040041">
        <ele>1942.5</ele>
      </trkpt>
      <trkpt lat="35.923936" lon="104.035394">
        <ele>1942.5</ele>
      </trkpt>
      <trkpt lat="35.927048" lon="104.020319">
        <ele>1942.5</ele>
      </trkpt>
      <trkpt lat="35.927957" lon="104.016119">
        <ele>1942.5</ele>
      </trkpt>
      <trkpt lat="35.928342" lon="104.014598">
        <ele>1942.5</ele>
      </trkpt>
      <trkpt lat="35.928658" lon="104.013378">
        <ele>1942.5</ele>
      </trkpt>
      <trkpt lat="35.929" lon="104.012138">
        <ele>1942.5</ele>
      </trkpt>
      <trkpt lat="35.929223" lon="104.011396">
        <ele>1942.5</ele>
      </trkpt>
      <trkpt lat="35.929866" lon="104.009489">
        <ele>1925.25</ele>
      </trkpt>
      <trkpt lat="35.931057" lon="104.005952">
        <ele>1925.25</ele>
      </trkpt>
      <trkpt lat="35.932318" lon="104.002394">
        <ele>1925.25</ele>
      </trkpt>
      <trkpt lat="35.933983" lon="103.998118">
        <ele>1925.25</ele>
      </trkpt>
      <trkpt lat="35.935586" lon="103.994485">
        <ele>1925.75</ele>
      </trkpt>
      <trkpt lat="35.9367" lon="103.992">
        <ele>1928.5</ele>
      </trkpt>
      <trkpt lat="35.938034" lon="103.989025">
        <ele>1904.25</ele>
      </trkpt>
      <trkpt lat="35.938393" lon="103.988222">
        <ele>1914.25</ele>
      </trkpt>
      <trkpt lat="35.939544" lon="103.985655">
        <ele>1907.75</ele>
      </trkpt>
      <trkpt lat="35.940379" lon="103.983791">
        <ele>1916.5</ele>
      </trkpt>
      <trkpt lat="35.986076" lon="103.883707">
        <ele>1726.75</ele>
      </trkpt>
      <trkpt lat="35.986373" lon="103.883063">
        <ele>1743.75</ele>
      </trkpt>
      <trkpt lat="35.99829" lon="103.856869">
        <ele>1743.75</ele>
      </trkpt>
      <trkpt lat="36.001048" lon="103.850051">
        <ele>1743.75</ele>
      </trkpt>
      <trkpt lat="36.002322" lon="103.846502">
        <ele>1743.75</ele>
      </trkpt>
      <trkpt lat="36.002934" lon="103.844554">
        <ele>1743.75</ele>
      </trkpt>
      <trkpt lat="36.003511" lon="103.842546">
        <ele>1743.75</ele>
      </trkpt>
      <trkpt lat="36.004339" lon="103.839296">
        <ele>1743.75</ele>
      </trkpt>
      <trkpt lat="36.004769" lon="103.837523">
        <ele>1743.75</ele>
      </trkpt>
      <trkpt lat="36.005116" lon="103.835938">
        <ele>1743.75</ele>
      </trkpt>
      <trkpt lat="36.005454" lon="103.834205">
        <ele>1743.75</ele>
      </trkpt>
      <trkpt lat="36.005806" lon="103.832184">
        <ele>1743.75</ele>
      </trkpt>
      <trkpt lat="36.00608" lon="103.830462">
        <ele>1743.75</ele>
      </trkpt>
      <trkpt lat="36.006392" lon="103.8283">
        <ele>1712.0</ele>
      </trkpt>
      <trkpt lat="36.006564" lon="103.826943">
        <ele>1712.0</ele>
      </trkpt>
      <trkpt lat="36.006748" lon="103.825312">
        <ele>1712.0</ele>
      </trkpt>
      <trkpt lat="36.007034" lon="103.822196">
        <ele>1712.0</ele>
      </trkpt>
      <trkpt lat="36.007251" lon="103.819057">
        <ele>1712.0</ele>
      </trkpt>
      <trkpt lat="36.007433" lon="103.815876">
        <ele>1721.25</ele>
      </trkpt>
      <trkpt lat="36.007615" lon="103.812977">
        <ele>1721.25</ele>
      </trkpt>
      <trkpt lat="36.007698" lon="103.811878">
        <ele>1721.25</ele>
      </trkpt>
      <trkpt lat="36.007807" lon="103.810862">
        <ele>1721.25</ele>
      </trkpt>
      <trkpt lat="36.007956" lon="103.809831">
        <ele>1721.25</ele>
      </trkpt>
      <trkpt lat="36.008137" lon="103.808747">
        <ele>1721.25</ele>
      </trkpt>
      <trkpt lat="36.008581" lon="103.806556">
        <ele>1721.25</ele>
      </trkpt>
      <trkpt lat="36.008911" lon="103.805132">
        <ele>1721.25</ele>
      </trkpt>
      <trkpt lat="36.009296" lon="103.803703">
        <ele>1721.25</ele>
      </trkpt>
      <trkpt lat="36.009862" lon="103.801876">
        <ele>1721.25</ele>
      </trkpt>
      <trkpt lat="36.01027" lon="103.800716">
        <ele>1721.25</ele>
      </trkpt>
      <trkpt lat="36.010795" lon="103.79937">
        <ele>1721.25</ele>
      </trkpt>
      <trkpt lat="36.011335" lon="103.798148">
        <ele>1721.25</ele>
      </trkpt>
      <trkpt lat="36.011885" lon="103.797045">
        <ele>1721.25</ele>
      </trkpt>
      <trkpt lat="36.012499" lon="103.795917">
        <ele>1721.25</ele>
      </trkpt>
      <trkpt lat="36.013088" lon="103.794898">
        <ele>1721.25</ele>
      </trkpt>
      <trkpt lat="36.014082" lon="103.793454">
        <ele>1721.25</ele>
      </trkpt>
      <trkpt lat="36.015103" lon="103.792046">
        <ele>1721.25</ele>
      </trkpt>
      <trkpt lat="36.016197" lon="103.790771">
        <ele>1721.25</ele>
      </trkpt>
      <trkpt lat="36.017161" lon="103.789773">
        <ele>1721.25</ele>
      </trkpt>
      <trkpt lat="36.018094" lon="103.788884">
        <ele>1721.25</ele>
      </trkpt>
      <trkpt lat="36.019211" lon="103.787991">
        <ele>1721.25</ele>
      </trkpt>
      <trkpt lat="36.020981" lon="103.78674">
        <ele>1721.25</ele>
      </trkpt>
      <trkpt lat="36.021741" lon="103.786254">
        <ele>1721.25</ele>
      </trkpt>
      <trkpt lat="36.02304" lon="103.785552">
        <ele>1721.25</ele>
      </trkpt>
      <trkpt lat="36.024423" lon="103.784911">
        <ele>1721.25</ele>
      </trkpt>
      <trkpt lat="36.025924" lon="103.784326">
        <ele>1721.25</ele>
      </trkpt>
      <trkpt lat="36.027925" lon="103.783659">
        <ele>1721.25</ele>
      </trkpt>
      <trkpt lat="36.029639" lon="103.783142">
        <ele>1721.25</ele>
      </trkpt>
      <trkpt lat="36.039135" lon="103.780468">
        <ele>1721.25</ele>
      </trkpt>
      <trkpt lat="36.039883" lon="103.780293">
        <ele>1721.25</ele>
      </trkpt>
      <trkpt lat="36.040504" lon="103.780172">
        <ele>1721.25</ele>
      </trkpt>
      <trkpt lat="36.041247" lon="103.780073">
        <ele>1721.25</ele>
      </trkpt>
      <trkpt lat="36.0419" lon="103.780023">
        <ele>1721.25</ele>
      </trkpt>
      <trkpt lat="36.043135" lon="103.780017">
        <ele>1721.25</ele>
      </trkpt>
      <trkpt lat="36.044403" lon="103.780097">
        <ele>1721.25</ele>
      </trkpt>
      <trkpt lat="36.049517" lon="103.780772">
        <ele>1606.25</ele>
      </trkpt>
      <trkpt lat="36.051106" lon="103.780869">
        <ele>1590.0</ele>
      </trkpt>
      <trkpt lat="36.052193" lon="103.780972">
        <ele>1579.5</ele>
      </trkpt>
      <trkpt lat="36.053099" lon="103.780971">
        <ele>1576.0</ele>
      </trkpt>
      <trkpt lat="36.053732" lon="103.780967">
        <ele>1576.0</ele>
      </trkpt>
      <trkpt lat="36.054045" lon="103.780938">
        <ele>1576.0</ele>
      </trkpt>
      <trkpt lat="36.055258" lon="103.780753">
        <ele>1576.0</ele>
      </trkpt>
      <trkpt lat="36.055724" lon="103.78066">
        <ele>1576.0</ele>
      </trkpt>
      <trkpt lat="36.056086" lon="103.780573">
        <ele>1576.0</ele>
      </trkpt>
      <trkpt lat="36.056541" lon="103.780412">
        <ele>1576.0</ele>
      </trkpt>
      <trkpt lat="36.056932" lon="103.780259">
        <ele>1576.0</ele>
      </trkpt>
      <trkpt lat="36.057361" lon="103.780069">
        <ele>1576.0</ele>
      </trkpt>
      <trkpt lat="36.057821" lon="103.779835">
        <ele>1576.0</ele>
      </trkpt>
      <trkpt lat="36.058202" lon="103.779613">
        <ele>1576.0</ele>
      </trkpt>
      <trkpt lat="36.058946" lon="103.779109">
        <ele>1576.0</ele>
      </trkpt>
      <trkpt lat="36.059174" lon="103.77894">
        <ele>1576.0</ele>
      </trkpt>
      <trkpt lat="36.059413" lon="103.778745">
        <ele>1576.0</ele>
      </trkpt>
      <trkpt lat="36.059978" lon="103.778231">
        <ele>1576.0</ele>
      </trkpt>
      <trkpt lat="36.060442" lon="103.777774">
        <ele>1559.25</ele>
      </trkpt>
      <trkpt lat="36.060982" lon="103.777142">
        <ele>1558.75</ele>
      </trkpt>
      <trkpt lat="36.061135" lon="103.776967">
        <ele>1558.75</ele>
      </trkpt>
      <trkpt lat="36.06128" lon="103.776799">
        <ele>1559.0</ele>
      </trkpt>
      <trkpt lat="36.061481" lon="103.776536">
        <ele>1559.5</ele>
      </trkpt>
      <trkpt lat="36.061995" lon="103.775767">
        <ele>1559.5</ele>
      </trkpt>
      <trkpt lat="36.062449" lon="103.774992">
        <ele>1555.5</ele>
      </trkpt>
      <trkpt lat="36.062778" lon="103.774354">
        <ele>1555.5</ele>
      </trkpt>
      <trkpt lat="36.063173" lon="103.773483">
        <ele>1547.25</ele>
      </trkpt>
      <trkpt lat="36.063419" lon="103.772804">
        <ele>1547.25</ele>
      </trkpt>
      <trkpt lat="36.063601" lon="103.772211">
        <ele>1547.5</ele>
      </trkpt>
      <trkpt lat="36.063767" lon="103.771607">
        <ele>1549.0</ele>
      </trkpt>
      <trkpt lat="36.063937" lon="103.770857">
        <ele>1550.0</ele>
      </trkpt>
      <trkpt lat="36.064051" lon="103.770281">
        <ele>1548.5</ele>
      </trkpt>
      <trkpt lat="36.065103" lon="103.764176">
        <ele>1544.5</ele>
      </trkpt>
      <trkpt lat="36.065278" lon="103.763094">
        <ele>1544.75</ele>
      </trkpt>
      <trkpt lat="36.065398" lon="103.762194">
        <ele>1544.75</ele>
      </trkpt>
      <trkpt lat="36.065467" lon="103.761615">
        <ele>1544.25</ele>
      </trkpt>
      <trkpt lat="36.065605" lon="103.76005">
        <ele>1544.75</ele>
      </trkpt>
      <trkpt lat="36.065652" lon="103.759643">
        <ele>1544.5</ele>
      </trkpt>
      <trkpt lat="36.065876" lon="103.757727">
        <ele>1545.0</ele>
      </trkpt>
      <trkpt lat="36.065957" lon="103.756983">
        <ele>1545.75</ele>
      </trkpt>
      <trkpt lat="36.06635" lon="103.753612">
        <ele>1545.25</ele>
      </trkpt>
      <trkpt lat="36.066429" lon="103.753033">
        <ele>1544.0</ele>
      </trkpt>
      <trkpt lat="36.066604" lon="103.751925">
        <ele>1543.25</ele>
      </trkpt>
      <trkpt lat="36.067074" lon="103.74906">
        <ele>1545.25</ele>
      </trkpt>
    </trkseg>
  </trk>
</gpx>