<?xml version="1.0" encoding="UTF-8"?>
<gpx xmlns="http://www.topografix.com/GPX/1/1" xmlns:xsi="http://www.w3.org/2001/XMLSchema-instance" xsi:schemaLocation="http://www.topografix.com/GPX/1/1 http://www.topografix.com/GPX/1/1/gpx.xsd" version="1.1" creator="gpx.py -- https://github.com/tkrajina/gpxpy">
  <trk>
    <name>Variflight_MU5812_20260704.csv</name>
    <trkseg>
      <trkpt lat="31.193246841431" lon="121.32758331299">
        <ele>0.0</ele>
        <time>2026-07-04T13:25:08</time>
      </trkpt>
      <trkpt lat="31.193183898926" lon="121.32758331299">
        <ele>0.0</ele>
        <time>2026-07-04T13:25:13</time>
      </trkpt>
      <trkpt lat="31.193130493164" lon="121.32759857178">
        <ele>0.0</ele>
        <time>2026-07-04T13:25:18</time>
      </trkpt>
      <trkpt lat="31.193059921265" lon="121.32759857178">
        <ele>0.0</ele>
        <time>2026-07-04T13:25:22</time>
      </trkpt>
      <trkpt lat="31.192979812622" lon="121.32759857178">
        <ele>0.0</ele>
        <time>2026-07-04T13:25:27</time>
      </trkpt>
      <trkpt lat="31.192909240723" lon="121.32759857178">
        <ele>0.0</ele>
        <time>2026-07-04T13:25:32</time>
      </trkpt>
      <trkpt lat="31.192838668823" lon="121.32761383057">
        <ele>0.0</ele>
        <time>2026-07-04T13:25:38</time>
      </trkpt>
      <trkpt lat="31.192760467529" lon="121.32765197754">
        <ele>0.0</ele>
        <time>2026-07-04T13:25:44</time>
      </trkpt>
      <trkpt lat="31.192623138428" lon="121.32767486572">
        <ele>0.0</ele>
        <time>2026-07-04T13:25:55</time>
      </trkpt>
      <trkpt lat="31.192512512207" lon="121.32766723633">
        <ele>0.0</ele>
        <time>2026-07-04T13:26:03</time>
      </trkpt>
      <trkpt lat="31.192443847656" lon="121.32762145996">
        <ele>0.0</ele>
        <time>2026-07-04T13:26:12</time>
      </trkpt>
      <trkpt lat="31.192361831665" lon="121.32755279541">
        <ele>0.0</ele>
        <time>2026-07-04T13:26:18</time>
      </trkpt>
      <trkpt lat="31.192338943481" lon="121.32748413086">
        <ele>0.0</ele>
        <time>2026-07-04T13:26:29</time>
      </trkpt>
      <trkpt lat="31.192350387573" lon="121.32748413086">
        <ele>0.0</ele>
        <time>2026-07-04T13:26:44</time>
      </trkpt>
      <trkpt lat="31.192350387573" lon="121.32748413086">
        <ele>0.0</ele>
        <time>2026-07-04T13:26:50</time>
      </trkpt>
      <trkpt lat="31.192348480225" lon="121.32749176025">
        <ele>0.0</ele>
        <time>2026-07-04T13:28:33</time>
      </trkpt>
      <trkpt lat="31.192338943481" lon="121.32748413086">
        <ele>0.0</ele>
        <time>2026-07-04T13:29:39</time>
      </trkpt>
      <trkpt lat="31.192348480225" lon="121.32763671875">
        <ele>0.0</ele>
        <time>2026-07-04T13:30:17</time>
      </trkpt>
      <trkpt lat="31.192359924316" lon="121.32772827148">
        <ele>0.0</ele>
        <time>2026-07-04T13:30:22</time>
      </trkpt>
      <trkpt lat="31.192361831665" lon="121.32785797119">
        <ele>0.0</ele>
        <time>2026-07-04T13:30:27</time>
      </trkpt>
      <trkpt lat="31.192359924316" lon="121.32802581787">
        <ele>0.0</ele>
        <time>2026-07-04T13:30:32</time>
      </trkpt>
      <trkpt lat="31.1923828125" lon="121.32836151123">
        <ele>0.0</ele>
        <time>2026-07-04T13:30:41</time>
      </trkpt>
      <trkpt lat="31.1923828125" lon="121.32857513428">
        <ele>0.0</ele>
        <time>2026-07-04T13:30:47</time>
      </trkpt>
      <trkpt lat="31.192407608032" lon="121.32891845703">
        <ele>0.0</ele>
        <time>2026-07-04T13:30:53</time>
      </trkpt>
      <trkpt lat="31.192417144775" lon="121.32925415039">
        <ele>0.0</ele>
        <time>2026-07-04T13:31:02</time>
      </trkpt>
      <trkpt lat="31.192420959473" lon="121.32947540283">
        <ele>0.0</ele>
        <time>2026-07-04T13:31:08</time>
      </trkpt>
      <trkpt lat="31.192432403564" lon="121.32968139648">
        <ele>0.0</ele>
        <time>2026-07-04T13:31:13</time>
      </trkpt>
      <trkpt lat="31.192611694336" lon="121.32994842529">
        <ele>0.0</ele>
        <time>2026-07-04T13:31:21</time>
      </trkpt>
      <trkpt lat="31.192989349365" lon="121.32997894287">
        <ele>0.0</ele>
        <time>2026-07-04T13:31:31</time>
      </trkpt>
      <trkpt lat="31.193269729614" lon="121.32997131348">
        <ele>0.0</ele>
        <time>2026-07-04T13:31:36</time>
      </trkpt>
      <trkpt lat="31.193470001221" lon="121.32994842529">
        <ele>0.0</ele>
        <time>2026-07-04T13:31:40</time>
      </trkpt>
      <trkpt lat="31.193700790405" lon="121.32994842529">
        <ele>0.0</ele>
        <time>2026-07-04T13:31:46</time>
      </trkpt>
      <trkpt lat="31.193939208984" lon="121.32992553711">
        <ele>0.0</ele>
        <time>2026-07-04T13:31:50</time>
      </trkpt>
      <trkpt lat="31.194236755371" lon="121.32990264893">
        <ele>0.0</ele>
        <time>2026-07-04T13:31:55</time>
      </trkpt>
      <trkpt lat="31.194522857666" lon="121.32989501953">
        <ele>0.0</ele>
        <time>2026-07-04T13:32:00</time>
      </trkpt>
      <trkpt lat="31.194864273071" lon="121.32987976074">
        <ele>0.0</ele>
        <time>2026-07-04T13:32:05</time>
      </trkpt>
      <trkpt lat="31.195129394531" lon="121.32985687256">
        <ele>0.0</ele>
        <time>2026-07-04T13:32:10</time>
      </trkpt>
      <trkpt lat="31.195518493652" lon="121.32984161377">
        <ele>0.0</ele>
        <time>2026-07-04T13:32:20</time>
      </trkpt>
      <trkpt lat="31.1960105896" lon="121.32981872559">
        <ele>0.0</ele>
        <time>2026-07-04T13:32:24</time>
      </trkpt>
      <trkpt lat="31.196435928345" lon="121.3297958374">
        <ele>0.0</ele>
        <time>2026-07-04T13:32:32</time>
      </trkpt>
      <trkpt lat="31.197238922119" lon="121.32975006104">
        <ele>0.0</ele>
        <time>2026-07-04T13:32:47</time>
      </trkpt>
      <trkpt lat="31.1982421875" lon="121.32969665527">
        <ele>0.0</ele>
        <time>2026-07-04T13:32:57</time>
      </trkpt>
      <trkpt lat="31.198871612549" lon="121.3296585083">
        <ele>0.0</ele>
        <time>2026-07-04T13:33:07</time>
      </trkpt>
      <trkpt lat="31.199489593506" lon="121.32962799072">
        <ele>0.0</ele>
        <time>2026-07-04T13:33:12</time>
      </trkpt>
      <trkpt lat="31.199867248535" lon="121.32960510254">
        <ele>0.0</ele>
        <time>2026-07-04T13:33:17</time>
      </trkpt>
      <trkpt lat="31.200302124023" lon="121.32957458496">
        <ele>0.0</ele>
        <time>2026-07-04T13:33:22</time>
      </trkpt>
      <trkpt lat="31.200714111328" lon="121.32955932617">
        <ele>0.0</ele>
        <time>2026-07-04T13:33:27</time>
      </trkpt>
      <trkpt lat="31.201320648193" lon="121.3295211792">
        <ele>0.0</ele>
        <time>2026-07-04T13:33:37</time>
      </trkpt>
      <trkpt lat="31.201686859131" lon="121.32950592041">
        <ele>0.0</ele>
        <time>2026-07-04T13:33:42</time>
      </trkpt>
      <trkpt lat="31.202138900757" lon="121.32947540283">
        <ele>0.0</ele>
        <time>2026-07-04T13:33:47</time>
      </trkpt>
      <trkpt lat="31.202487945557" lon="121.32946777344">
        <ele>0.0</ele>
        <time>2026-07-04T13:33:52</time>
      </trkpt>
      <trkpt lat="31.202934265137" lon="121.32943725586">
        <ele>0.0</ele>
        <time>2026-07-04T13:33:55</time>
      </trkpt>
      <trkpt lat="31.203369140625" lon="121.32941436768">
        <ele>0.0</ele>
        <time>2026-07-04T13:34:00</time>
      </trkpt>
      <trkpt lat="31.203731536865" lon="121.32939910889">
        <ele>0.0</ele>
        <time>2026-07-04T13:34:05</time>
      </trkpt>
      <trkpt lat="31.204193115234" lon="121.3293762207">
        <ele>0.0</ele>
        <time>2026-07-04T13:34:10</time>
      </trkpt>
      <trkpt lat="31.204919815063" lon="121.32933044434">
        <ele>0.0</ele>
        <time>2026-07-04T13:34:20</time>
      </trkpt>
      <trkpt lat="31.205408096313" lon="121.32929992676">
        <ele>0.0</ele>
        <time>2026-07-04T13:34:25</time>
      </trkpt>
      <trkpt lat="31.20588684082" lon="121.32927703857">
        <ele>0.0</ele>
        <time>2026-07-04T13:34:30</time>
      </trkpt>
      <trkpt lat="31.206293106079" lon="121.32926177979">
        <ele>0.0</ele>
        <time>2026-07-04T13:34:35</time>
      </trkpt>
      <trkpt lat="31.206722259521" lon="121.32923126221">
        <ele>0.0</ele>
        <time>2026-07-04T13:34:40</time>
      </trkpt>
      <trkpt lat="31.207019805908" lon="121.32920837402">
        <ele>0.0</ele>
        <time>2026-07-04T13:34:45</time>
      </trkpt>
      <trkpt lat="31.207237243652" lon="121.32920074463">
        <ele>0.0</ele>
        <time>2026-07-04T13:34:50</time>
      </trkpt>
      <trkpt lat="31.207431793213" lon="121.32920074463">
        <ele>0.0</ele>
        <time>2026-07-04T13:34:55</time>
      </trkpt>
      <trkpt lat="31.207683563232" lon="121.32918548584">
        <ele>0.0</ele>
        <time>2026-07-04T13:35:00</time>
      </trkpt>
      <trkpt lat="31.207864761353" lon="121.32916259766">
        <ele>0.0</ele>
        <time>2026-07-04T13:35:09</time>
      </trkpt>
      <trkpt lat="31.208248138428" lon="121.32914733887">
        <ele>0.0</ele>
        <time>2026-07-04T13:37:11</time>
      </trkpt>
      <trkpt lat="31.208415985107" lon="121.32914733887">
        <ele>0.0</ele>
        <time>2026-07-04T13:37:21</time>
      </trkpt>
      <trkpt lat="31.209320068359" lon="121.32943725586">
        <ele>0.0</ele>
        <time>2026-07-04T13:37:51</time>
      </trkpt>
      <trkpt lat="31.209342956543" lon="121.32961273193">
        <ele>0.0</ele>
        <time>2026-07-04T13:37:56</time>
      </trkpt>
      <trkpt lat="31.20938873291" lon="121.32975006104">
        <ele>0.0</ele>
        <time>2026-07-04T13:38:01</time>
      </trkpt>
      <trkpt lat="31.209505081177" lon="121.32984924316">
        <ele>0.0</ele>
        <time>2026-07-04T13:38:06</time>
      </trkpt>
      <trkpt lat="31.209651947021" lon="121.32989501953">
        <ele>0.0</ele>
        <time>2026-07-04T13:38:11</time>
      </trkpt>
      <trkpt lat="31.209924697876" lon="121.32990264893">
        <ele>0.0</ele>
        <time>2026-07-04T13:38:21</time>
      </trkpt>
      <trkpt lat="31.21028137207" lon="121.32988739014">
        <ele>0.0</ele>
        <time>2026-07-04T13:38:31</time>
      </trkpt>
      <trkpt lat="31.210784912109" lon="121.32984924316">
        <ele>0.0</ele>
        <time>2026-07-04T13:38:41</time>
      </trkpt>
      <trkpt lat="31.211013793945" lon="121.32984161377">
        <ele>0.0</ele>
        <time>2026-07-04T13:38:46</time>
      </trkpt>
      <trkpt lat="31.211204528809" lon="121.32981872559">
        <ele>0.0</ele>
        <time>2026-07-04T13:38:51</time>
      </trkpt>
      <trkpt lat="31.211402893066" lon="121.32981872559">
        <ele>0.0</ele>
        <time>2026-07-04T13:38:59</time>
      </trkpt>
      <trkpt lat="31.211505889893" lon="121.32992553711">
        <ele>0.0</ele>
        <time>2026-07-04T13:39:04</time>
      </trkpt>
      <trkpt lat="31.211540222168" lon="121.33001708984">
        <ele>0.0</ele>
        <time>2026-07-04T13:39:09</time>
      </trkpt>
      <trkpt lat="31.211563110352" lon="121.33012390137">
        <ele>0.0</ele>
        <time>2026-07-04T13:39:14</time>
      </trkpt>
      <trkpt lat="31.211563110352" lon="121.33020782471">
        <ele>0.0</ele>
        <time>2026-07-04T13:39:19</time>
      </trkpt>
      <trkpt lat="31.211540222168" lon="121.33027648926">
        <ele>0.0</ele>
        <time>2026-07-04T13:39:24</time>
      </trkpt>
      <trkpt lat="31.211540222168" lon="121.33031463623">
        <ele>0.0</ele>
        <time>2026-07-04T13:39:29</time>
      </trkpt>
      <trkpt lat="31.211540222168" lon="121.33031463623">
        <ele>0.0</ele>
        <time>2026-07-04T13:39:34</time>
      </trkpt>
      <trkpt lat="31.211540222168" lon="121.33032989502">
        <ele>0.0</ele>
        <time>2026-07-04T13:39:39</time>
      </trkpt>
      <trkpt lat="31.211540222168" lon="121.33032989502">
        <ele>0.0</ele>
        <time>2026-07-04T13:39:48</time>
      </trkpt>
      <trkpt lat="31.211540222168" lon="121.33032989502">
        <ele>0.0</ele>
        <time>2026-07-04T13:40:00</time>
      </trkpt>
      <trkpt lat="31.211540222168" lon="121.33032989502">
        <ele>0.0</ele>
        <time>2026-07-04T13:40:05</time>
      </trkpt>
      <trkpt lat="31.211540222168" lon="121.33032989502">
        <ele>0.0</ele>
        <time>2026-07-04T13:40:13</time>
      </trkpt>
      <trkpt lat="31.211540222168" lon="121.33032989502">
        <ele>0.0</ele>
        <time>2026-07-04T13:40:32</time>
      </trkpt>
      <trkpt lat="31.211540222168" lon="121.33032989502">
        <ele>0.0</ele>
        <time>2026-07-04T13:40:37</time>
      </trkpt>
      <trkpt lat="31.211540222168" lon="121.33032989502">
        <ele>0.0</ele>
        <time>2026-07-04T13:40:46</time>
      </trkpt>
      <trkpt lat="31.211540222168" lon="121.33032989502">
        <ele>0.0</ele>
        <time>2026-07-04T13:40:50</time>
      </trkpt>
      <trkpt lat="31.211540222168" lon="121.33036804199">
        <ele>0.0</ele>
        <time>2026-07-04T13:41:00</time>
      </trkpt>
      <trkpt lat="31.211540222168" lon="121.33043670654">
        <ele>0.0</ele>
        <time>2026-07-04T13:41:05</time>
      </trkpt>
      <trkpt lat="31.21155166626" lon="121.33057403564">
        <ele>0.0</ele>
        <time>2026-07-04T13:41:10</time>
      </trkpt>
      <trkpt lat="31.2115650177" lon="121.33072662354">
        <ele>0.0</ele>
        <time>2026-07-04T13:41:15</time>
      </trkpt>
      <trkpt lat="31.211574554443" lon="121.3309173584">
        <ele>0.0</ele>
        <time>2026-07-04T13:41:20</time>
      </trkpt>
      <trkpt lat="31.211585998535" lon="121.33120727539">
        <ele>0.0</ele>
        <time>2026-07-04T13:41:30</time>
      </trkpt>
      <trkpt lat="31.211587905884" lon="121.3314666748">
        <ele>0.0</ele>
        <time>2026-07-04T13:41:35</time>
      </trkpt>
      <trkpt lat="31.211505889893" lon="121.33166503906">
        <ele>0.0</ele>
        <time>2026-07-04T13:41:40</time>
      </trkpt>
      <trkpt lat="31.211261749268" lon="121.33177185059">
        <ele>0.0</ele>
        <time>2026-07-04T13:41:50</time>
      </trkpt>
      <trkpt lat="31.211053848267" lon="121.3317565918">
        <ele>0.0</ele>
        <time>2026-07-04T13:42:00</time>
      </trkpt>
      <trkpt lat="31.210842132568" lon="121.33177185059">
        <ele>0.0</ele>
        <time>2026-07-04T13:42:09</time>
      </trkpt>
      <trkpt lat="31.210487365723" lon="121.33179473877">
        <ele>0.0</ele>
        <time>2026-07-04T13:42:19</time>
      </trkpt>
      <trkpt lat="31.210039138794" lon="121.33180999756">
        <ele>0.0</ele>
        <time>2026-07-04T13:42:24</time>
      </trkpt>
      <trkpt lat="31.208656311035" lon="121.3318862915">
        <ele>0.0</ele>
        <time>2026-07-04T13:42:29</time>
      </trkpt>
      <trkpt lat="31.198286056519" lon="121.33245849609">
        <ele>45.72</ele>
        <time>2026-07-04T13:42:49</time>
      </trkpt>
      <trkpt lat="31.189441680908" lon="121.33295440674">
        <ele>60.96</ele>
        <time>2026-07-04T13:43:04</time>
      </trkpt>
      <trkpt lat="31.177616119385" lon="121.33333587646">
        <ele>220.98</ele>
        <time>2026-07-04T13:43:19</time>
      </trkpt>
      <trkpt lat="31.166025161743" lon="121.33355712891">
        <ele>419.1</ele>
        <time>2026-07-04T13:43:34</time>
      </trkpt>
      <trkpt lat="31.154020309448" lon="121.33408355713">
        <ele>594.36</ele>
        <time>2026-07-04T13:43:49</time>
      </trkpt>
      <trkpt lat="31.142097473145" lon="121.33470916748">
        <ele>762.0</ele>
        <time>2026-07-04T13:44:04</time>
      </trkpt>
      <trkpt lat="31.130489349365" lon="121.33522033691">
        <ele>929.64</ele>
        <time>2026-07-04T13:44:19</time>
      </trkpt>
      <trkpt lat="31.118041992188" lon="121.33596801758">
        <ele>1074.42</ele>
        <time>2026-07-04T13:44:34</time>
      </trkpt>
      <trkpt lat="31.104297637939" lon="121.33674621582">
        <ele>1150.62</ele>
        <time>2026-07-04T13:44:49</time>
      </trkpt>
      <trkpt lat="31.089706420898" lon="121.33640289307">
        <ele>1211.58</ele>
        <time>2026-07-04T13:45:04</time>
      </trkpt>
      <trkpt lat="31.075199127197" lon="121.32788848877">
        <ele>1310.64</ele>
        <time>2026-07-04T13:45:19</time>
      </trkpt>
      <trkpt lat="31.065565109253" lon="121.31268310547">
        <ele>1432.56</ele>
        <time>2026-07-04T13:45:34</time>
      </trkpt>
      <trkpt lat="31.063005447388" lon="121.29235839844">
        <ele>1516.38</ele>
        <time>2026-07-04T13:45:49</time>
      </trkpt>
      <trkpt lat="31.063800811768" lon="121.27226257324">
        <ele>1539.24</ele>
        <time>2026-07-04T13:46:04</time>
      </trkpt>
      <trkpt lat="31.064804077148" lon="121.25168609619">
        <ele>1539.24</ele>
        <time>2026-07-04T13:46:19</time>
      </trkpt>
      <trkpt lat="31.065902709961" lon="121.23106384277">
        <ele>1546.86</ele>
        <time>2026-07-04T13:46:34</time>
      </trkpt>
      <trkpt lat="31.066955566406" lon="121.21054077148">
        <ele>1699.26</ele>
        <time>2026-07-04T13:46:49</time>
      </trkpt>
      <trkpt lat="31.067916870117" lon="121.18884277344">
        <ele>1943.1</ele>
        <time>2026-07-04T13:47:04</time>
      </trkpt>
      <trkpt lat="31.070022583008" lon="121.16751098633">
        <ele>2148.84</ele>
        <time>2026-07-04T13:47:19</time>
      </trkpt>
      <trkpt lat="31.07776260376" lon="121.14849090576">
        <ele>2354.58</ele>
        <time>2026-07-04T13:47:34</time>
      </trkpt>
      <trkpt lat="31.091913223267" lon="121.13256072998">
        <ele>2552.7</ele>
        <time>2026-07-04T13:47:49</time>
      </trkpt>
      <trkpt lat="31.111633300781" lon="121.12351226807">
        <ele>2712.72</ele>
        <time>2026-07-04T13:48:04</time>
      </trkpt>
      <trkpt lat="31.133010864258" lon="121.1217880249">
        <ele>2887.98</ele>
        <time>2026-07-04T13:48:19</time>
      </trkpt>
      <trkpt lat="31.155212402344" lon="121.12076568604">
        <ele>3078.48</ele>
        <time>2026-07-04T13:48:34</time>
      </trkpt>
      <trkpt lat="31.176830291748" lon="121.11975860596">
        <ele>3253.74</ele>
        <time>2026-07-04T13:48:49</time>
      </trkpt>
      <trkpt lat="31.199962615967" lon="121.11866760254">
        <ele>3398.52</ele>
        <time>2026-07-04T13:49:04</time>
      </trkpt>
      <trkpt lat="31.22314453125" lon="121.11759185791">
        <ele>3505.2</ele>
        <time>2026-07-04T13:49:19</time>
      </trkpt>
      <trkpt lat="31.246770858765" lon="121.11624145508">
        <ele>3596.64</ele>
        <time>2026-07-04T13:49:34</time>
      </trkpt>
      <trkpt lat="31.272445678711" lon="121.11473846436">
        <ele>3718.56</ele>
        <time>2026-07-04T13:49:49</time>
      </trkpt>
      <trkpt lat="31.298233032227" lon="121.11498260498">
        <ele>3878.58</ele>
        <time>2026-07-04T13:50:04</time>
      </trkpt>
      <trkpt lat="31.32346534729" lon="121.12168884277">
        <ele>4053.84</ele>
        <time>2026-07-04T13:50:19</time>
      </trkpt>
      <trkpt lat="31.348617553711" lon="121.13148498535">
        <ele>4213.86</ele>
        <time>2026-07-04T13:50:34</time>
      </trkpt>
      <trkpt lat="31.374393463135" lon="121.1420135498">
        <ele>4434.84</ele>
        <time>2026-07-04T13:50:49</time>
      </trkpt>
      <trkpt lat="31.398880004883" lon="121.15222167969">
        <ele>4663.44</ele>
        <time>2026-07-04T13:51:04</time>
      </trkpt>
      <trkpt lat="31.423370361328" lon="121.16239929199">
        <ele>4914.9</ele>
        <time>2026-07-04T13:51:19</time>
      </trkpt>
      <trkpt lat="31.447860717773" lon="121.17273712158">
        <ele>5113.02</ele>
        <time>2026-07-04T13:51:34</time>
      </trkpt>
      <trkpt lat="31.472013473511" lon="121.18287658691">
        <ele>5257.8</ele>
        <time>2026-07-04T13:51:49</time>
      </trkpt>
      <trkpt lat="31.49621963501" lon="121.19293212891">
        <ele>5387.34</ele>
        <time>2026-07-04T13:52:04</time>
      </trkpt>
      <trkpt lat="31.521078109741" lon="121.20331573486">
        <ele>5516.88</ele>
        <time>2026-07-04T13:52:19</time>
      </trkpt>
      <trkpt lat="31.546371459961" lon="121.21420288086">
        <ele>5631.18</ele>
        <time>2026-07-04T13:52:34</time>
      </trkpt>
      <trkpt lat="31.572372436523" lon="121.22282409668">
        <ele>5722.62</ele>
        <time>2026-07-04T13:52:49</time>
      </trkpt>
      <trkpt lat="31.599334716797" lon="121.2236328125">
        <ele>5836.92</ele>
        <time>2026-07-04T13:53:04</time>
      </trkpt>
      <trkpt lat="31.624145507812" lon="121.21595001221">
        <ele>5935.98</ele>
        <time>2026-07-04T13:53:19</time>
      </trkpt>
      <trkpt lat="31.646770477295" lon="121.20067596436">
        <ele>6065.52</ele>
        <time>2026-07-04T13:53:34</time>
      </trkpt>
      <trkpt lat="31.667037963867" lon="121.18254089355">
        <ele>6210.3</ele>
        <time>2026-07-04T13:53:49</time>
      </trkpt>
      <trkpt lat="31.687545776367" lon="121.16423034668">
        <ele>6355.08</ele>
        <time>2026-07-04T13:54:04</time>
      </trkpt>
      <trkpt lat="31.707893371582" lon="121.14596557617">
        <ele>6492.24</ele>
        <time>2026-07-04T13:54:19</time>
      </trkpt>
      <trkpt lat="31.728515625" lon="121.12738800049">
        <ele>6568.44</ele>
        <time>2026-07-04T13:54:33</time>
      </trkpt>
      <trkpt lat="31.750116348267" lon="121.10795593262">
        <ele>6637.02</ele>
        <time>2026-07-04T13:54:48</time>
      </trkpt>
      <trkpt lat="31.771774291992" lon="121.08856201172">
        <ele>6743.7</ele>
        <time>2026-07-04T13:55:03</time>
      </trkpt>
      <trkpt lat="31.794069290161" lon="121.06861877441">
        <ele>6850.38</ele>
        <time>2026-07-04T13:55:18</time>
      </trkpt>
      <trkpt lat="31.814987182617" lon="121.04983520508">
        <ele>6972.3</ele>
        <time>2026-07-04T13:55:33</time>
      </trkpt>
      <trkpt lat="31.83768081665" lon="121.02964782715">
        <ele>7094.22</ele>
        <time>2026-07-04T13:55:48</time>
      </trkpt>
      <trkpt lat="31.859420776367" lon="121.01025390625">
        <ele>7208.52</ele>
        <time>2026-07-04T13:56:03</time>
      </trkpt>
      <trkpt lat="31.880813598633" lon="120.99105834961">
        <ele>7307.58</ele>
        <time>2026-07-04T13:56:18</time>
      </trkpt>
      <trkpt lat="31.903701782227" lon="120.97051239014">
        <ele>7406.64</ele>
        <time>2026-07-04T13:56:33</time>
      </trkpt>
      <trkpt lat="31.926177978516" lon="120.95035552979">
        <ele>7505.7</ele>
        <time>2026-07-04T13:56:48</time>
      </trkpt>
      <trkpt lat="31.948379516602" lon="120.93030548096">
        <ele>7612.38</ele>
        <time>2026-07-04T13:57:03</time>
      </trkpt>
      <trkpt lat="31.971239089966" lon="120.90981292725">
        <ele>7703.82</ele>
        <time>2026-07-04T13:57:18</time>
      </trkpt>
      <trkpt lat="31.99382019043" lon="120.88951873779">
        <ele>7795.26</ele>
        <time>2026-07-04T13:57:33</time>
      </trkpt>
      <trkpt lat="32.01676940918" lon="120.86878204346">
        <ele>7901.94</ele>
        <time>2026-07-04T13:57:48</time>
      </trkpt>
      <trkpt lat="32.040229797363" lon="120.84770202637">
        <ele>7993.38</ele>
        <time>2026-07-04T13:58:03</time>
      </trkpt>
      <trkpt lat="32.063552856445" lon="120.8265914917">
        <ele>8092.44</ele>
        <time>2026-07-04T13:58:18</time>
      </trkpt>
      <trkpt lat="32.087814331055" lon="120.80456542969">
        <ele>8183.88</ele>
        <time>2026-07-04T13:58:33</time>
      </trkpt>
      <trkpt lat="32.109828948975" lon="120.7845916748">
        <ele>8305.8</ele>
        <time>2026-07-04T13:58:48</time>
      </trkpt>
      <trkpt lat="32.133010864258" lon="120.76306152344">
        <ele>8420.1</ele>
        <time>2026-07-04T13:59:03</time>
      </trkpt>
      <trkpt lat="32.153213500977" lon="120.73453521729">
        <ele>8511.54</ele>
        <time>2026-07-04T13:59:18</time>
      </trkpt>
      <trkpt lat="32.162055969238" lon="120.71480560303">
        <ele>8580.12</ele>
        <time>2026-07-04T13:59:29</time>
      </trkpt>
      <trkpt lat="32.170299530029" lon="120.68388366699">
        <ele>8679.18</ele>
        <time>2026-07-04T13:59:43</time>
      </trkpt>
      <trkpt lat="32.173736572266" lon="120.65125274658">
        <ele>8763.0</ele>
        <time>2026-07-04T13:59:58</time>
      </trkpt>
      <trkpt lat="32.176490783691" lon="120.6184463501">
        <ele>8854.44</ele>
        <time>2026-07-04T14:00:13</time>
      </trkpt>
      <trkpt lat="32.179279327393" lon="120.58486938477">
        <ele>8945.88</ele>
        <time>2026-07-04T14:00:28</time>
      </trkpt>
      <trkpt lat="32.181980133057" lon="120.55107116699">
        <ele>9052.56</ele>
        <time>2026-07-04T14:00:43</time>
      </trkpt>
      <trkpt lat="32.184726715088" lon="120.51760864258">
        <ele>9151.62</ele>
        <time>2026-07-04T14:00:58</time>
      </trkpt>
      <trkpt lat="32.187469482422" lon="120.48426055908">
        <ele>9258.3</ele>
        <time>2026-07-04T14:01:13</time>
      </trkpt>
      <trkpt lat="32.190307617188" lon="120.45008850098">
        <ele>9349.74</ele>
        <time>2026-07-04T14:01:28</time>
      </trkpt>
      <trkpt lat="32.193050384521" lon="120.41647338867">
        <ele>9433.56</ele>
        <time>2026-07-04T14:01:43</time>
      </trkpt>
      <trkpt lat="32.195808410645" lon="120.38314056396">
        <ele>9555.48</ele>
        <time>2026-07-04T14:01:58</time>
      </trkpt>
      <trkpt lat="32.198650360107" lon="120.34906005859">
        <ele>9677.4</ele>
        <time>2026-07-04T14:02:13</time>
      </trkpt>
      <trkpt lat="32.201438903809" lon="120.31446838379">
        <ele>9799.32</ele>
        <time>2026-07-04T14:02:28</time>
      </trkpt>
      <trkpt lat="32.204219818115" lon="120.28018951416">
        <ele>9928.86</ele>
        <time>2026-07-04T14:02:43</time>
      </trkpt>
      <trkpt lat="32.207015991211" lon="120.24568939209">
        <ele>10050.78</ele>
        <time>2026-07-04T14:02:58</time>
      </trkpt>
      <trkpt lat="32.209819793701" lon="120.21195220947">
        <ele>10180.32</ele>
        <time>2026-07-04T14:03:13</time>
      </trkpt>
      <trkpt lat="32.212554931641" lon="120.17867279053">
        <ele>10309.86</ele>
        <time>2026-07-04T14:03:28</time>
      </trkpt>
      <trkpt lat="32.215259552002" lon="120.14478302002">
        <ele>10439.4</ele>
        <time>2026-07-04T14:03:43</time>
      </trkpt>
      <trkpt lat="32.218048095703" lon="120.11012268066">
        <ele>10561.32</ele>
        <time>2026-07-04T14:03:58</time>
      </trkpt>
      <trkpt lat="32.220748901367" lon="120.07678222656">
        <ele>10668.0</ele>
        <time>2026-07-04T14:04:13</time>
      </trkpt>
      <trkpt lat="32.223403930664" lon="120.04348754883">
        <ele>10789.92</ele>
        <time>2026-07-04T14:04:28</time>
      </trkpt>
      <trkpt lat="32.226100921631" lon="120.00987243652">
        <ele>10904.22</ele>
        <time>2026-07-04T14:04:43</time>
      </trkpt>
      <trkpt lat="32.229228973389" lon="119.97557830811">
        <ele>10995.66</ele>
        <time>2026-07-04T14:04:58</time>
      </trkpt>
      <trkpt lat="32.233470916748" lon="119.94245147705">
        <ele>11102.34</ele>
        <time>2026-07-04T14:05:13</time>
      </trkpt>
      <trkpt lat="32.238143920898" lon="119.90879821777">
        <ele>11216.64</ele>
        <time>2026-07-04T14:05:28</time>
      </trkpt>
      <trkpt lat="32.242870330811" lon="119.87564086914">
        <ele>11300.46</ele>
        <time>2026-07-04T14:05:43</time>
      </trkpt>
      <trkpt lat="32.247619628906" lon="119.84183502197">
        <ele>11391.9</ele>
        <time>2026-07-04T14:05:58</time>
      </trkpt>
      <trkpt lat="32.252243041992" lon="119.80903625488">
        <ele>11460.48</ele>
        <time>2026-07-04T14:06:13</time>
      </trkpt>
      <trkpt lat="32.257068634033" lon="119.77429199219">
        <ele>11536.68</ele>
        <time>2026-07-04T14:06:28</time>
      </trkpt>
      <trkpt lat="32.261539459229" lon="119.74179840088">
        <ele>11597.64</ele>
        <time>2026-07-04T14:06:43</time>
      </trkpt>
      <trkpt lat="32.266296386719" lon="119.70741271973">
        <ele>11612.88</ele>
        <time>2026-07-04T14:06:58</time>
      </trkpt>
      <trkpt lat="32.271060943604" lon="119.67302703857">
        <ele>11612.88</ele>
        <time>2026-07-04T14:07:13</time>
      </trkpt>
      <trkpt lat="32.27592086792" lon="119.63876342773">
        <ele>11605.26</ele>
        <time>2026-07-04T14:07:28</time>
      </trkpt>
      <trkpt lat="32.280811309814" lon="119.60423278809">
        <ele>11605.26</ele>
        <time>2026-07-04T14:07:43</time>
      </trkpt>
      <trkpt lat="32.285789489746" lon="119.56925201416">
        <ele>11605.26</ele>
        <time>2026-07-04T14:07:58</time>
      </trkpt>
      <trkpt lat="32.290630340576" lon="119.53572845459">
        <ele>11605.26</ele>
        <time>2026-07-04T14:08:13</time>
      </trkpt>
      <trkpt lat="32.29573059082" lon="119.50048828125">
        <ele>11612.88</ele>
        <time>2026-07-04T14:08:28</time>
      </trkpt>
      <trkpt lat="32.30078125" lon="119.46561431885">
        <ele>11612.88</ele>
        <time>2026-07-04T14:08:43</time>
      </trkpt>
      <trkpt lat="32.305671691895" lon="119.4313659668">
        <ele>11612.88</ele>
        <time>2026-07-04T14:08:58</time>
      </trkpt>
      <trkpt lat="32.310607910156" lon="119.39688873291">
        <ele>11605.26</ele>
        <time>2026-07-04T14:09:13</time>
      </trkpt>
      <trkpt lat="32.315643310547" lon="119.36173248291">
        <ele>11605.26</ele>
        <time>2026-07-04T14:09:28</time>
      </trkpt>
      <trkpt lat="32.319450378418" lon="119.33512115479">
        <ele>11612.88</ele>
        <time>2026-07-04T14:09:42</time>
      </trkpt>
      <trkpt lat="32.324337005615" lon="119.30137634277">
        <ele>11605.26</ele>
        <time>2026-07-04T14:09:57</time>
      </trkpt>
      <trkpt lat="32.329181671143" lon="119.26763153076">
        <ele>11612.88</ele>
        <time>2026-07-04T14:10:12</time>
      </trkpt>
      <trkpt lat="32.334270477295" lon="119.23230743408">
        <ele>11612.88</ele>
        <time>2026-07-04T14:10:27</time>
      </trkpt>
      <trkpt lat="32.339309692383" lon="119.19814300537">
        <ele>11605.26</ele>
        <time>2026-07-04T14:10:42</time>
      </trkpt>
      <trkpt lat="32.344619750977" lon="119.16265869141">
        <ele>11605.26</ele>
        <time>2026-07-04T14:10:57</time>
      </trkpt>
      <trkpt lat="32.349658966064" lon="119.12930297852">
        <ele>11612.88</ele>
        <time>2026-07-04T14:11:12</time>
      </trkpt>
      <trkpt lat="32.354831695557" lon="119.09454345703">
        <ele>11612.88</ele>
        <time>2026-07-04T14:11:27</time>
      </trkpt>
      <trkpt lat="32.359951019287" lon="119.06030273438">
        <ele>11612.88</ele>
        <time>2026-07-04T14:11:42</time>
      </trkpt>
      <trkpt lat="32.365261077881" lon="119.02481079102">
        <ele>11612.88</ele>
        <time>2026-07-04T14:11:57</time>
      </trkpt>
      <trkpt lat="32.370300292969" lon="118.99099731445">
        <ele>11605.26</ele>
        <time>2026-07-04T14:12:12</time>
      </trkpt>
      <trkpt lat="32.375450134277" lon="118.95671081543">
        <ele>11612.88</ele>
        <time>2026-07-04T14:12:27</time>
      </trkpt>
      <trkpt lat="32.380508422852" lon="118.91914367676">
        <ele>11612.88</ele>
        <time>2026-07-04T14:12:41</time>
      </trkpt>
      <trkpt lat="32.379035949707" lon="118.8846282959">
        <ele>11612.88</ele>
        <time>2026-07-04T14:12:56</time>
      </trkpt>
      <trkpt lat="32.371170043945" lon="118.85234069824">
        <ele>11612.88</ele>
        <time>2026-07-04T14:13:11</time>
      </trkpt>
      <trkpt lat="32.357345581055" lon="118.82186126709">
        <ele>11612.88</ele>
        <time>2026-07-04T14:13:26</time>
      </trkpt>
      <trkpt lat="32.342697143555" lon="118.79379272461">
        <ele>11605.26</ele>
        <time>2026-07-04T14:13:41</time>
      </trkpt>
      <trkpt lat="32.327781677246" lon="118.76461791992">
        <ele>11605.26</ele>
        <time>2026-07-04T14:13:56</time>
      </trkpt>
      <trkpt lat="32.312850952148" lon="118.73545837402">
        <ele>11612.88</ele>
        <time>2026-07-04T14:14:11</time>
      </trkpt>
      <trkpt lat="32.298385620117" lon="118.70722198486">
        <ele>11612.88</ele>
        <time>2026-07-04T14:14:26</time>
      </trkpt>
      <trkpt lat="32.283184051514" lon="118.67756652832">
        <ele>11612.88</ele>
        <time>2026-07-04T14:14:41</time>
      </trkpt>
      <trkpt lat="32.268630981445" lon="118.64904785156">
        <ele>11612.88</ele>
        <time>2026-07-04T14:14:56</time>
      </trkpt>
      <trkpt lat="32.253578186035" lon="118.61972045898">
        <ele>11612.88</ele>
        <time>2026-07-04T14:15:11</time>
      </trkpt>
      <trkpt lat="32.238403320312" lon="118.59024047852">
        <ele>11612.88</ele>
        <time>2026-07-04T14:15:26</time>
      </trkpt>
      <trkpt lat="32.223651885986" lon="118.56147766113">
        <ele>11605.26</ele>
        <time>2026-07-04T14:15:41</time>
      </trkpt>
      <trkpt lat="32.208526611328" lon="118.53209686279">
        <ele>11605.26</ele>
        <time>2026-07-04T14:15:56</time>
      </trkpt>
      <trkpt lat="32.193328857422" lon="118.50248718262">
        <ele>11612.88</ele>
        <time>2026-07-04T14:16:11</time>
      </trkpt>
      <trkpt lat="32.17822265625" lon="118.4732131958">
        <ele>11612.88</ele>
        <time>2026-07-04T14:16:26</time>
      </trkpt>
      <trkpt lat="32.163116455078" lon="118.44393157959">
        <ele>11612.88</ele>
        <time>2026-07-04T14:16:41</time>
      </trkpt>
      <trkpt lat="32.148147583008" lon="118.41498565674">
        <ele>11605.26</ele>
        <time>2026-07-04T14:16:56</time>
      </trkpt>
      <trkpt lat="32.133178710938" lon="118.38603210449">
        <ele>11612.88</ele>
        <time>2026-07-04T14:17:11</time>
      </trkpt>
      <trkpt lat="32.117408752441" lon="118.35571289062">
        <ele>11612.88</ele>
        <time>2026-07-04T14:17:26</time>
      </trkpt>
      <trkpt lat="32.102188110352" lon="118.32628631592">
        <ele>11605.26</ele>
        <time>2026-07-04T14:17:41</time>
      </trkpt>
      <trkpt lat="32.08740234375" lon="118.29776000977">
        <ele>11605.26</ele>
        <time>2026-07-04T14:17:56</time>
      </trkpt>
      <trkpt lat="32.071559906006" lon="118.26726531982">
        <ele>11612.88</ele>
        <time>2026-07-04T14:18:11</time>
      </trkpt>
      <trkpt lat="32.058792114258" lon="118.23634338379">
        <ele>11612.88</ele>
        <time>2026-07-04T14:18:26</time>
      </trkpt>
      <trkpt lat="32.050941467285" lon="118.20346832275">
        <ele>11605.26</ele>
        <time>2026-07-04T14:18:41</time>
      </trkpt>
      <trkpt lat="32.0478515625" lon="118.16822814941">
        <ele>11612.88</ele>
        <time>2026-07-04T14:18:56</time>
      </trkpt>
      <trkpt lat="32.047119140625" lon="118.12994384766">
        <ele>11605.26</ele>
        <time>2026-07-04T14:19:11</time>
      </trkpt>
      <trkpt lat="32.046375274658" lon="118.0952911377">
        <ele>11605.26</ele>
        <time>2026-07-04T14:19:26</time>
      </trkpt>
      <trkpt lat="32.045539855957" lon="118.05986785889">
        <ele>11605.26</ele>
        <time>2026-07-04T14:19:41</time>
      </trkpt>
      <trkpt lat="32.044651031494" lon="118.02113342285">
        <ele>11605.26</ele>
        <time>2026-07-04T14:20:00</time>
      </trkpt>
      <trkpt lat="32.04381942749" lon="117.98542022705">
        <ele>11612.88</ele>
        <time>2026-07-04T14:20:15</time>
      </trkpt>
      <trkpt lat="32.043121337891" lon="117.95107269287">
        <ele>11605.26</ele>
        <time>2026-07-04T14:20:30</time>
      </trkpt>
      <trkpt lat="32.042278289795" lon="117.91502380371">
        <ele>11605.26</ele>
        <time>2026-07-04T14:20:44</time>
      </trkpt>
      <trkpt lat="32.041305541992" lon="117.8773651123">
        <ele>11612.88</ele>
        <time>2026-07-04T14:20:59</time>
      </trkpt>
      <trkpt lat="32.036552429199" lon="117.84238433838">
        <ele>11605.26</ele>
        <time>2026-07-04T14:21:14</time>
      </trkpt>
      <trkpt lat="32.027099609375" lon="117.80986785889">
        <ele>11605.26</ele>
        <time>2026-07-04T14:21:29</time>
      </trkpt>
      <trkpt lat="32.01314163208" lon="117.77931976318">
        <ele>11612.88</ele>
        <time>2026-07-04T14:21:44</time>
      </trkpt>
      <trkpt lat="31.997268676758" lon="117.74937438965">
        <ele>11605.26</ele>
        <time>2026-07-04T14:21:59</time>
      </trkpt>
      <trkpt lat="31.982086181641" lon="117.72046661377">
        <ele>11605.26</ele>
        <time>2026-07-04T14:22:13</time>
      </trkpt>
      <trkpt lat="31.966159820557" lon="117.69013977051">
        <ele>11612.88</ele>
        <time>2026-07-04T14:22:28</time>
      </trkpt>
      <trkpt lat="31.950988769531" lon="117.66138458252">
        <ele>11612.88</ele>
        <time>2026-07-04T14:22:43</time>
      </trkpt>
      <trkpt lat="31.935012817383" lon="117.63143920898">
        <ele>11605.26</ele>
        <time>2026-07-04T14:22:58</time>
      </trkpt>
      <trkpt lat="31.918809890747" lon="117.60249328613">
        <ele>11605.26</ele>
        <time>2026-07-04T14:23:13</time>
      </trkpt>
      <trkpt lat="31.902328491211" lon="117.5743637085">
        <ele>11612.88</ele>
        <time>2026-07-04T14:23:28</time>
      </trkpt>
      <trkpt lat="31.884790420532" lon="117.54563903809">
        <ele>11612.88</ele>
        <time>2026-07-04T14:23:43</time>
      </trkpt>
      <trkpt lat="31.867567062378" lon="117.51755523682">
        <ele>11612.88</ele>
        <time>2026-07-04T14:23:58</time>
      </trkpt>
      <trkpt lat="31.850646972656" lon="117.48988342285">
        <ele>11605.26</ele>
        <time>2026-07-04T14:24:13</time>
      </trkpt>
      <trkpt lat="31.833114624023" lon="117.46125793457">
        <ele>11612.88</ele>
        <time>2026-07-04T14:24:28</time>
      </trkpt>
      <trkpt lat="31.815765380859" lon="117.43296813965">
        <ele>11612.88</ele>
        <time>2026-07-04T14:24:43</time>
      </trkpt>
      <trkpt lat="31.798250198364" lon="117.4044418335">
        <ele>11612.88</ele>
        <time>2026-07-04T14:24:58</time>
      </trkpt>
      <trkpt lat="31.780879974365" lon="117.37634277344">
        <ele>11612.88</ele>
        <time>2026-07-04T14:25:13</time>
      </trkpt>
      <trkpt lat="31.763214111328" lon="117.34766387939">
        <ele>11612.88</ele>
        <time>2026-07-04T14:25:28</time>
      </trkpt>
      <trkpt lat="31.746368408203" lon="117.32014465332">
        <ele>11605.26</ele>
        <time>2026-07-04T14:25:43</time>
      </trkpt>
      <trkpt lat="31.729064941406" lon="117.29203033447">
        <ele>11605.26</ele>
        <time>2026-07-04T14:25:58</time>
      </trkpt>
      <trkpt lat="31.711477279663" lon="117.2633972168">
        <ele>11612.88</ele>
        <time>2026-07-04T14:26:13</time>
      </trkpt>
      <trkpt lat="31.694671630859" lon="117.23609924316">
        <ele>11605.26</ele>
        <time>2026-07-04T14:26:28</time>
      </trkpt>
      <trkpt lat="31.676971435547" lon="117.2075881958">
        <ele>11612.88</ele>
        <time>2026-07-04T14:26:43</time>
      </trkpt>
      <trkpt lat="31.65957069397" lon="117.17945861816">
        <ele>11605.26</ele>
        <time>2026-07-04T14:26:58</time>
      </trkpt>
      <trkpt lat="31.6422996521" lon="117.15149688721">
        <ele>11612.88</ele>
        <time>2026-07-04T14:27:13</time>
      </trkpt>
      <trkpt lat="31.625106811523" lon="117.12378692627">
        <ele>11612.88</ele>
        <time>2026-07-04T14:27:28</time>
      </trkpt>
      <trkpt lat="31.608177185059" lon="117.0964050293">
        <ele>11612.88</ele>
        <time>2026-07-04T14:27:43</time>
      </trkpt>
      <trkpt lat="31.590581893921" lon="117.06811523438">
        <ele>11605.26</ele>
        <time>2026-07-04T14:27:58</time>
      </trkpt>
      <trkpt lat="31.573450088501" lon="117.04048156738">
        <ele>11612.88</ele>
        <time>2026-07-04T14:28:13</time>
      </trkpt>
      <trkpt lat="31.555709838867" lon="117.01198577881">
        <ele>11605.26</ele>
        <time>2026-07-04T14:28:28</time>
      </trkpt>
      <trkpt lat="31.538722991943" lon="116.98456573486">
        <ele>11612.88</ele>
        <time>2026-07-04T14:28:43</time>
      </trkpt>
      <trkpt lat="31.521194458008" lon="116.9564666748">
        <ele>11612.88</ele>
        <time>2026-07-04T14:28:58</time>
      </trkpt>
      <trkpt lat="31.50394821167" lon="116.92869567871">
        <ele>11612.88</ele>
        <time>2026-07-04T14:29:13</time>
      </trkpt>
      <trkpt lat="31.486450195312" lon="116.90055847168">
        <ele>11605.26</ele>
        <time>2026-07-04T14:29:28</time>
      </trkpt>
      <trkpt lat="31.46870803833" lon="116.87211608887">
        <ele>11612.88</ele>
        <time>2026-07-04T14:29:43</time>
      </trkpt>
      <trkpt lat="31.451614379883" lon="116.84471893311">
        <ele>11605.26</ele>
        <time>2026-07-04T14:29:58</time>
      </trkpt>
      <trkpt lat="31.433794021606" lon="116.81625366211">
        <ele>11612.88</ele>
        <time>2026-07-04T14:30:13</time>
      </trkpt>
      <trkpt lat="31.416801452637" lon="116.7890625">
        <ele>11612.88</ele>
        <time>2026-07-04T14:30:28</time>
      </trkpt>
      <trkpt lat="31.399112701416" lon="116.76066589355">
        <ele>11612.88</ele>
        <time>2026-07-04T14:30:43</time>
      </trkpt>
      <trkpt lat="31.381561279297" lon="116.73265075684">
        <ele>11612.88</ele>
        <time>2026-07-04T14:30:58</time>
      </trkpt>
      <trkpt lat="31.364135742188" lon="116.70485687256">
        <ele>11612.88</ele>
        <time>2026-07-04T14:31:13</time>
      </trkpt>
      <trkpt lat="31.346462249756" lon="116.67667388916">
        <ele>11612.88</ele>
        <time>2026-07-04T14:31:28</time>
      </trkpt>
      <trkpt lat="31.32886505127" lon="116.64860534668">
        <ele>11612.88</ele>
        <time>2026-07-04T14:31:43</time>
      </trkpt>
      <trkpt lat="31.311309814453" lon="116.62062835693">
        <ele>11612.88</ele>
        <time>2026-07-04T14:31:58</time>
      </trkpt>
      <trkpt lat="31.286270141602" lon="116.58070373535">
        <ele>11612.88</ele>
        <time>2026-07-04T14:32:23</time>
      </trkpt>
      <trkpt lat="31.268672943115" lon="116.55252838135">
        <ele>11605.26</ele>
        <time>2026-07-04T14:32:38</time>
      </trkpt>
      <trkpt lat="31.24967956543" lon="116.52220153809">
        <ele>11605.26</ele>
        <time>2026-07-04T14:32:53</time>
      </trkpt>
      <trkpt lat="31.23268699646" lon="116.49528503418">
        <ele>11605.26</ele>
        <time>2026-07-04T14:33:08</time>
      </trkpt>
      <trkpt lat="31.214765548706" lon="116.46688842773">
        <ele>11612.88</ele>
        <time>2026-07-04T14:33:23</time>
      </trkpt>
      <trkpt lat="31.19709777832" lon="116.43891906738">
        <ele>11612.88</ele>
        <time>2026-07-04T14:33:38</time>
      </trkpt>
      <trkpt lat="31.179107666016" lon="116.41037750244">
        <ele>11605.26</ele>
        <time>2026-07-04T14:33:53</time>
      </trkpt>
      <trkpt lat="31.161415100098" lon="116.38234710693">
        <ele>11605.26</ele>
        <time>2026-07-04T14:34:08</time>
      </trkpt>
      <trkpt lat="31.142423629761" lon="116.35224914551">
        <ele>11612.88</ele>
        <time>2026-07-04T14:34:23</time>
      </trkpt>
      <trkpt lat="31.123149871826" lon="116.3217010498">
        <ele>11612.88</ele>
        <time>2026-07-04T14:34:38</time>
      </trkpt>
      <trkpt lat="31.105270385742" lon="116.29341125488">
        <ele>11612.88</ele>
        <time>2026-07-04T14:34:53</time>
      </trkpt>
      <trkpt lat="31.087692260742" lon="116.26577758789">
        <ele>11605.26</ele>
        <time>2026-07-04T14:35:08</time>
      </trkpt>
      <trkpt lat="31.069839477539" lon="116.23760986328">
        <ele>11605.26</ele>
        <time>2026-07-04T14:35:23</time>
      </trkpt>
      <trkpt lat="31.051986694336" lon="116.20934295654">
        <ele>11612.88</ele>
        <time>2026-07-04T14:35:38</time>
      </trkpt>
      <trkpt lat="31.033813476562" lon="116.18068695068">
        <ele>11612.88</ele>
        <time>2026-07-04T14:35:53</time>
      </trkpt>
      <trkpt lat="31.015800476074" lon="116.15223693848">
        <ele>11612.88</ele>
        <time>2026-07-04T14:36:08</time>
      </trkpt>
      <trkpt lat="30.998149871826" lon="116.12463378906">
        <ele>11605.26</ele>
        <time>2026-07-04T14:36:23</time>
      </trkpt>
      <trkpt lat="30.979629516602" lon="116.09549713135">
        <ele>11605.26</ele>
        <time>2026-07-04T14:36:38</time>
      </trkpt>
      <trkpt lat="30.960542678833" lon="116.06550598145">
        <ele>11605.26</ele>
        <time>2026-07-04T14:36:53</time>
      </trkpt>
      <trkpt lat="30.935710906982" lon="116.02645111084">
        <ele>11612.88</ele>
        <time>2026-07-04T14:37:18</time>
      </trkpt>
      <trkpt lat="30.918369293213" lon="115.99919891357">
        <ele>11605.26</ele>
        <time>2026-07-04T14:37:33</time>
      </trkpt>
      <trkpt lat="30.900054931641" lon="115.97055053711">
        <ele>11612.88</ele>
        <time>2026-07-04T14:37:48</time>
      </trkpt>
      <trkpt lat="30.882289886475" lon="115.94278717041">
        <ele>11612.88</ele>
        <time>2026-07-04T14:38:03</time>
      </trkpt>
      <trkpt lat="30.864179611206" lon="115.91443634033">
        <ele>11612.88</ele>
        <time>2026-07-04T14:38:18</time>
      </trkpt>
      <trkpt lat="30.846269607544" lon="115.88670349121">
        <ele>11612.88</ele>
        <time>2026-07-04T14:38:32</time>
      </trkpt>
      <trkpt lat="30.828277587891" lon="115.85939025879">
        <ele>11605.26</ele>
        <time>2026-07-04T14:38:47</time>
      </trkpt>
      <trkpt lat="30.809970855713" lon="115.83171081543">
        <ele>11612.88</ele>
        <time>2026-07-04T14:39:01</time>
      </trkpt>
      <trkpt lat="30.791839599609" lon="115.80445861816">
        <ele>11612.88</ele>
        <time>2026-07-04T14:39:16</time>
      </trkpt>
      <trkpt lat="30.773574829102" lon="115.7767791748">
        <ele>11605.26</ele>
        <time>2026-07-04T14:39:31</time>
      </trkpt>
      <trkpt lat="30.753616333008" lon="115.74640655518">
        <ele>11605.26</ele>
        <time>2026-07-04T14:39:46</time>
      </trkpt>
      <trkpt lat="30.735464096069" lon="115.71894073486">
        <ele>11559.54</ele>
        <time>2026-07-04T14:40:01</time>
      </trkpt>
      <trkpt lat="30.715539932251" lon="115.68872833252">
        <ele>11468.1</ele>
        <time>2026-07-04T14:40:20</time>
      </trkpt>
      <trkpt lat="30.697942733765" lon="115.66213989258">
        <ele>11338.56</ele>
        <time>2026-07-04T14:40:35</time>
      </trkpt>
      <trkpt lat="30.679321289062" lon="115.63401031494">
        <ele>11209.02</ele>
        <time>2026-07-04T14:40:50</time>
      </trkpt>
      <trkpt lat="30.660839080811" lon="115.60600280762">
        <ele>11087.1</ele>
        <time>2026-07-04T14:41:05</time>
      </trkpt>
      <trkpt lat="30.64192199707" lon="115.57740783691">
        <ele>11003.28</ele>
        <time>2026-07-04T14:41:20</time>
      </trkpt>
      <trkpt lat="30.623271942139" lon="115.54947662354">
        <ele>10995.66</ele>
        <time>2026-07-04T14:41:35</time>
      </trkpt>
      <trkpt lat="30.602645874023" lon="115.51844024658">
        <ele>11003.28</ele>
        <time>2026-07-04T14:41:50</time>
      </trkpt>
      <trkpt lat="30.583923339844" lon="115.49027252197">
        <ele>10995.66</ele>
        <time>2026-07-04T14:42:05</time>
      </trkpt>
      <trkpt lat="30.564708709717" lon="115.46119689941">
        <ele>10995.66</ele>
        <time>2026-07-04T14:42:20</time>
      </trkpt>
      <trkpt lat="30.545745849609" lon="115.43254089355">
        <ele>11003.28</ele>
        <time>2026-07-04T14:42:35</time>
      </trkpt>
      <trkpt lat="30.527002334595" lon="115.40434265137">
        <ele>11003.28</ele>
        <time>2026-07-04T14:42:49</time>
      </trkpt>
      <trkpt lat="30.507659912109" lon="115.37540435791">
        <ele>11003.28</ele>
        <time>2026-07-04T14:43:04</time>
      </trkpt>
      <trkpt lat="30.489339828491" lon="115.34799194336">
        <ele>11003.28</ele>
        <time>2026-07-04T14:43:19</time>
      </trkpt>
      <trkpt lat="30.470115661621" lon="115.3191986084">
        <ele>11003.28</ele>
        <time>2026-07-04T14:43:34</time>
      </trkpt>
      <trkpt lat="30.453277587891" lon="115.28955841064">
        <ele>11003.28</ele>
        <time>2026-07-04T14:43:49</time>
      </trkpt>
      <trkpt lat="30.442699432373" lon="115.25421905518">
        <ele>11003.28</ele>
        <time>2026-07-04T14:44:03</time>
      </trkpt>
      <trkpt lat="30.440322875977" lon="115.21954345703">
        <ele>11003.28</ele>
        <time>2026-07-04T14:44:18</time>
      </trkpt>
      <trkpt lat="30.443572998047" lon="115.18427276611">
        <ele>10995.66</ele>
        <time>2026-07-04T14:44:33</time>
      </trkpt>
      <trkpt lat="30.447280883789" lon="115.1475982666">
        <ele>10995.66</ele>
        <time>2026-07-04T14:44:48</time>
      </trkpt>
      <trkpt lat="30.451034545898" lon="115.11145782471">
        <ele>11003.28</ele>
        <time>2026-07-04T14:45:02</time>
      </trkpt>
      <trkpt lat="30.454788208008" lon="115.07580566406">
        <ele>11003.28</ele>
        <time>2026-07-04T14:45:17</time>
      </trkpt>
      <trkpt lat="30.457685470581" lon="115.0485534668">
        <ele>11003.28</ele>
        <time>2026-07-04T14:45:31</time>
      </trkpt>
      <trkpt lat="30.46142578125" lon="115.01210021973">
        <ele>11003.28</ele>
        <time>2026-07-04T14:45:46</time>
      </trkpt>
      <trkpt lat="30.465129852295" lon="114.97638702393">
        <ele>10995.66</ele>
        <time>2026-07-04T14:46:01</time>
      </trkpt>
      <trkpt lat="30.469184875488" lon="114.93748474121">
        <ele>10995.66</ele>
        <time>2026-07-04T14:46:16</time>
      </trkpt>
      <trkpt lat="30.473098754883" lon="114.89954376221">
        <ele>11003.28</ele>
        <time>2026-07-04T14:46:31</time>
      </trkpt>
      <trkpt lat="30.476726531982" lon="114.86354064941">
        <ele>10995.66</ele>
        <time>2026-07-04T14:46:46</time>
      </trkpt>
      <trkpt lat="30.480360031128" lon="114.82723236084">
        <ele>11003.28</ele>
        <time>2026-07-04T14:47:01</time>
      </trkpt>
      <trkpt lat="30.484127044678" lon="114.79037475586">
        <ele>11003.28</ele>
        <time>2026-07-04T14:47:15</time>
      </trkpt>
      <trkpt lat="30.488130569458" lon="114.75164794922">
        <ele>11003.28</ele>
        <time>2026-07-04T14:47:34</time>
      </trkpt>
      <trkpt lat="30.491809844971" lon="114.71479034424">
        <ele>11003.28</ele>
        <time>2026-07-04T14:47:49</time>
      </trkpt>
      <trkpt lat="30.49543762207" lon="114.67916870117">
        <ele>11003.28</ele>
        <time>2026-07-04T14:48:04</time>
      </trkpt>
      <trkpt lat="30.499145507812" lon="114.64184570312">
        <ele>11003.28</ele>
        <time>2026-07-04T14:48:19</time>
      </trkpt>
      <trkpt lat="30.50276184082" lon="114.60549926758">
        <ele>11003.28</ele>
        <time>2026-07-04T14:48:33</time>
      </trkpt>
      <trkpt lat="30.506332397461" lon="114.56949615479">
        <ele>10995.66</ele>
        <time>2026-07-04T14:48:48</time>
      </trkpt>
      <trkpt lat="30.509902954102" lon="114.53392791748">
        <ele>11003.28</ele>
        <time>2026-07-04T14:49:03</time>
      </trkpt>
      <trkpt lat="30.513427734375" lon="114.4976272583">
        <ele>10995.66</ele>
        <time>2026-07-04T14:49:17</time>
      </trkpt>
      <trkpt lat="30.517044067383" lon="114.46132659912">
        <ele>11003.28</ele>
        <time>2026-07-04T14:49:31</time>
      </trkpt>
      <trkpt lat="30.520719528198" lon="114.42343139648">
        <ele>10995.66</ele>
        <time>2026-07-04T14:49:46</time>
      </trkpt>
      <trkpt lat="30.524230957031" lon="114.387550354">
        <ele>10995.66</ele>
        <time>2026-07-04T14:50:01</time>
      </trkpt>
      <trkpt lat="30.52765083313" lon="114.35279083252">
        <ele>10995.66</ele>
        <time>2026-07-04T14:50:16</time>
      </trkpt>
      <trkpt lat="30.531190872192" lon="114.31685638428">
        <ele>11003.28</ele>
        <time>2026-07-04T14:50:31</time>
      </trkpt>
      <trkpt lat="30.534679412842" lon="114.2805480957">
        <ele>10995.66</ele>
        <time>2026-07-04T14:50:46</time>
      </trkpt>
      <trkpt lat="30.539659500122" lon="114.22997283936">
        <ele>10995.66</ele>
        <time>2026-07-04T14:51:11</time>
      </trkpt>
      <trkpt lat="30.543060302734" lon="114.19529724121">
        <ele>10995.66</ele>
        <time>2026-07-04T14:51:26</time>
      </trkpt>
      <trkpt lat="30.546661376953" lon="114.15759277344">
        <ele>11003.28</ele>
        <time>2026-07-04T14:51:41</time>
      </trkpt>
      <trkpt lat="30.549949645996" lon="114.12241363525">
        <ele>11003.28</ele>
        <time>2026-07-04T14:51:56</time>
      </trkpt>
      <trkpt lat="30.553583145142" lon="114.08472442627">
        <ele>10995.66</ele>
        <time>2026-07-04T14:52:11</time>
      </trkpt>
      <trkpt lat="30.556823730469" lon="114.0510635376">
        <ele>10995.66</ele>
        <time>2026-07-04T14:52:26</time>
      </trkpt>
      <trkpt lat="30.560567855835" lon="114.01232147217">
        <ele>10995.66</ele>
        <time>2026-07-04T14:52:40</time>
      </trkpt>
      <trkpt lat="30.56368637085" lon="113.97985839844">
        <ele>11003.28</ele>
        <time>2026-07-04T14:52:55</time>
      </trkpt>
      <trkpt lat="30.567037582397" lon="113.94404602051">
        <ele>11003.28</ele>
        <time>2026-07-04T14:53:10</time>
      </trkpt>
      <trkpt lat="30.570190429688" lon="113.90926361084">
        <ele>11003.28</ele>
        <time>2026-07-04T14:53:25</time>
      </trkpt>
      <trkpt lat="30.573089599609" lon="113.87076568604">
        <ele>10995.66</ele>
        <time>2026-07-04T14:53:44</time>
      </trkpt>
      <trkpt lat="30.569961547852" lon="113.83693695068">
        <ele>10995.66</ele>
        <time>2026-07-04T14:53:59</time>
      </trkpt>
      <trkpt lat="30.560440063477" lon="113.80462646484">
        <ele>11003.28</ele>
        <time>2026-07-04T14:54:14</time>
      </trkpt>
      <trkpt lat="30.545389175415" lon="113.7746887207">
        <ele>10995.66</ele>
        <time>2026-07-04T14:54:29</time>
      </trkpt>
      <trkpt lat="30.529266357422" lon="113.74527740479">
        <ele>10995.66</ele>
        <time>2026-07-04T14:54:44</time>
      </trkpt>
      <trkpt lat="30.513107299805" lon="113.71624755859">
        <ele>11003.28</ele>
        <time>2026-07-04T14:54:59</time>
      </trkpt>
      <trkpt lat="30.495210647583" lon="113.68432617188">
        <ele>10995.66</ele>
        <time>2026-07-04T14:55:13</time>
      </trkpt>
      <trkpt lat="30.48203086853" lon="113.6607131958">
        <ele>11003.28</ele>
        <time>2026-07-04T14:55:27</time>
      </trkpt>
      <trkpt lat="30.463779449463" lon="113.62808227539">
        <ele>11003.28</ele>
        <time>2026-07-04T14:55:42</time>
      </trkpt>
      <trkpt lat="30.447540283203" lon="113.59896087646">
        <ele>10995.66</ele>
        <time>2026-07-04T14:55:57</time>
      </trkpt>
      <trkpt lat="30.435480117798" lon="113.57731628418">
        <ele>10995.66</ele>
        <time>2026-07-04T14:56:08</time>
      </trkpt>
      <trkpt lat="30.419469833374" lon="113.54847717285">
        <ele>10995.66</ele>
        <time>2026-07-04T14:56:22</time>
      </trkpt>
      <trkpt lat="30.399398803711" lon="113.51235961914">
        <ele>11003.28</ele>
        <time>2026-07-04T14:56:42</time>
      </trkpt>
      <trkpt lat="30.383480072021" lon="113.48383331299">
        <ele>11003.28</ele>
        <time>2026-07-04T14:56:57</time>
      </trkpt>
      <trkpt lat="30.366851806641" lon="113.45419311523">
        <ele>10995.66</ele>
        <time>2026-07-04T14:57:12</time>
      </trkpt>
      <trkpt lat="30.35041809082" lon="113.42484283447">
        <ele>10995.66</ele>
        <time>2026-07-04T14:57:27</time>
      </trkpt>
      <trkpt lat="30.33194732666" lon="113.39159393311">
        <ele>11003.28</ele>
        <time>2026-07-04T14:57:42</time>
      </trkpt>
      <trkpt lat="30.315469741821" lon="113.36209869385">
        <ele>11003.28</ele>
        <time>2026-07-04T14:57:57</time>
      </trkpt>
      <trkpt lat="30.298873901367" lon="113.33232116699">
        <ele>11003.28</ele>
        <time>2026-07-04T14:58:12</time>
      </trkpt>
      <trkpt lat="30.284091949463" lon="113.30139923096">
        <ele>11003.28</ele>
        <time>2026-07-04T14:58:27</time>
      </trkpt>
      <trkpt lat="30.274179458618" lon="113.26888275146">
        <ele>10995.66</ele>
        <time>2026-07-04T14:58:42</time>
      </trkpt>
      <trkpt lat="30.268636703491" lon="113.23300933838">
        <ele>11003.28</ele>
        <time>2026-07-04T14:58:57</time>
      </trkpt>
      <trkpt lat="30.267105102539" lon="113.19854736328">
        <ele>11003.28</ele>
        <time>2026-07-04T14:59:12</time>
      </trkpt>
      <trkpt lat="30.26561164856" lon="113.16357421875">
        <ele>11003.28</ele>
        <time>2026-07-04T14:59:27</time>
      </trkpt>
      <trkpt lat="30.263580322266" lon="113.12912750244">
        <ele>11003.28</ele>
        <time>2026-07-04T14:59:42</time>
      </trkpt>
      <trkpt lat="30.256210327148" lon="113.09101104736">
        <ele>10995.66</ele>
        <time>2026-07-04T14:59:57</time>
      </trkpt>
      <trkpt lat="30.244989395142" lon="113.05937194824">
        <ele>11003.28</ele>
        <time>2026-07-04T15:00:12</time>
      </trkpt>
      <trkpt lat="30.229431152344" lon="113.02938842773">
        <ele>11003.28</ele>
        <time>2026-07-04T15:00:27</time>
      </trkpt>
      <trkpt lat="30.212949752808" lon="112.99965667725">
        <ele>10995.66</ele>
        <time>2026-07-04T15:00:42</time>
      </trkpt>
      <trkpt lat="30.196670532227" lon="112.97010040283">
        <ele>11003.28</ele>
        <time>2026-07-04T15:00:57</time>
      </trkpt>
      <trkpt lat="30.180179595947" lon="112.9401473999">
        <ele>10995.66</ele>
        <time>2026-07-04T15:01:12</time>
      </trkpt>
      <trkpt lat="30.163970947266" lon="112.91080474854">
        <ele>11003.28</ele>
        <time>2026-07-04T15:01:27</time>
      </trkpt>
      <trkpt lat="30.147079467773" lon="112.88021087646">
        <ele>10995.66</ele>
        <time>2026-07-04T15:01:42</time>
      </trkpt>
      <trkpt lat="30.131059646606" lon="112.85124206543">
        <ele>10995.66</ele>
        <time>2026-07-04T15:01:57</time>
      </trkpt>
      <trkpt lat="30.113990783691" lon="112.82052612305">
        <ele>11003.28</ele>
        <time>2026-07-04T15:02:12</time>
      </trkpt>
      <trkpt lat="30.09769821167" lon="112.79113769531">
        <ele>11003.28</ele>
        <time>2026-07-04T15:02:27</time>
      </trkpt>
      <trkpt lat="30.080753326416" lon="112.76054382324">
        <ele>10995.66</ele>
        <time>2026-07-04T15:02:42</time>
      </trkpt>
      <trkpt lat="30.058456420898" lon="112.72032165527">
        <ele>11003.28</ele>
        <time>2026-07-04T15:03:07</time>
      </trkpt>
      <trkpt lat="30.041650772095" lon="112.69006347656">
        <ele>10995.66</ele>
        <time>2026-07-04T15:03:22</time>
      </trkpt>
      <trkpt lat="30.025268554688" lon="112.66070556641">
        <ele>11003.28</ele>
        <time>2026-07-04T15:03:37</time>
      </trkpt>
      <trkpt lat="30.008876800537" lon="112.63134002686">
        <ele>11003.28</ele>
        <time>2026-07-04T15:03:52</time>
      </trkpt>
      <trkpt lat="29.992309570312" lon="112.60162353516">
        <ele>11003.28</ele>
        <time>2026-07-04T15:04:07</time>
      </trkpt>
      <trkpt lat="29.975963592529" lon="112.57218170166">
        <ele>11003.28</ele>
        <time>2026-07-04T15:04:22</time>
      </trkpt>
      <trkpt lat="29.959484100342" lon="112.54262542725">
        <ele>10995.66</ele>
        <time>2026-07-04T15:04:37</time>
      </trkpt>
      <trkpt lat="29.943099975586" lon="112.5132522583">
        <ele>11003.28</ele>
        <time>2026-07-04T15:04:51</time>
      </trkpt>
      <trkpt lat="29.926116943359" lon="112.48287200928">
        <ele>11003.28</ele>
        <time>2026-07-04T15:05:06</time>
      </trkpt>
      <trkpt lat="29.908676147461" lon="112.45161437988">
        <ele>11003.28</ele>
        <time>2026-07-04T15:05:21</time>
      </trkpt>
      <trkpt lat="29.890960693359" lon="112.41992950439">
        <ele>11003.28</ele>
        <time>2026-07-04T15:05:36</time>
      </trkpt>
      <trkpt lat="29.874572753906" lon="112.39060974121">
        <ele>11003.28</ele>
        <time>2026-07-04T15:05:50</time>
      </trkpt>
      <trkpt lat="29.85669708252" lon="112.35874176025">
        <ele>10995.66</ele>
        <time>2026-07-04T15:06:10</time>
      </trkpt>
      <trkpt lat="29.839429855347" lon="112.32788085938">
        <ele>10995.66</ele>
        <time>2026-07-04T15:06:25</time>
      </trkpt>
      <trkpt lat="29.82341003418" lon="112.29933929443">
        <ele>11003.28</ele>
        <time>2026-07-04T15:06:40</time>
      </trkpt>
      <trkpt lat="29.806047439575" lon="112.26842498779">
        <ele>10995.66</ele>
        <time>2026-07-04T15:06:55</time>
      </trkpt>
      <trkpt lat="29.788404464722" lon="112.23708343506">
        <ele>10995.66</ele>
        <time>2026-07-04T15:07:10</time>
      </trkpt>
      <trkpt lat="29.771438598633" lon="112.2071685791">
        <ele>10995.66</ele>
        <time>2026-07-04T15:07:25</time>
      </trkpt>
      <trkpt lat="29.755004882812" lon="112.17817687988">
        <ele>11003.28</ele>
        <time>2026-07-04T15:07:40</time>
      </trkpt>
      <trkpt lat="29.737987518311" lon="112.14817047119">
        <ele>11003.28</ele>
        <time>2026-07-04T15:07:55</time>
      </trkpt>
      <trkpt lat="29.721221923828" lon="112.1184387207">
        <ele>11003.28</ele>
        <time>2026-07-04T15:08:10</time>
      </trkpt>
      <trkpt lat="29.70302772522" lon="112.08634185791">
        <ele>11003.28</ele>
        <time>2026-07-04T15:08:25</time>
      </trkpt>
      <trkpt lat="29.688400268555" lon="112.06070709229">
        <ele>11003.28</ele>
        <time>2026-07-04T15:08:38</time>
      </trkpt>
      <trkpt lat="29.66974067688" lon="112.0279083252">
        <ele>11003.28</ele>
        <time>2026-07-04T15:08:53</time>
      </trkpt>
      <trkpt lat="29.653427124023" lon="111.99912261963">
        <ele>11003.28</ele>
        <time>2026-07-04T15:09:08</time>
      </trkpt>
      <trkpt lat="29.636690139771" lon="111.9695892334">
        <ele>10995.66</ele>
        <time>2026-07-04T15:09:23</time>
      </trkpt>
      <trkpt lat="29.618774414062" lon="111.93811035156">
        <ele>10995.66</ele>
        <time>2026-07-04T15:09:37</time>
      </trkpt>
      <trkpt lat="29.595865249634" lon="111.89790344238">
        <ele>11003.28</ele>
        <time>2026-07-04T15:10:02</time>
      </trkpt>
      <trkpt lat="29.579223632812" lon="111.86865234375">
        <ele>10995.66</ele>
        <time>2026-07-04T15:10:17</time>
      </trkpt>
      <trkpt lat="29.560180664062" lon="111.83527374268">
        <ele>10995.66</ele>
        <time>2026-07-04T15:10:32</time>
      </trkpt>
      <trkpt lat="29.543678283691" lon="111.80640411377">
        <ele>10995.66</ele>
        <time>2026-07-04T15:10:47</time>
      </trkpt>
      <trkpt lat="29.526947021484" lon="111.77717590332">
        <ele>10995.66</ele>
        <time>2026-07-04T15:11:02</time>
      </trkpt>
      <trkpt lat="29.509140014648" lon="111.74606323242">
        <ele>10995.66</ele>
        <time>2026-07-04T15:11:17</time>
      </trkpt>
      <trkpt lat="29.492570877075" lon="111.71711730957">
        <ele>11003.28</ele>
        <time>2026-07-04T15:11:31</time>
      </trkpt>
      <trkpt lat="29.475389480591" lon="111.68717193604">
        <ele>11003.28</ele>
        <time>2026-07-04T15:11:46</time>
      </trkpt>
      <trkpt lat="29.458099365234" lon="111.65701293945">
        <ele>10995.66</ele>
        <time>2026-07-04T15:12:00</time>
      </trkpt>
      <trkpt lat="29.441543579102" lon="111.62696075439">
        <ele>10995.66</ele>
        <time>2026-07-04T15:12:15</time>
      </trkpt>
      <trkpt lat="29.424879074097" lon="111.59120178223">
        <ele>11003.28</ele>
        <time>2026-07-04T15:12:35</time>
      </trkpt>
      <trkpt lat="29.411680221558" lon="111.55754852295">
        <ele>10995.66</ele>
        <time>2026-07-04T15:12:50</time>
      </trkpt>
      <trkpt lat="29.399919509888" lon="111.52348327637">
        <ele>10995.66</ele>
        <time>2026-07-04T15:13:05</time>
      </trkpt>
      <trkpt lat="29.388469696045" lon="111.49041748047">
        <ele>10995.66</ele>
        <time>2026-07-04T15:13:20</time>
      </trkpt>
      <trkpt lat="29.376928329468" lon="111.45721435547">
        <ele>10995.66</ele>
        <time>2026-07-04T15:13:35</time>
      </trkpt>
      <trkpt lat="29.363939285278" lon="111.42012023926">
        <ele>10995.66</ele>
        <time>2026-07-04T15:13:50</time>
      </trkpt>
      <trkpt lat="29.34979057312" lon="111.37950134277">
        <ele>11003.28</ele>
        <time>2026-07-04T15:14:10</time>
      </trkpt>
      <trkpt lat="29.33736038208" lon="111.34384918213">
        <ele>11003.28</ele>
        <time>2026-07-04T15:14:24</time>
      </trkpt>
      <trkpt lat="29.323879241943" lon="111.30534362793">
        <ele>10995.66</ele>
        <time>2026-07-04T15:14:44</time>
      </trkpt>
      <trkpt lat="29.312269210815" lon="111.27205657959">
        <ele>10995.66</ele>
        <time>2026-07-04T15:14:59</time>
      </trkpt>
      <trkpt lat="29.298610687256" lon="111.2329788208">
        <ele>11003.28</ele>
        <time>2026-07-04T15:15:14</time>
      </trkpt>
      <trkpt lat="29.286849975586" lon="111.19933319092">
        <ele>10995.66</ele>
        <time>2026-07-04T15:15:29</time>
      </trkpt>
      <trkpt lat="29.274950027466" lon="111.16516113281">
        <ele>11003.28</ele>
        <time>2026-07-04T15:15:44</time>
      </trkpt>
      <trkpt lat="29.263668060303" lon="111.13301086426">
        <ele>10995.66</ele>
        <time>2026-07-04T15:15:59</time>
      </trkpt>
      <trkpt lat="29.251983642578" lon="111.09967041016">
        <ele>11003.28</ele>
        <time>2026-07-04T15:16:14</time>
      </trkpt>
      <trkpt lat="29.240295410156" lon="111.06660461426">
        <ele>11003.28</ele>
        <time>2026-07-04T15:16:29</time>
      </trkpt>
      <trkpt lat="29.22749710083" lon="111.03036499023">
        <ele>11003.28</ele>
        <time>2026-07-04T15:16:48</time>
      </trkpt>
      <trkpt lat="29.215530395508" lon="110.99649047852">
        <ele>11003.28</ele>
        <time>2026-07-04T15:17:03</time>
      </trkpt>
      <trkpt lat="29.203149795532" lon="110.96127319336">
        <ele>10995.66</ele>
        <time>2026-07-04T15:17:17</time>
      </trkpt>
      <trkpt lat="29.190120697021" lon="110.92462158203">
        <ele>11003.28</ele>
        <time>2026-07-04T15:17:32</time>
      </trkpt>
      <trkpt lat="29.180480957031" lon="110.89733886719">
        <ele>11003.28</ele>
        <time>2026-07-04T15:17:47</time>
      </trkpt>
      <trkpt lat="29.16888999939" lon="110.86416625977">
        <ele>10995.66</ele>
        <time>2026-07-04T15:18:02</time>
      </trkpt>
      <trkpt lat="29.157350540161" lon="110.83129119873">
        <ele>10988.04</ele>
        <time>2026-07-04T15:18:17</time>
      </trkpt>
      <trkpt lat="29.144390106201" lon="110.79485321045">
        <ele>10995.66</ele>
        <time>2026-07-04T15:18:31</time>
      </trkpt>
      <trkpt lat="29.133140563965" lon="110.7629776001">
        <ele>11003.28</ele>
        <time>2026-07-04T15:18:46</time>
      </trkpt>
      <trkpt lat="29.120990753174" lon="110.73023223877">
        <ele>11003.28</ele>
        <time>2026-07-04T15:19:01</time>
      </trkpt>
      <trkpt lat="29.103149414062" lon="110.69728851318">
        <ele>11003.28</ele>
        <time>2026-07-04T15:19:21</time>
      </trkpt>
      <trkpt lat="29.08145904541" lon="110.66980743408">
        <ele>10995.66</ele>
        <time>2026-07-04T15:19:36</time>
      </trkpt>
      <trkpt lat="29.056280136108" lon="110.64643096924">
        <ele>11003.28</ele>
        <time>2026-07-04T15:19:51</time>
      </trkpt>
      <trkpt lat="29.031740188599" lon="110.62435150146">
        <ele>10995.66</ele>
        <time>2026-07-04T15:20:06</time>
      </trkpt>
      <trkpt lat="29.006980895996" lon="110.6011428833">
        <ele>10995.66</ele>
        <time>2026-07-04T15:20:21</time>
      </trkpt>
      <trkpt lat="28.982999801636" lon="110.57163238525">
        <ele>10995.66</ele>
        <time>2026-07-04T15:20:36</time>
      </trkpt>
      <trkpt lat="28.960689544678" lon="110.54586029053">
        <ele>10995.66</ele>
        <time>2026-07-04T15:20:51</time>
      </trkpt>
      <trkpt lat="28.936450958252" lon="110.52230072021">
        <ele>10995.66</ele>
        <time>2026-07-04T15:21:06</time>
      </trkpt>
      <trkpt lat="28.9117603302" lon="110.50058746338">
        <ele>11003.28</ele>
        <time>2026-07-04T15:21:21</time>
      </trkpt>
      <trkpt lat="28.884569168091" lon="110.47724914551">
        <ele>11003.28</ele>
        <time>2026-07-04T15:21:36</time>
      </trkpt>
      <trkpt lat="28.855499267578" lon="110.45188903809">
        <ele>10995.66</ele>
        <time>2026-07-04T15:21:56</time>
      </trkpt>
      <trkpt lat="28.818769454956" lon="110.41938018799">
        <ele>10995.66</ele>
        <time>2026-07-04T15:22:15</time>
      </trkpt>
      <trkpt lat="28.793260574341" lon="110.3967590332">
        <ele>11003.28</ele>
        <time>2026-07-04T15:22:30</time>
      </trkpt>
      <trkpt lat="28.768659591675" lon="110.37477874756">
        <ele>11003.28</ele>
        <time>2026-07-04T15:22:45</time>
      </trkpt>
      <trkpt lat="28.743070602417" lon="110.35179901123">
        <ele>11003.28</ele>
        <time>2026-07-04T15:23:00</time>
      </trkpt>
      <trkpt lat="28.712160110474" lon="110.31468963623">
        <ele>10995.66</ele>
        <time>2026-07-04T15:23:25</time>
      </trkpt>
      <trkpt lat="28.695449829102" lon="110.28453063965">
        <ele>11003.28</ele>
        <time>2026-07-04T15:23:40</time>
      </trkpt>
      <trkpt lat="28.682920455933" lon="110.25208282471">
        <ele>10995.66</ele>
        <time>2026-07-04T15:23:55</time>
      </trkpt>
      <trkpt lat="28.665893554688" lon="110.20417022705">
        <ele>10995.66</ele>
        <time>2026-07-04T15:24:13</time>
      </trkpt>
      <trkpt lat="28.654270172119" lon="110.17143249512">
        <ele>10995.66</ele>
        <time>2026-07-04T15:24:28</time>
      </trkpt>
      <trkpt lat="28.642240524292" lon="110.1375579834">
        <ele>11003.28</ele>
        <time>2026-07-04T15:24:42</time>
      </trkpt>
      <trkpt lat="28.630369186401" lon="110.1037979126">
        <ele>11003.28</ele>
        <time>2026-07-04T15:24:57</time>
      </trkpt>
      <trkpt lat="28.622079849243" lon="110.08036804199">
        <ele>10995.66</ele>
        <time>2026-07-04T15:25:08</time>
      </trkpt>
      <trkpt lat="28.613389968872" lon="110.055809021">
        <ele>10995.66</ele>
        <time>2026-07-04T15:25:21</time>
      </trkpt>
      <trkpt lat="28.601560592651" lon="110.02263641357">
        <ele>11003.28</ele>
        <time>2026-07-04T15:25:36</time>
      </trkpt>
      <trkpt lat="28.588670730591" lon="109.98667144775">
        <ele>11003.28</ele>
        <time>2026-07-04T15:25:51</time>
      </trkpt>
      <trkpt lat="28.576280593872" lon="109.95198059082">
        <ele>10995.66</ele>
        <time>2026-07-04T15:26:06</time>
      </trkpt>
      <trkpt lat="28.564220428467" lon="109.91854095459">
        <ele>11003.28</ele>
        <time>2026-07-04T15:26:21</time>
      </trkpt>
      <trkpt lat="28.552089691162" lon="109.88482666016">
        <ele>10995.66</ele>
        <time>2026-07-04T15:26:35</time>
      </trkpt>
      <trkpt lat="28.539779663086" lon="109.85050201416">
        <ele>10995.66</ele>
        <time>2026-07-04T15:26:50</time>
      </trkpt>
      <trkpt lat="28.525539398193" lon="109.81056213379">
        <ele>11003.28</ele>
        <time>2026-07-04T15:27:10</time>
      </trkpt>
      <trkpt lat="28.513900756836" lon="109.77807617188">
        <ele>10995.66</ele>
        <time>2026-07-04T15:27:25</time>
      </trkpt>
      <trkpt lat="28.501140594482" lon="109.74249267578">
        <ele>10995.66</ele>
        <time>2026-07-04T15:27:40</time>
      </trkpt>
      <trkpt lat="28.488199234009" lon="109.7054901123">
        <ele>10995.66</ele>
        <time>2026-07-04T15:27:55</time>
      </trkpt>
      <trkpt lat="28.47624206543" lon="109.67038726807">
        <ele>11003.28</ele>
        <time>2026-07-04T15:28:09</time>
      </trkpt>
      <trkpt lat="28.465204238892" lon="109.63795471191">
        <ele>11003.28</ele>
        <time>2026-07-04T15:28:24</time>
      </trkpt>
      <trkpt lat="28.452850341797" lon="109.60182952881">
        <ele>11003.28</ele>
        <time>2026-07-04T15:28:39</time>
      </trkpt>
      <trkpt lat="28.435363769531" lon="109.55162811279">
        <ele>11003.28</ele>
        <time>2026-07-04T15:29:04</time>
      </trkpt>
      <trkpt lat="28.421211242676" lon="109.51483917236">
        <ele>10995.66</ele>
        <time>2026-07-04T15:29:19</time>
      </trkpt>
      <trkpt lat="28.408081054688" lon="109.48320007324">
        <ele>11003.28</ele>
        <time>2026-07-04T15:29:34</time>
      </trkpt>
      <trkpt lat="28.392429351807" lon="109.44776153564">
        <ele>10995.66</ele>
        <time>2026-07-04T15:29:49</time>
      </trkpt>
      <trkpt lat="28.377819061279" lon="109.41442871094">
        <ele>10995.66</ele>
        <time>2026-07-04T15:30:04</time>
      </trkpt>
      <trkpt lat="28.363580703735" lon="109.38214111328">
        <ele>11003.28</ele>
        <time>2026-07-04T15:30:19</time>
      </trkpt>
      <trkpt lat="28.349102020264" lon="109.34907531738">
        <ele>11003.28</ele>
        <time>2026-07-04T15:30:34</time>
      </trkpt>
      <trkpt lat="28.334564208984" lon="109.31623840332">
        <ele>10995.66</ele>
        <time>2026-07-04T15:30:48</time>
      </trkpt>
      <trkpt lat="28.319910049438" lon="109.28289031982">
        <ele>11003.28</ele>
        <time>2026-07-04T15:31:03</time>
      </trkpt>
      <trkpt lat="28.305269241333" lon="109.24952697754">
        <ele>11003.28</ele>
        <time>2026-07-04T15:31:18</time>
      </trkpt>
      <trkpt lat="28.289659500122" lon="109.2141418457">
        <ele>10995.66</ele>
        <time>2026-07-04T15:31:37</time>
      </trkpt>
      <trkpt lat="28.274690628052" lon="109.18054199219">
        <ele>10995.66</ele>
        <time>2026-07-04T15:31:51</time>
      </trkpt>
      <trkpt lat="28.259309768677" lon="109.14611053467">
        <ele>11003.28</ele>
        <time>2026-07-04T15:32:05</time>
      </trkpt>
      <trkpt lat="28.244220733643" lon="109.11238861084">
        <ele>10995.66</ele>
        <time>2026-07-04T15:32:20</time>
      </trkpt>
      <trkpt lat="28.229139328003" lon="109.07865905762">
        <ele>10995.66</ele>
        <time>2026-07-04T15:32:35</time>
      </trkpt>
      <trkpt lat="28.217102050781" lon="109.05177307129">
        <ele>11003.28</ele>
        <time>2026-07-04T15:32:50</time>
      </trkpt>
      <trkpt lat="28.20263671875" lon="109.01960754395">
        <ele>10995.66</ele>
        <time>2026-07-04T15:33:05</time>
      </trkpt>
      <trkpt lat="28.187580108643" lon="108.98612213135">
        <ele>10995.66</ele>
        <time>2026-07-04T15:33:20</time>
      </trkpt>
      <trkpt lat="28.173156738281" lon="108.95384216309">
        <ele>11003.28</ele>
        <time>2026-07-04T15:33:35</time>
      </trkpt>
      <trkpt lat="28.158330917358" lon="108.92040252686">
        <ele>11003.28</ele>
        <time>2026-07-04T15:33:49</time>
      </trkpt>
      <trkpt lat="28.144639968872" lon="108.88739776611">
        <ele>11003.28</ele>
        <time>2026-07-04T15:34:04</time>
      </trkpt>
      <trkpt lat="28.131320953369" lon="108.85233306885">
        <ele>11003.28</ele>
        <time>2026-07-04T15:34:19</time>
      </trkpt>
      <trkpt lat="28.119600296021" lon="108.81845092773">
        <ele>11003.28</ele>
        <time>2026-07-04T15:34:34</time>
      </trkpt>
      <trkpt lat="28.10737991333" lon="108.78118133545">
        <ele>10995.66</ele>
        <time>2026-07-04T15:34:49</time>
      </trkpt>
      <trkpt lat="28.095069885254" lon="108.74413299561">
        <ele>10995.66</ele>
        <time>2026-07-04T15:35:04</time>
      </trkpt>
      <trkpt lat="28.08344078064" lon="108.70892333984">
        <ele>10995.66</ele>
        <time>2026-07-04T15:35:19</time>
      </trkpt>
      <trkpt lat="28.071649551392" lon="108.67336273193">
        <ele>11003.28</ele>
        <time>2026-07-04T15:35:38</time>
      </trkpt>
      <trkpt lat="28.059453964233" lon="108.63674163818">
        <ele>11003.28</ele>
        <time>2026-07-04T15:35:53</time>
      </trkpt>
      <trkpt lat="28.046720504761" lon="108.59853363037">
        <ele>11003.28</ele>
        <time>2026-07-04T15:36:08</time>
      </trkpt>
      <trkpt lat="28.038272857666" lon="108.57324981689">
        <ele>11003.28</ele>
        <time>2026-07-04T15:36:21</time>
      </trkpt>
      <trkpt lat="28.02691078186" lon="108.53904724121">
        <ele>10995.66</ele>
        <time>2026-07-04T15:36:34</time>
      </trkpt>
      <trkpt lat="28.018299102783" lon="108.51315307617">
        <ele>10995.66</ele>
        <time>2026-07-04T15:36:48</time>
      </trkpt>
      <trkpt lat="28.006988525391" lon="108.47932434082">
        <ele>11003.28</ele>
        <time>2026-07-04T15:37:03</time>
      </trkpt>
      <trkpt lat="27.995040893555" lon="108.44345855713">
        <ele>11003.28</ele>
        <time>2026-07-04T15:37:18</time>
      </trkpt>
      <trkpt lat="27.981525421143" lon="108.40285491943">
        <ele>11003.28</ele>
        <time>2026-07-04T15:37:33</time>
      </trkpt>
      <trkpt lat="27.970769882202" lon="108.37069702148">
        <ele>11003.28</ele>
        <time>2026-07-04T15:37:48</time>
      </trkpt>
      <trkpt lat="27.959197998047" lon="108.33612823486">
        <ele>11003.28</ele>
        <time>2026-07-04T15:38:03</time>
      </trkpt>
      <trkpt lat="27.947980880737" lon="108.30264282227">
        <ele>10995.66</ele>
        <time>2026-07-04T15:38:18</time>
      </trkpt>
      <trkpt lat="27.935859680176" lon="108.26667022705">
        <ele>11003.28</ele>
        <time>2026-07-04T15:38:36</time>
      </trkpt>
      <trkpt lat="27.924041748047" lon="108.23160552979">
        <ele>10995.66</ele>
        <time>2026-07-04T15:38:50</time>
      </trkpt>
      <trkpt lat="27.912540435791" lon="108.19737243652">
        <ele>10995.66</ele>
        <time>2026-07-04T15:39:05</time>
      </trkpt>
      <trkpt lat="27.90140914917" lon="108.16430664062">
        <ele>11003.28</ele>
        <time>2026-07-04T15:39:20</time>
      </trkpt>
      <trkpt lat="27.889350891113" lon="108.12844085693">
        <ele>11003.28</ele>
        <time>2026-07-04T15:39:35</time>
      </trkpt>
      <trkpt lat="27.877029418945" lon="108.0919418335">
        <ele>10995.66</ele>
        <time>2026-07-04T15:39:54</time>
      </trkpt>
      <trkpt lat="27.86547088623" lon="108.05776977539">
        <ele>10995.66</ele>
        <time>2026-07-04T15:40:09</time>
      </trkpt>
      <trkpt lat="27.854141235352" lon="108.02410888672">
        <ele>10995.66</ele>
        <time>2026-07-04T15:40:23</time>
      </trkpt>
      <trkpt lat="27.842519760132" lon="107.98957824707">
        <ele>10995.66</ele>
        <time>2026-07-04T15:40:37</time>
      </trkpt>
      <trkpt lat="27.831298828125" lon="107.95637512207">
        <ele>11003.28</ele>
        <time>2026-07-04T15:40:52</time>
      </trkpt>
      <trkpt lat="27.819524765015" lon="107.92176818848">
        <ele>11003.28</ele>
        <time>2026-07-04T15:41:06</time>
      </trkpt>
      <trkpt lat="27.80763053894" lon="107.88667297363">
        <ele>10995.66</ele>
        <time>2026-07-04T15:41:25</time>
      </trkpt>
      <trkpt lat="27.795875549316" lon="107.85198974609">
        <ele>11003.28</ele>
        <time>2026-07-04T15:41:40</time>
      </trkpt>
      <trkpt lat="27.784330368042" lon="107.81803131104">
        <ele>10995.66</ele>
        <time>2026-07-04T15:41:53</time>
      </trkpt>
      <trkpt lat="27.772930145264" lon="107.78449249268">
        <ele>10995.66</ele>
        <time>2026-07-04T15:42:08</time>
      </trkpt>
      <trkpt lat="27.76030921936" lon="107.74736022949">
        <ele>10995.66</ele>
        <time>2026-07-04T15:42:23</time>
      </trkpt>
      <trkpt lat="27.748300552368" lon="107.71212768555">
        <ele>10995.66</ele>
        <time>2026-07-04T15:42:42</time>
      </trkpt>
      <trkpt lat="27.736427307129" lon="107.6773223877">
        <ele>11003.28</ele>
        <time>2026-07-04T15:42:57</time>
      </trkpt>
      <trkpt lat="27.724840164185" lon="107.643409729">
        <ele>11003.28</ele>
        <time>2026-07-04T15:43:12</time>
      </trkpt>
      <trkpt lat="27.713609695435" lon="107.61057281494">
        <ele>11003.28</ele>
        <time>2026-07-04T15:43:27</time>
      </trkpt>
      <trkpt lat="27.701889038086" lon="107.57633209229">
        <ele>10995.66</ele>
        <time>2026-07-04T15:43:41</time>
      </trkpt>
      <trkpt lat="27.689130783081" lon="107.53909301758">
        <ele>11003.28</ele>
        <time>2026-07-04T15:43:56</time>
      </trkpt>
      <trkpt lat="27.67781829834" lon="107.50602722168">
        <ele>10995.66</ele>
        <time>2026-07-04T15:44:11</time>
      </trkpt>
      <trkpt lat="27.665994644165" lon="107.47158813477">
        <ele>10995.66</ele>
        <time>2026-07-04T15:44:25</time>
      </trkpt>
      <trkpt lat="27.65417098999" lon="107.43720245361">
        <ele>11003.28</ele>
        <time>2026-07-04T15:44:40</time>
      </trkpt>
      <trkpt lat="27.642580032349" lon="107.40328979492">
        <ele>10995.66</ele>
        <time>2026-07-04T15:44:55</time>
      </trkpt>
      <trkpt lat="27.631118774414" lon="107.37005615234">
        <ele>11003.28</ele>
        <time>2026-07-04T15:45:10</time>
      </trkpt>
      <trkpt lat="27.618600845337" lon="107.33373260498">
        <ele>11003.28</ele>
        <time>2026-07-04T15:45:29</time>
      </trkpt>
      <trkpt lat="27.606990814209" lon="107.30010223389">
        <ele>11003.28</ele>
        <time>2026-07-04T15:45:44</time>
      </trkpt>
      <trkpt lat="27.594449996948" lon="107.26407623291">
        <ele>10995.66</ele>
        <time>2026-07-04T15:45:59</time>
      </trkpt>
      <trkpt lat="27.584789276123" lon="107.23724365234">
        <ele>11003.28</ele>
        <time>2026-07-04T15:46:13</time>
      </trkpt>
      <trkpt lat="27.5709400177" lon="107.2017364502">
        <ele>10995.66</ele>
        <time>2026-07-04T15:46:28</time>
      </trkpt>
      <trkpt lat="27.558149337769" lon="107.16893768311">
        <ele>10995.66</ele>
        <time>2026-07-04T15:46:43</time>
      </trkpt>
      <trkpt lat="27.546840667725" lon="107.13287353516">
        <ele>10995.66</ele>
        <time>2026-07-04T15:46:58</time>
      </trkpt>
      <trkpt lat="27.536499023438" lon="107.09648895264">
        <ele>10995.66</ele>
        <time>2026-07-04T15:47:12</time>
      </trkpt>
      <trkpt lat="27.526803970337" lon="107.06213378906">
        <ele>11003.28</ele>
        <time>2026-07-04T15:47:27</time>
      </trkpt>
      <trkpt lat="27.517166137695" lon="107.02796173096">
        <ele>11003.28</ele>
        <time>2026-07-04T15:47:42</time>
      </trkpt>
      <trkpt lat="27.507345199585" lon="106.9928894043">
        <ele>10995.66</ele>
        <time>2026-07-04T15:47:57</time>
      </trkpt>
      <trkpt lat="27.497243881226" lon="106.95692443848">
        <ele>10995.66</ele>
        <time>2026-07-04T15:48:16</time>
      </trkpt>
      <trkpt lat="27.487560272217" lon="106.92252349854">
        <ele>11003.28</ele>
        <time>2026-07-04T15:48:31</time>
      </trkpt>
      <trkpt lat="27.48064994812" lon="106.89785003662">
        <ele>11003.28</ele>
        <time>2026-07-04T15:48:42</time>
      </trkpt>
      <trkpt lat="27.470987319946" lon="106.86332702637">
        <ele>11003.28</ele>
        <time>2026-07-04T15:48:56</time>
      </trkpt>
      <trkpt lat="27.46167755127" lon="106.82989501953">
        <ele>10995.66</ele>
        <time>2026-07-04T15:49:11</time>
      </trkpt>
      <trkpt lat="27.454280853271" lon="106.79228973389">
        <ele>10995.66</ele>
        <time>2026-07-04T15:49:26</time>
      </trkpt>
      <trkpt lat="27.451440811157" lon="106.75346374512">
        <ele>11003.28</ele>
        <time>2026-07-04T15:49:41</time>
      </trkpt>
      <trkpt lat="27.450038909912" lon="106.71765136719">
        <ele>10995.66</ele>
        <time>2026-07-04T15:49:56</time>
      </trkpt>
      <trkpt lat="27.448791503906" lon="106.68258666992">
        <ele>10995.66</ele>
        <time>2026-07-04T15:50:11</time>
      </trkpt>
      <trkpt lat="27.447479248047" lon="106.64614105225">
        <ele>11003.28</ele>
        <time>2026-07-04T15:50:26</time>
      </trkpt>
      <trkpt lat="27.446220397949" lon="106.61128234863">
        <ele>11003.28</ele>
        <time>2026-07-04T15:50:41</time>
      </trkpt>
      <trkpt lat="27.44527053833" lon="106.58531188965">
        <ele>11003.28</ele>
        <time>2026-07-04T15:50:54</time>
      </trkpt>
      <trkpt lat="27.443893432617" lon="106.54831695557">
        <ele>10995.66</ele>
        <time>2026-07-04T15:51:08</time>
      </trkpt>
      <trkpt lat="27.442544937134" lon="106.51245117188">
        <ele>10995.66</ele>
        <time>2026-07-04T15:51:23</time>
      </trkpt>
      <trkpt lat="27.441190719604" lon="106.47528839111">
        <ele>11003.28</ele>
        <time>2026-07-04T15:51:38</time>
      </trkpt>
      <trkpt lat="27.439800262451" lon="106.4366607666">
        <ele>10995.66</ele>
        <time>2026-07-04T15:51:57</time>
      </trkpt>
      <trkpt lat="27.438259124756" lon="106.39488220215">
        <ele>11003.28</ele>
        <time>2026-07-04T15:52:12</time>
      </trkpt>
      <trkpt lat="27.436769485474" lon="106.35410308838">
        <ele>10995.66</ele>
        <time>2026-07-04T15:52:32</time>
      </trkpt>
      <trkpt lat="27.435329437256" lon="106.3145904541">
        <ele>10995.66</ele>
        <time>2026-07-04T15:52:46</time>
      </trkpt>
      <trkpt lat="27.433820724487" lon="106.27339172363">
        <ele>11003.28</ele>
        <time>2026-07-04T15:53:06</time>
      </trkpt>
      <trkpt lat="27.432540893555" lon="106.237159729">
        <ele>10995.66</ele>
        <time>2026-07-04T15:53:21</time>
      </trkpt>
      <trkpt lat="27.431232452393" lon="106.20113372803">
        <ele>11003.28</ele>
        <time>2026-07-04T15:53:36</time>
      </trkpt>
      <trkpt lat="27.428739547729" lon="106.1329574585">
        <ele>10995.66</ele>
        <time>2026-07-04T15:54:00</time>
      </trkpt>
      <trkpt lat="27.426910400391" lon="106.08186340332">
        <ele>10995.66</ele>
        <time>2026-07-04T15:54:25</time>
      </trkpt>
      <trkpt lat="27.424060821533" lon="106.03475952148">
        <ele>11003.28</ele>
        <time>2026-07-04T15:54:45</time>
      </trkpt>
      <trkpt lat="27.41689491272" lon="105.99683380127">
        <ele>11003.28</ele>
        <time>2026-07-04T15:55:00</time>
      </trkpt>
      <trkpt lat="27.406000137329" lon="105.96254730225">
        <ele>10995.66</ele>
        <time>2026-07-04T15:55:15</time>
      </trkpt>
      <trkpt lat="27.390789031982" lon="105.92841339111">
        <ele>11003.28</ele>
        <time>2026-07-04T15:55:30</time>
      </trkpt>
      <trkpt lat="27.375230789185" lon="105.89553070068">
        <ele>10995.66</ele>
        <time>2026-07-04T15:55:44</time>
      </trkpt>
      <trkpt lat="27.359310150146" lon="105.86141204834">
        <ele>10995.66</ele>
        <time>2026-07-04T15:55:59</time>
      </trkpt>
      <trkpt lat="27.343690872192" lon="105.8279800415">
        <ele>10995.66</ele>
        <time>2026-07-04T15:56:14</time>
      </trkpt>
      <trkpt lat="27.326860427856" lon="105.79190063477">
        <ele>11003.28</ele>
        <time>2026-07-04T15:56:34</time>
      </trkpt>
      <trkpt lat="27.310546875" lon="105.75708770752">
        <ele>11003.28</ele>
        <time>2026-07-04T15:56:49</time>
      </trkpt>
      <trkpt lat="27.293020248413" lon="105.71974945068">
        <ele>10972.8</ele>
        <time>2026-07-04T15:57:04</time>
      </trkpt>
      <trkpt lat="27.276769638062" lon="105.68524932861">
        <ele>10881.36</ele>
        <time>2026-07-04T15:57:23</time>
      </trkpt>
      <trkpt lat="27.261739730835" lon="105.65325164795">
        <ele>10782.3</ele>
        <time>2026-07-04T15:57:38</time>
      </trkpt>
      <trkpt lat="27.24623298645" lon="105.62033843994">
        <ele>10668.0</ele>
        <time>2026-07-04T15:57:53</time>
      </trkpt>
      <trkpt lat="27.230218887329" lon="105.58653259277">
        <ele>10507.98</ele>
        <time>2026-07-04T15:58:08</time>
      </trkpt>
      <trkpt lat="27.217092514038" lon="105.55864715576">
        <ele>10355.58</ele>
        <time>2026-07-04T15:58:23</time>
      </trkpt>
      <trkpt lat="27.200229644775" lon="105.52295684814">
        <ele>10165.08</ele>
        <time>2026-07-04T15:58:37</time>
      </trkpt>
      <trkpt lat="27.181270599365" lon="105.48278808594">
        <ele>9974.58</ele>
        <time>2026-07-04T15:58:56</time>
      </trkpt>
      <trkpt lat="27.165479660034" lon="105.44911193848">
        <ele>9814.56</ele>
        <time>2026-07-04T15:59:11</time>
      </trkpt>
      <trkpt lat="27.143730163574" lon="105.40309906006">
        <ele>9578.34</ele>
        <time>2026-07-04T15:59:33</time>
      </trkpt>
      <trkpt lat="27.126020431519" lon="105.36588287354">
        <ele>9418.32</ele>
        <time>2026-07-04T15:59:48</time>
      </trkpt>
      <trkpt lat="27.110580444336" lon="105.33338165283">
        <ele>9319.26</ele>
        <time>2026-07-04T16:00:03</time>
      </trkpt>
      <trkpt lat="27.086839675903" lon="105.28359222412">
        <ele>9227.82</ele>
        <time>2026-07-04T16:00:23</time>
      </trkpt>
      <trkpt lat="27.070539474487" lon="105.24932861328">
        <ele>9166.86</ele>
        <time>2026-07-04T16:00:38</time>
      </trkpt>
      <trkpt lat="27.048250198364" lon="105.20253753662">
        <ele>9174.48</ele>
        <time>2026-07-04T16:01:03</time>
      </trkpt>
      <trkpt lat="27.032640457153" lon="105.16999053955">
        <ele>9174.48</ele>
        <time>2026-07-04T16:01:18</time>
      </trkpt>
      <trkpt lat="27.015340805054" lon="105.1335067749">
        <ele>9174.48</ele>
        <time>2026-07-04T16:01:32</time>
      </trkpt>
      <trkpt lat="26.999040603638" lon="105.09928131104">
        <ele>9174.48</ele>
        <time>2026-07-04T16:01:46</time>
      </trkpt>
      <trkpt lat="26.983589172363" lon="105.0669631958">
        <ele>9174.48</ele>
        <time>2026-07-04T16:02:01</time>
      </trkpt>
      <trkpt lat="26.965850830078" lon="105.0297088623">
        <ele>9174.48</ele>
        <time>2026-07-04T16:02:20</time>
      </trkpt>
      <trkpt lat="26.950010299683" lon="104.99659729004">
        <ele>9174.48</ele>
        <time>2026-07-04T16:02:34</time>
      </trkpt>
      <trkpt lat="26.931339263916" lon="104.95757293701">
        <ele>9166.86</ele>
        <time>2026-07-04T16:02:49</time>
      </trkpt>
      <trkpt lat="26.915340423584" lon="104.92418670654">
        <ele>9174.48</ele>
        <time>2026-07-04T16:03:04</time>
      </trkpt>
      <trkpt lat="26.897880554199" lon="104.88784790039">
        <ele>9174.48</ele>
        <time>2026-07-04T16:03:19</time>
      </trkpt>
      <trkpt lat="26.880340576172" lon="104.85118103027">
        <ele>9174.48</ele>
        <time>2026-07-04T16:03:39</time>
      </trkpt>
      <trkpt lat="26.864040374756" lon="104.81732940674">
        <ele>9166.86</ele>
        <time>2026-07-04T16:03:53</time>
      </trkpt>
      <trkpt lat="26.847700119019" lon="104.78337097168">
        <ele>9174.48</ele>
        <time>2026-07-04T16:04:07</time>
      </trkpt>
      <trkpt lat="26.831769943237" lon="104.75018310547">
        <ele>9166.86</ele>
        <time>2026-07-04T16:04:22</time>
      </trkpt>
      <trkpt lat="26.815210342407" lon="104.7158203125">
        <ele>9174.48</ele>
        <time>2026-07-04T16:04:37</time>
      </trkpt>
      <trkpt lat="26.798120498657" lon="104.68032073975">
        <ele>9174.48</ele>
        <time>2026-07-04T16:04:52</time>
      </trkpt>
      <trkpt lat="26.780639648438" lon="104.64653778076">
        <ele>9174.48</ele>
        <time>2026-07-04T16:05:07</time>
      </trkpt>
      <trkpt lat="26.759630203247" lon="104.61498260498">
        <ele>9144.0</ele>
        <time>2026-07-04T16:05:22</time>
      </trkpt>
      <trkpt lat="26.731550216675" lon="104.58229064941">
        <ele>9067.8</ele>
        <time>2026-07-04T16:05:42</time>
      </trkpt>
      <trkpt lat="26.703430175781" lon="104.55619812012">
        <ele>8968.74</ele>
        <time>2026-07-04T16:05:56</time>
      </trkpt>
      <trkpt lat="26.677410125732" lon="104.53253173828">
        <ele>8869.68</ele>
        <time>2026-07-04T16:06:11</time>
      </trkpt>
      <trkpt lat="26.651319503784" lon="104.50894927979">
        <ele>8770.62</ele>
        <time>2026-07-04T16:06:26</time>
      </trkpt>
      <trkpt lat="26.624809265137" lon="104.48494720459">
        <ele>8671.56</ele>
        <time>2026-07-04T16:06:40</time>
      </trkpt>
      <trkpt lat="26.603300094604" lon="104.46546936035">
        <ele>8587.74</ele>
        <time>2026-07-04T16:06:54</time>
      </trkpt>
      <trkpt lat="26.575839996338" lon="104.44059753418">
        <ele>8496.3</ele>
        <time>2026-07-04T16:07:09</time>
      </trkpt>
      <trkpt lat="26.549770355225" lon="104.41690826416">
        <ele>8404.86</ele>
        <time>2026-07-04T16:07:24</time>
      </trkpt>
      <trkpt lat="26.524110794067" lon="104.393699646">
        <ele>8305.8</ele>
        <time>2026-07-04T16:07:38</time>
      </trkpt>
      <trkpt lat="26.498470306396" lon="104.37042999268">
        <ele>8229.6</ele>
        <time>2026-07-04T16:07:53</time>
      </trkpt>
      <trkpt lat="26.47146987915" lon="104.34591674805">
        <ele>8138.16</ele>
        <time>2026-07-04T16:08:12</time>
      </trkpt>
      <trkpt lat="26.445190429688" lon="104.32222747803">
        <ele>8054.34</ele>
        <time>2026-07-04T16:08:26</time>
      </trkpt>
      <trkpt lat="26.419929504395" lon="104.29949951172">
        <ele>7970.52</ele>
        <time>2026-07-04T16:08:40</time>
      </trkpt>
      <trkpt lat="26.396560668945" lon="104.27848052979">
        <ele>7894.32</ele>
        <time>2026-07-04T16:08:55</time>
      </trkpt>
      <trkpt lat="26.372543334961" lon="104.2568359375">
        <ele>7825.74</ele>
        <time>2026-07-04T16:09:10</time>
      </trkpt>
      <trkpt lat="26.349563598633" lon="104.23589324951">
        <ele>7764.78</ele>
        <time>2026-07-04T16:09:25</time>
      </trkpt>
      <trkpt lat="26.327390670776" lon="104.21572875977">
        <ele>7696.2</ele>
        <time>2026-07-04T16:09:40</time>
      </trkpt>
      <trkpt lat="26.303089141846" lon="104.19380950928">
        <ele>7620.0</ele>
        <time>2026-07-04T16:10:00</time>
      </trkpt>
      <trkpt lat="26.281440734863" lon="104.17442321777">
        <ele>7559.04</ele>
        <time>2026-07-04T16:10:15</time>
      </trkpt>
      <trkpt lat="26.260349273682" lon="104.15551757812">
        <ele>7490.46</ele>
        <time>2026-07-04T16:10:30</time>
      </trkpt>
      <trkpt lat="26.238380432129" lon="104.13587188721">
        <ele>7421.88</ele>
        <time>2026-07-04T16:10:45</time>
      </trkpt>
      <trkpt lat="26.217769622803" lon="104.11721801758">
        <ele>7360.92</ele>
        <time>2026-07-04T16:11:00</time>
      </trkpt>
      <trkpt lat="26.196899414062" lon="104.09841918945">
        <ele>7284.72</ele>
        <time>2026-07-04T16:11:15</time>
      </trkpt>
      <trkpt lat="26.175800323486" lon="104.07949829102">
        <ele>7208.52</ele>
        <time>2026-07-04T16:11:30</time>
      </trkpt>
      <trkpt lat="26.15505027771" lon="104.06080627441">
        <ele>7185.66</ele>
        <time>2026-07-04T16:11:45</time>
      </trkpt>
      <trkpt lat="26.133270263672" lon="104.0411529541">
        <ele>7185.66</ele>
        <time>2026-07-04T16:12:00</time>
      </trkpt>
      <trkpt lat="26.113477706909" lon="104.02336120605">
        <ele>7185.66</ele>
        <time>2026-07-04T16:12:15</time>
      </trkpt>
      <trkpt lat="26.092439651489" lon="104.00450134277">
        <ele>7193.28</ele>
        <time>2026-07-04T16:12:30</time>
      </trkpt>
      <trkpt lat="26.071720123291" lon="103.98596954346">
        <ele>7193.28</ele>
        <time>2026-07-04T16:12:45</time>
      </trkpt>
      <trkpt lat="26.051279067993" lon="103.96774291992">
        <ele>7193.28</ele>
        <time>2026-07-04T16:13:00</time>
      </trkpt>
      <trkpt lat="26.030340194702" lon="103.9489364624">
        <ele>7193.28</ele>
        <time>2026-07-04T16:13:15</time>
      </trkpt>
      <trkpt lat="26.009580612183" lon="103.9302520752">
        <ele>7155.18</ele>
        <time>2026-07-04T16:13:30</time>
      </trkpt>
      <trkpt lat="25.98992729187" lon="103.91033172607">
        <ele>7101.84</ele>
        <time>2026-07-04T16:13:45</time>
      </trkpt>
      <trkpt lat="25.972379684448" lon="103.88961791992">
        <ele>7033.26</ele>
        <time>2026-07-04T16:13:59</time>
      </trkpt>
      <trkpt lat="25.955289840698" lon="103.86653900146">
        <ele>6949.44</ele>
        <time>2026-07-04T16:14:14</time>
      </trkpt>
      <trkpt lat="25.940299987793" lon="103.84320068359">
        <ele>6858.0</ele>
        <time>2026-07-04T16:14:29</time>
      </trkpt>
      <trkpt lat="25.925630569458" lon="103.81909179688">
        <ele>6774.18</ele>
        <time>2026-07-04T16:14:44</time>
      </trkpt>
      <trkpt lat="25.910789489746" lon="103.794921875">
        <ele>6682.74</ele>
        <time>2026-07-04T16:14:59</time>
      </trkpt>
      <trkpt lat="25.896150588989" lon="103.77311706543">
        <ele>6621.78</ele>
        <time>2026-07-04T16:15:14</time>
      </trkpt>
      <trkpt lat="25.878620147705" lon="103.75119781494">
        <ele>6606.54</ele>
        <time>2026-07-04T16:15:29</time>
      </trkpt>
      <trkpt lat="25.860330581665" lon="103.73143005371">
        <ele>6606.54</ele>
        <time>2026-07-04T16:15:44</time>
      </trkpt>
      <trkpt lat="25.840900421143" lon="103.71337127686">
        <ele>6614.16</ele>
        <time>2026-07-04T16:15:59</time>
      </trkpt>
      <trkpt lat="25.819929122925" lon="103.69654083252">
        <ele>6614.16</ele>
        <time>2026-07-04T16:16:14</time>
      </trkpt>
      <trkpt lat="25.799390792847" lon="103.68025970459">
        <ele>6614.16</ele>
        <time>2026-07-04T16:16:29</time>
      </trkpt>
      <trkpt lat="25.778549194336" lon="103.66358184814">
        <ele>6614.16</ele>
        <time>2026-07-04T16:16:44</time>
      </trkpt>
      <trkpt lat="25.756990432739" lon="103.64643859863">
        <ele>6614.16</ele>
        <time>2026-07-04T16:16:59</time>
      </trkpt>
      <trkpt lat="25.736030578613" lon="103.62983703613">
        <ele>6614.16</ele>
        <time>2026-07-04T16:17:14</time>
      </trkpt>
      <trkpt lat="25.715379714966" lon="103.61343383789">
        <ele>6614.16</ele>
        <time>2026-07-04T16:17:29</time>
      </trkpt>
      <trkpt lat="25.693950653076" lon="103.59645080566">
        <ele>6614.16</ele>
        <time>2026-07-04T16:17:44</time>
      </trkpt>
      <trkpt lat="25.672580718994" lon="103.57956695557">
        <ele>6606.54</ele>
        <time>2026-07-04T16:17:59</time>
      </trkpt>
      <trkpt lat="25.651350021362" lon="103.56282806396">
        <ele>6614.16</ele>
        <time>2026-07-04T16:18:14</time>
      </trkpt>
      <trkpt lat="25.629959106445" lon="103.54598999023">
        <ele>6614.16</ele>
        <time>2026-07-04T16:18:29</time>
      </trkpt>
      <trkpt lat="25.608949661255" lon="103.52945709229">
        <ele>6614.16</ele>
        <time>2026-07-04T16:18:44</time>
      </trkpt>
      <trkpt lat="25.587249755859" lon="103.51229858398">
        <ele>6614.16</ele>
        <time>2026-07-04T16:18:59</time>
      </trkpt>
      <trkpt lat="25.566699981689" lon="103.49604034424">
        <ele>6606.54</ele>
        <time>2026-07-04T16:19:14</time>
      </trkpt>
      <trkpt lat="25.545272827148" lon="103.47910308838">
        <ele>6598.92</ele>
        <time>2026-07-04T16:19:29</time>
      </trkpt>
      <trkpt lat="25.524309158325" lon="103.46263122559">
        <ele>6499.86</ele>
        <time>2026-07-04T16:19:44</time>
      </trkpt>
      <trkpt lat="25.50359916687" lon="103.44628143311">
        <ele>6393.18</ele>
        <time>2026-07-04T16:19:59</time>
      </trkpt>
      <trkpt lat="25.482599258423" lon="103.42964935303">
        <ele>6286.5</ele>
        <time>2026-07-04T16:20:14</time>
      </trkpt>
      <trkpt lat="25.461820602417" lon="103.41333770752">
        <ele>6202.68</ele>
        <time>2026-07-04T16:20:29</time>
      </trkpt>
      <trkpt lat="25.441310882568" lon="103.39742279053">
        <ele>6118.86</ele>
        <time>2026-07-04T16:20:44</time>
      </trkpt>
      <trkpt lat="25.42115020752" lon="103.38160705566">
        <ele>6042.66</ele>
        <time>2026-07-04T16:20:59</time>
      </trkpt>
      <trkpt lat="25.401369094849" lon="103.36595916748">
        <ele>5966.46</ele>
        <time>2026-07-04T16:21:14</time>
      </trkpt>
      <trkpt lat="25.380939483643" lon="103.34986114502">
        <ele>5882.64</ele>
        <time>2026-07-04T16:21:29</time>
      </trkpt>
      <trkpt lat="25.361209869385" lon="103.33444976807">
        <ele>5806.44</ele>
        <time>2026-07-04T16:21:44</time>
      </trkpt>
      <trkpt lat="25.341129302979" lon="103.31868743896">
        <ele>5730.24</ele>
        <time>2026-07-04T16:21:59</time>
      </trkpt>
      <trkpt lat="25.32160949707" lon="103.30338287354">
        <ele>5661.66</ele>
        <time>2026-07-04T16:22:14</time>
      </trkpt>
      <trkpt lat="25.301509857178" lon="103.28765106201">
        <ele>5577.84</ele>
        <time>2026-07-04T16:22:29</time>
      </trkpt>
      <trkpt lat="25.281639099121" lon="103.27210998535">
        <ele>5501.64</ele>
        <time>2026-07-04T16:22:44</time>
      </trkpt>
      <trkpt lat="25.261730194092" lon="103.25643157959">
        <ele>5433.06</ele>
        <time>2026-07-04T16:22:59</time>
      </trkpt>
      <trkpt lat="25.24222946167" lon="103.24117279053">
        <ele>5349.24</ele>
        <time>2026-07-04T16:23:14</time>
      </trkpt>
      <trkpt lat="25.222139358521" lon="103.22541046143">
        <ele>5273.04</ele>
        <time>2026-07-04T16:23:29</time>
      </trkpt>
      <trkpt lat="25.202959060669" lon="103.21044158936">
        <ele>5196.84</ele>
        <time>2026-07-04T16:23:44</time>
      </trkpt>
      <trkpt lat="25.184139251709" lon="103.19574737549">
        <ele>5128.26</ele>
        <time>2026-07-04T16:23:59</time>
      </trkpt>
      <trkpt lat="25.165769577026" lon="103.18147277832">
        <ele>5044.44</ele>
        <time>2026-07-04T16:24:14</time>
      </trkpt>
      <trkpt lat="25.147289276123" lon="103.16710662842">
        <ele>4975.86</ele>
        <time>2026-07-04T16:24:29</time>
      </trkpt>
      <trkpt lat="25.128572463989" lon="103.15239715576">
        <ele>4892.04</ele>
        <time>2026-07-04T16:24:44</time>
      </trkpt>
      <trkpt lat="25.110719680786" lon="103.13838195801">
        <ele>4815.84</ele>
        <time>2026-07-04T16:24:59</time>
      </trkpt>
      <trkpt lat="25.092210769653" lon="103.12394714355">
        <ele>4754.88</ele>
        <time>2026-07-04T16:25:14</time>
      </trkpt>
      <trkpt lat="25.074480056763" lon="103.11010742188">
        <ele>4732.02</ele>
        <time>2026-07-04T16:25:29</time>
      </trkpt>
      <trkpt lat="25.057390213013" lon="103.09678649902">
        <ele>4732.02</ele>
        <time>2026-07-04T16:25:44</time>
      </trkpt>
      <trkpt lat="25.041009902954" lon="103.08403778076">
        <ele>4732.02</ele>
        <time>2026-07-04T16:25:59</time>
      </trkpt>
      <trkpt lat="25.025320053101" lon="103.0717086792">
        <ele>4739.64</ele>
        <time>2026-07-04T16:26:14</time>
      </trkpt>
      <trkpt lat="25.009830474854" lon="103.05934143066">
        <ele>4732.02</ele>
        <time>2026-07-04T16:26:29</time>
      </trkpt>
      <trkpt lat="24.994770050049" lon="103.04733276367">
        <ele>4732.02</ele>
        <time>2026-07-04T16:26:44</time>
      </trkpt>
      <trkpt lat="24.979339599609" lon="103.0350189209">
        <ele>4724.4</ele>
        <time>2026-07-04T16:26:59</time>
      </trkpt>
      <trkpt lat="24.964519500732" lon="103.02326202393">
        <ele>4686.3</ele>
        <time>2026-07-04T16:27:14</time>
      </trkpt>
      <trkpt lat="24.949449539185" lon="103.01126861572">
        <ele>4640.58</ele>
        <time>2026-07-04T16:27:29</time>
      </trkpt>
      <trkpt lat="24.935440063477" lon="103.00007629395">
        <ele>4579.62</ele>
        <time>2026-07-04T16:27:44</time>
      </trkpt>
      <trkpt lat="24.920789718628" lon="102.98843383789">
        <ele>4503.42</ele>
        <time>2026-07-04T16:27:59</time>
      </trkpt>
      <trkpt lat="24.906936645508" lon="102.97744750977">
        <ele>4457.7</ele>
        <time>2026-07-04T16:28:14</time>
      </trkpt>
      <trkpt lat="24.893482208252" lon="102.96672058105">
        <ele>4411.98</ele>
        <time>2026-07-04T16:28:29</time>
      </trkpt>
      <trkpt lat="24.880325317383" lon="102.95623779297">
        <ele>4366.26</ele>
        <time>2026-07-04T16:28:44</time>
      </trkpt>
      <trkpt lat="24.867460250854" lon="102.94603729248">
        <ele>4297.68</ele>
        <time>2026-07-04T16:28:59</time>
      </trkpt>
      <trkpt lat="24.855169296265" lon="102.9362487793">
        <ele>4213.86</ele>
        <time>2026-07-04T16:29:14</time>
      </trkpt>
      <trkpt lat="24.842189788818" lon="102.9259185791">
        <ele>4122.42</ele>
        <time>2026-07-04T16:29:29</time>
      </trkpt>
      <trkpt lat="24.830289840698" lon="102.91477966309">
        <ele>4030.98</ele>
        <time>2026-07-04T16:29:44</time>
      </trkpt>
      <trkpt lat="24.824169158936" lon="102.899559021">
        <ele>3939.54</ele>
        <time>2026-07-04T16:29:59</time>
      </trkpt>
      <trkpt lat="24.822860717773" lon="102.8824005127">
        <ele>3863.34</ele>
        <time>2026-07-04T16:30:14</time>
      </trkpt>
      <trkpt lat="24.822584152222" lon="102.86582183838">
        <ele>3787.14</ele>
        <time>2026-07-04T16:30:29</time>
      </trkpt>
      <trkpt lat="24.822463989258" lon="102.84845733643">
        <ele>3710.94</ele>
        <time>2026-07-04T16:30:44</time>
      </trkpt>
      <trkpt lat="24.822444915771" lon="102.83151245117">
        <ele>3634.74</ele>
        <time>2026-07-04T16:30:59</time>
      </trkpt>
      <trkpt lat="24.824630737305" lon="102.81493377686">
        <ele>3558.54</ele>
        <time>2026-07-04T16:31:14</time>
      </trkpt>
      <trkpt lat="24.832899093628" lon="102.80029296875">
        <ele>3505.2</ele>
        <time>2026-07-04T16:31:29</time>
      </trkpt>
      <trkpt lat="24.842927932739" lon="102.7866897583">
        <ele>3459.48</ele>
        <time>2026-07-04T16:31:44</time>
      </trkpt>
      <trkpt lat="24.853088378906" lon="102.77410125732">
        <ele>3406.14</ele>
        <time>2026-07-04T16:31:59</time>
      </trkpt>
      <trkpt lat="24.867179870605" lon="102.76647949219">
        <ele>3352.8</ele>
        <time>2026-07-04T16:32:14</time>
      </trkpt>
      <trkpt lat="24.882934570312" lon="102.76723480225">
        <ele>3307.08</ele>
        <time>2026-07-04T16:32:29</time>
      </trkpt>
      <trkpt lat="24.898044586182" lon="102.77165985107">
        <ele>3246.12</ele>
        <time>2026-07-04T16:32:44</time>
      </trkpt>
      <trkpt lat="24.911449432373" lon="102.78061676025">
        <ele>3185.16</ele>
        <time>2026-07-04T16:32:59</time>
      </trkpt>
      <trkpt lat="24.923950195312" lon="102.79123687744">
        <ele>3116.58</ele>
        <time>2026-07-04T16:33:14</time>
      </trkpt>
      <trkpt lat="24.936126708984" lon="102.80191802979">
        <ele>3048.0</ele>
        <time>2026-07-04T16:33:29</time>
      </trkpt>
      <trkpt lat="24.948623657227" lon="102.81290435791">
        <ele>2994.66</ele>
        <time>2026-07-04T16:33:44</time>
      </trkpt>
      <trkpt lat="24.959819793701" lon="102.82264709473">
        <ele>2956.56</ele>
        <time>2026-07-04T16:33:59</time>
      </trkpt>
      <trkpt lat="24.971597671509" lon="102.832862854">
        <ele>2903.22</ele>
        <time>2026-07-04T16:34:14</time>
      </trkpt>
      <trkpt lat="24.982179641724" lon="102.84204864502">
        <ele>2819.4</ele>
        <time>2026-07-04T16:34:29</time>
      </trkpt>
      <trkpt lat="24.992935180664" lon="102.85140991211">
        <ele>2743.2</ele>
        <time>2026-07-04T16:34:44</time>
      </trkpt>
      <trkpt lat="25.003347396851" lon="102.86042785645">
        <ele>2674.62</ele>
        <time>2026-07-04T16:34:59</time>
      </trkpt>
      <trkpt lat="25.013259887695" lon="102.86905670166">
        <ele>2598.42</ele>
        <time>2026-07-04T16:35:14</time>
      </trkpt>
      <trkpt lat="25.023010253906" lon="102.87755584717">
        <ele>2529.84</ele>
        <time>2026-07-04T16:35:29</time>
      </trkpt>
      <trkpt lat="25.032300949097" lon="102.88564300537">
        <ele>2461.26</ele>
        <time>2026-07-04T16:35:44</time>
      </trkpt>
      <trkpt lat="25.041709899902" lon="102.89379882812">
        <ele>2400.3</ele>
        <time>2026-07-04T16:35:59</time>
      </trkpt>
      <trkpt lat="25.051300048828" lon="102.90209960938">
        <ele>2331.72</ele>
        <time>2026-07-04T16:36:14</time>
      </trkpt>
      <trkpt lat="25.060419082642" lon="102.91002655029">
        <ele>2270.76</ele>
        <time>2026-07-04T16:36:29</time>
      </trkpt>
      <trkpt lat="25.069499969482" lon="102.91795349121">
        <ele>2202.18</ele>
        <time>2026-07-04T16:36:44</time>
      </trkpt>
      <trkpt lat="25.078807830811" lon="102.92604064941">
        <ele>2141.22</ele>
        <time>2026-07-04T16:36:59</time>
      </trkpt>
      <trkpt lat="25.087966918945" lon="102.9340133667">
        <ele>2080.26</ele>
        <time>2026-07-04T16:37:14</time>
      </trkpt>
      <trkpt lat="25.096822738647" lon="102.94174194336">
        <ele>2042.16</ele>
        <time>2026-07-04T16:37:29</time>
      </trkpt>
      <trkpt lat="25.10990524292" lon="102.95206451416">
        <ele>0.0</ele>
        <time>2026-07-04T16:38:23</time>
      </trkpt>
      <trkpt lat="25.110729217529" lon="102.95202636719">
        <ele>0.0</ele>
        <time>2026-07-04T16:38:38</time>
      </trkpt>
      <trkpt lat="25.110544204712" lon="102.95130157471">
        <ele>0.0</ele>
        <time>2026-07-04T16:38:53</time>
      </trkpt>
      <trkpt lat="25.109920501709" lon="102.95073699951">
        <ele>0.0</ele>
        <time>2026-07-04T16:39:09</time>
      </trkpt>
      <trkpt lat="25.10920715332" lon="102.95011901855">
        <ele>0.0</ele>
        <time>2026-07-04T16:39:23</time>
      </trkpt>
      <trkpt lat="25.108379364014" lon="102.94940948486">
        <ele>0.0</ele>
        <time>2026-07-04T16:39:38</time>
      </trkpt>
      <trkpt lat="25.107789993286" lon="102.94889068604">
        <ele>0.0</ele>
        <time>2026-07-04T16:39:49</time>
      </trkpt>
      <trkpt lat="25.106884002686" lon="102.948097229">
        <ele>0.0</ele>
        <time>2026-07-04T16:40:03</time>
      </trkpt>
      <trkpt lat="25.105880737305" lon="102.94724273682">
        <ele>0.0</ele>
        <time>2026-07-04T16:40:18</time>
      </trkpt>
      <trkpt lat="25.1047706604" lon="102.94625854492">
        <ele>0.0</ele>
        <time>2026-07-04T16:40:33</time>
      </trkpt>
      <trkpt lat="25.103565216064" lon="102.94521331787">
        <ele>0.0</ele>
        <time>2026-07-04T16:40:48</time>
      </trkpt>
      <trkpt lat="25.10232925415" lon="102.94414520264">
        <ele>0.0</ele>
        <time>2026-07-04T16:41:03</time>
      </trkpt>
      <trkpt lat="25.101390838623" lon="102.94332122803">
        <ele>0.0</ele>
        <time>2026-07-04T16:41:15</time>
      </trkpt>
      <trkpt lat="25.10041809082" lon="102.94248199463">
        <ele>0.0</ele>
        <time>2026-07-04T16:41:31</time>
      </trkpt>
      <trkpt lat="25.100059509277" lon="102.94200134277">
        <ele>0.0</ele>
        <time>2026-07-04T16:41:45</time>
      </trkpt>
      <trkpt lat="25.100309371948" lon="102.94146728516">
        <ele>0.0</ele>
        <time>2026-07-04T16:42:00</time>
      </trkpt>
      <trkpt lat="25.100757598877" lon="102.94087219238">
        <ele>0.0</ele>
        <time>2026-07-04T16:42:15</time>
      </trkpt>
      <trkpt lat="25.101245880127" lon="102.94020080566">
        <ele>0.0</ele>
        <time>2026-07-04T16:42:30</time>
      </trkpt>
      <trkpt lat="25.10186958313" lon="102.93933105469">
        <ele>0.0</ele>
        <time>2026-07-04T16:42:45</time>
      </trkpt>
      <trkpt lat="25.102369308472" lon="102.93862915039">
        <ele>0.0</ele>
        <time>2026-07-04T16:43:00</time>
      </trkpt>
      <trkpt lat="25.102989196777" lon="102.93863677979">
        <ele>0.0</ele>
        <time>2026-07-04T16:43:15</time>
      </trkpt>
      <trkpt lat="25.103710174561" lon="102.93927764893">
        <ele>0.0</ele>
        <time>2026-07-04T16:43:30</time>
      </trkpt>
      <trkpt lat="25.104400634766" lon="102.9398727417">
        <ele>0.0</ele>
        <time>2026-07-04T16:43:45</time>
      </trkpt>
      <trkpt lat="25.105005264282" lon="102.93978118896">
        <ele>0.0</ele>
        <time>2026-07-04T16:44:00</time>
      </trkpt>
      <trkpt lat="25.105480194092" lon="102.93910217285">
        <ele>0.0</ele>
        <time>2026-07-04T16:44:15</time>
      </trkpt>
      <trkpt lat="25.106090545654" lon="102.93826293945">
        <ele>0.0</ele>
        <time>2026-07-04T16:44:30</time>
      </trkpt>
      <trkpt lat="25.106552124023" lon="102.93762969971">
        <ele>0.0</ele>
        <time>2026-07-04T16:44:41</time>
      </trkpt>
      <trkpt lat="25.10729598999" lon="102.93660736084">
        <ele>0.0</ele>
        <time>2026-07-04T16:44:59</time>
      </trkpt>
      <trkpt lat="25.107799530029" lon="102.93589019775">
        <ele>0.0</ele>
        <time>2026-07-04T16:45:10</time>
      </trkpt>
      <trkpt lat="25.108600616455" lon="102.93479919434">
        <ele>0.0</ele>
        <time>2026-07-04T16:45:24</time>
      </trkpt>
      <trkpt lat="25.109489440918" lon="102.93357849121">
        <ele>0.0</ele>
        <time>2026-07-04T16:45:39</time>
      </trkpt>
      <trkpt lat="25.110370635986" lon="102.9323425293">
        <ele>0.0</ele>
        <time>2026-07-04T16:45:54</time>
      </trkpt>
      <trkpt lat="25.110963821411" lon="102.93151855469">
        <ele>0.0</ele>
        <time>2026-07-04T16:46:05</time>
      </trkpt>
      <trkpt lat="25.111820220947" lon="102.93032836914">
        <ele>0.0</ele>
        <time>2026-07-04T16:46:19</time>
      </trkpt>
      <trkpt lat="25.112489700317" lon="102.9294128418">
        <ele>0.0</ele>
        <time>2026-07-04T16:46:34</time>
      </trkpt>
      <trkpt lat="25.112791061401" lon="102.92874145508">
        <ele>0.0</ele>
        <time>2026-07-04T16:46:48</time>
      </trkpt>
      <trkpt lat="25.11243057251" lon="102.92826843262">
        <ele>0.0</ele>
        <time>2026-07-04T16:47:03</time>
      </trkpt>
      <trkpt lat="25.111917495728" lon="102.92782592773">
        <ele>0.0</ele>
        <time>2026-07-04T16:47:17</time>
      </trkpt>
      <trkpt lat="25.111339569092" lon="102.9273223877">
        <ele>0.0</ele>
        <time>2026-07-04T16:47:32</time>
      </trkpt>
      <trkpt lat="25.110719680786" lon="102.92678833008">
        <ele>0.0</ele>
        <time>2026-07-04T16:47:47</time>
      </trkpt>
      <trkpt lat="25.110029220581" lon="102.92617797852">
        <ele>0.0</ele>
        <time>2026-07-04T16:48:02</time>
      </trkpt>
      <trkpt lat="25.109180450439" lon="102.92543792725">
        <ele>0.0</ele>
        <time>2026-07-04T16:48:17</time>
      </trkpt>
      <trkpt lat="25.108329772949" lon="102.92469787598">
        <ele>0.0</ele>
        <time>2026-07-04T16:48:32</time>
      </trkpt>
      <trkpt lat="25.107433319092" lon="102.92392730713">
        <ele>0.0</ele>
        <time>2026-07-04T16:48:47</time>
      </trkpt>
      <trkpt lat="25.106552124023" lon="102.92316436768">
        <ele>0.0</ele>
        <time>2026-07-04T16:49:03</time>
      </trkpt>
      <trkpt lat="25.105934143066" lon="102.92261505127">
        <ele>0.0</ele>
        <time>2026-07-04T16:49:18</time>
      </trkpt>
      <trkpt lat="25.105640411377" lon="102.92244720459">
        <ele>0.0</ele>
        <time>2026-07-04T16:49:29</time>
      </trkpt>
      <trkpt lat="25.105411529541" lon="102.92260742188">
        <ele>0.0</ele>
        <time>2026-07-04T16:49:41</time>
      </trkpt>
      <trkpt lat="25.105249404907" lon="102.92285919189">
        <ele>0.0</ele>
        <time>2026-07-04T16:49:53</time>
      </trkpt>
      <trkpt lat="25.105009078979" lon="102.92320251465">
        <ele>0.0</ele>
        <time>2026-07-04T16:50:06</time>
      </trkpt>
      <trkpt lat="25.104639053345" lon="102.9236907959">
        <ele>0.0</ele>
        <time>2026-07-04T16:50:21</time>
      </trkpt>
      <trkpt lat="25.104230880737" lon="102.92429351807">
        <ele>0.0</ele>
        <time>2026-07-04T16:50:36</time>
      </trkpt>
      <trkpt lat="25.103759765625" lon="102.92446899414">
        <ele>0.0</ele>
        <time>2026-07-04T16:50:54</time>
      </trkpt>
      <trkpt lat="25.103427886963" lon="102.92417907715">
        <ele>0.0</ele>
        <time>2026-07-04T16:51:09</time>
      </trkpt>
    </trkseg>
  </trk>
</gpx>