<?xml version="1.0" encoding="UTF-8"?>
<gpx xmlns="http://www.topografix.com/GPX/1/1" xmlns:xsi="http://www.w3.org/2001/XMLSchema-instance" xsi:schemaLocation="http://www.topografix.com/GPX/1/1 http://www.topografix.com/GPX/1/1/gpx.xsd" version="1.1" creator="gpx.py -- https://github.com/tkrajina/gpxpy">
  <trk>
    <name>Variflight_HU430_20260710.csv</name>
    <trkseg>
      <trkpt lat="13.686779975891" lon="100.75229644775">
        <ele>0.0</ele>
        <time>2026-07-10T06:50:18</time>
      </trkpt>
      <trkpt lat="13.687390327454" lon="100.75171661377">
        <ele>0.0</ele>
        <time>2026-07-10T06:52:21</time>
      </trkpt>
      <trkpt lat="13.687399864197" lon="100.75171661377">
        <ele>0.0</ele>
        <time>2026-07-10T06:52:22</time>
      </trkpt>
      <trkpt lat="13.687390327454" lon="100.75171661377">
        <ele>0.0</ele>
        <time>2026-07-10T06:52:38</time>
      </trkpt>
      <trkpt lat="13.687399864197" lon="100.75171661377">
        <ele>0.0</ele>
        <time>2026-07-10T06:52:43</time>
      </trkpt>
      <trkpt lat="13.687399864197" lon="100.75171661377">
        <ele>0.0</ele>
        <time>2026-07-10T06:53:58</time>
      </trkpt>
      <trkpt lat="13.687419891357" lon="100.75170898438">
        <ele>0.0</ele>
        <time>2026-07-10T06:56:19</time>
      </trkpt>
      <trkpt lat="13.687419891357" lon="100.75171661377">
        <ele>0.0</ele>
        <time>2026-07-10T06:56:20</time>
      </trkpt>
      <trkpt lat="13.687419891357" lon="100.75170898438">
        <ele>0.0</ele>
        <time>2026-07-10T06:57:14</time>
      </trkpt>
      <trkpt lat="13.687399864197" lon="100.75171661377">
        <ele>0.0</ele>
        <time>2026-07-10T06:57:40</time>
      </trkpt>
      <trkpt lat="13.687239646912" lon="100.75169372559">
        <ele>0.0</ele>
        <time>2026-07-10T06:58:07</time>
      </trkpt>
      <trkpt lat="13.686860084534" lon="100.75158691406">
        <ele>0.0</ele>
        <time>2026-07-10T06:58:18</time>
      </trkpt>
      <trkpt lat="13.686719894409" lon="100.75155639648">
        <ele>0.0</ele>
        <time>2026-07-10T06:58:23</time>
      </trkpt>
      <trkpt lat="13.686559677124" lon="100.75151824951">
        <ele>0.0</ele>
        <time>2026-07-10T06:58:28</time>
      </trkpt>
      <trkpt lat="13.686180114746" lon="100.75140380859">
        <ele>0.0</ele>
        <time>2026-07-10T06:58:39</time>
      </trkpt>
      <trkpt lat="13.685970306396" lon="100.75081634521">
        <ele>0.0</ele>
        <time>2026-07-10T06:58:55</time>
      </trkpt>
      <trkpt lat="13.686030387878" lon="100.7505569458">
        <ele>0.0</ele>
        <time>2026-07-10T06:59:00</time>
      </trkpt>
      <trkpt lat="13.686200141907" lon="100.74996948242">
        <ele>0.0</ele>
        <time>2026-07-10T06:59:11</time>
      </trkpt>
      <trkpt lat="13.686519622803" lon="100.74870300293">
        <ele>0.0</ele>
        <time>2026-07-10T06:59:32</time>
      </trkpt>
      <trkpt lat="13.686579704285" lon="100.74842071533">
        <ele>0.0</ele>
        <time>2026-07-10T06:59:37</time>
      </trkpt>
      <trkpt lat="13.68673992157" lon="100.74775695801">
        <ele>0.0</ele>
        <time>2026-07-10T06:59:42</time>
      </trkpt>
      <trkpt lat="13.687160491943" lon="100.74619293213">
        <ele>0.0</ele>
        <time>2026-07-10T07:00:04</time>
      </trkpt>
      <trkpt lat="13.687319755554" lon="100.74552154541">
        <ele>0.0</ele>
        <time>2026-07-10T07:00:14</time>
      </trkpt>
      <trkpt lat="13.687410354614" lon="100.74517822266">
        <ele>0.0</ele>
        <time>2026-07-10T07:00:19</time>
      </trkpt>
      <trkpt lat="13.6875" lon="100.7448425293">
        <ele>0.0</ele>
        <time>2026-07-10T07:00:25</time>
      </trkpt>
      <trkpt lat="13.687660217285" lon="100.74420166016">
        <ele>0.0</ele>
        <time>2026-07-10T07:00:41</time>
      </trkpt>
      <trkpt lat="13.687689781189" lon="100.74404144287">
        <ele>0.0</ele>
        <time>2026-07-10T07:00:46</time>
      </trkpt>
      <trkpt lat="13.68782043457" lon="100.74353027344">
        <ele>0.0</ele>
        <time>2026-07-10T07:01:08</time>
      </trkpt>
      <trkpt lat="13.687860488892" lon="100.74336242676">
        <ele>0.0</ele>
        <time>2026-07-10T07:01:34</time>
      </trkpt>
      <trkpt lat="13.687919616699" lon="100.74317932129">
        <ele>0.0</ele>
        <time>2026-07-10T07:01:45</time>
      </trkpt>
      <trkpt lat="13.687999725342" lon="100.74278259277">
        <ele>0.0</ele>
        <time>2026-07-10T07:01:56</time>
      </trkpt>
      <trkpt lat="13.688079833984" lon="100.74252319336">
        <ele>0.0</ele>
        <time>2026-07-10T07:02:01</time>
      </trkpt>
      <trkpt lat="13.688139915466" lon="100.74224090576">
        <ele>0.0</ele>
        <time>2026-07-10T07:02:07</time>
      </trkpt>
      <trkpt lat="13.688300132751" lon="100.74156951904">
        <ele>0.0</ele>
        <time>2026-07-10T07:02:18</time>
      </trkpt>
      <trkpt lat="13.688389778137" lon="100.74134063721">
        <ele>0.0</ele>
        <time>2026-07-10T07:02:23</time>
      </trkpt>
      <trkpt lat="13.688579559326" lon="100.74121856689">
        <ele>0.0</ele>
        <time>2026-07-10T07:02:29</time>
      </trkpt>
      <trkpt lat="13.688779830933" lon="100.74121856689">
        <ele>0.0</ele>
        <time>2026-07-10T07:02:34</time>
      </trkpt>
      <trkpt lat="13.689080238342" lon="100.74125671387">
        <ele>0.0</ele>
        <time>2026-07-10T07:02:39</time>
      </trkpt>
      <trkpt lat="13.689620018005" lon="100.74141693115">
        <ele>0.0</ele>
        <time>2026-07-10T07:02:50</time>
      </trkpt>
      <trkpt lat="13.689869880676" lon="100.74147796631">
        <ele>0.0</ele>
        <time>2026-07-10T07:02:55</time>
      </trkpt>
      <trkpt lat="13.69021987915" lon="100.74156951904">
        <ele>0.0</ele>
        <time>2026-07-10T07:03:00</time>
      </trkpt>
      <trkpt lat="13.690850257874" lon="100.74173736572">
        <ele>0.0</ele>
        <time>2026-07-10T07:03:11</time>
      </trkpt>
      <trkpt lat="13.691220283508" lon="100.74183654785">
        <ele>0.0</ele>
        <time>2026-07-10T07:03:16</time>
      </trkpt>
      <trkpt lat="13.691670417786" lon="100.74195098877">
        <ele>0.0</ele>
        <time>2026-07-10T07:03:21</time>
      </trkpt>
      <trkpt lat="13.692079544067" lon="100.74207305908">
        <ele>0.0</ele>
        <time>2026-07-10T07:03:26</time>
      </trkpt>
      <trkpt lat="13.692620277405" lon="100.74220275879">
        <ele>0.0</ele>
        <time>2026-07-10T07:03:32</time>
      </trkpt>
      <trkpt lat="13.693079948425" lon="100.74231719971">
        <ele>0.0</ele>
        <time>2026-07-10T07:03:37</time>
      </trkpt>
      <trkpt lat="13.693539619446" lon="100.7424621582">
        <ele>0.0</ele>
        <time>2026-07-10T07:03:43</time>
      </trkpt>
      <trkpt lat="13.694060325623" lon="100.74257659912">
        <ele>0.0</ele>
        <time>2026-07-10T07:03:48</time>
      </trkpt>
      <trkpt lat="13.695019721985" lon="100.74284362793">
        <ele>0.0</ele>
        <time>2026-07-10T07:03:58</time>
      </trkpt>
      <trkpt lat="13.698539733887" lon="100.74375152588">
        <ele>0.0</ele>
        <time>2026-07-10T07:04:31</time>
      </trkpt>
      <trkpt lat="13.699119567871" lon="100.74389648438">
        <ele>0.0</ele>
        <time>2026-07-10T07:04:37</time>
      </trkpt>
      <trkpt lat="13.70059967041" lon="100.74430084229">
        <ele>0.0</ele>
        <time>2026-07-10T07:04:53</time>
      </trkpt>
      <trkpt lat="13.700980186462" lon="100.74440002441">
        <ele>0.0</ele>
        <time>2026-07-10T07:04:58</time>
      </trkpt>
      <trkpt lat="13.701580047607" lon="100.7445602417">
        <ele>0.0</ele>
        <time>2026-07-10T07:05:09</time>
      </trkpt>
      <trkpt lat="13.701800346375" lon="100.74459075928">
        <ele>0.0</ele>
        <time>2026-07-10T07:05:14</time>
      </trkpt>
      <trkpt lat="13.702159881592" lon="100.74452209473">
        <ele>0.0</ele>
        <time>2026-07-10T07:05:25</time>
      </trkpt>
      <trkpt lat="13.702260017395" lon="100.74429321289">
        <ele>0.0</ele>
        <time>2026-07-10T07:05:35</time>
      </trkpt>
      <trkpt lat="13.702280044556" lon="100.74423980713">
        <ele>0.0</ele>
        <time>2026-07-10T07:05:57</time>
      </trkpt>
      <trkpt lat="13.702280044556" lon="100.74423980713">
        <ele>0.0</ele>
        <time>2026-07-10T07:06:02</time>
      </trkpt>
      <trkpt lat="13.702260017395" lon="100.74424743652">
        <ele>0.0</ele>
        <time>2026-07-10T07:06:07</time>
      </trkpt>
      <trkpt lat="13.702340126038" lon="100.74392700195">
        <ele>0.0</ele>
        <time>2026-07-10T07:07:14</time>
      </trkpt>
      <trkpt lat="13.70240020752" lon="100.74371337891">
        <ele>0.0</ele>
        <time>2026-07-10T07:07:16</time>
      </trkpt>
      <trkpt lat="13.702039718628" lon="100.74278259277">
        <ele>0.0</ele>
        <time>2026-07-10T07:07:47</time>
      </trkpt>
      <trkpt lat="13.701840400696" lon="100.74272155762">
        <ele>0.0</ele>
        <time>2026-07-10T07:07:53</time>
      </trkpt>
      <trkpt lat="13.690250396729" lon="100.73966217041">
        <ele>60.96</ele>
        <time>2026-07-10T07:08:30</time>
      </trkpt>
      <trkpt lat="13.677749633789" lon="100.73638916016">
        <ele>121.92</ele>
        <time>2026-07-10T07:08:47</time>
      </trkpt>
      <trkpt lat="13.65431022644" lon="100.7303314209">
        <ele>502.92</ele>
        <time>2026-07-10T07:09:16</time>
      </trkpt>
      <trkpt lat="13.644559860229" lon="100.72763061523">
        <ele>617.22</ele>
        <time>2026-07-10T07:09:32</time>
      </trkpt>
      <trkpt lat="13.631850242615" lon="100.72444152832">
        <ele>723.9</ele>
        <time>2026-07-10T07:09:46</time>
      </trkpt>
      <trkpt lat="13.619110107422" lon="100.72080993652">
        <ele>838.2</ele>
        <time>2026-07-10T07:10:01</time>
      </trkpt>
      <trkpt lat="13.609920501709" lon="100.71817016602">
        <ele>937.26</ele>
        <time>2026-07-10T07:10:12</time>
      </trkpt>
      <trkpt lat="13.596590042114" lon="100.71475219727">
        <ele>1066.8</ele>
        <time>2026-07-10T07:10:26</time>
      </trkpt>
      <trkpt lat="13.586009979248" lon="100.7120513916">
        <ele>1127.76</ele>
        <time>2026-07-10T07:10:41</time>
      </trkpt>
      <trkpt lat="13.567469596863" lon="100.70703887939">
        <ele>1226.82</ele>
        <time>2026-07-10T07:11:03</time>
      </trkpt>
      <trkpt lat="13.547360420227" lon="100.69776153564">
        <ele>1348.74</ele>
        <time>2026-07-10T07:11:22</time>
      </trkpt>
      <trkpt lat="13.538450241089" lon="100.68681335449">
        <ele>1402.08</ele>
        <time>2026-07-10T07:11:36</time>
      </trkpt>
      <trkpt lat="13.533340454102" lon="100.66752624512">
        <ele>1546.86</ele>
        <time>2026-07-10T07:11:52</time>
      </trkpt>
      <trkpt lat="13.535059928894" lon="100.65370178223">
        <ele>1600.2</ele>
        <time>2026-07-10T07:12:06</time>
      </trkpt>
      <trkpt lat="13.539529800415" lon="100.63558197021">
        <ele>1760.22</ele>
        <time>2026-07-10T07:12:21</time>
      </trkpt>
      <trkpt lat="13.543990135193" lon="100.61714935303">
        <ele>1950.72</ele>
        <time>2026-07-10T07:12:36</time>
      </trkpt>
      <trkpt lat="13.549819946289" lon="100.6000213623">
        <ele>2133.6</ele>
        <time>2026-07-10T07:12:51</time>
      </trkpt>
      <trkpt lat="13.563719749451" lon="100.58721923828">
        <ele>2331.72</ele>
        <time>2026-07-10T07:13:06</time>
      </trkpt>
      <trkpt lat="13.581009864807" lon="100.58354187012">
        <ele>2491.74</ele>
        <time>2026-07-10T07:13:21</time>
      </trkpt>
      <trkpt lat="13.601079940796" lon="100.58930206299">
        <ele>2644.14</ele>
        <time>2026-07-10T07:13:41</time>
      </trkpt>
      <trkpt lat="13.619600296021" lon="100.5987701416">
        <ele>2788.92</ele>
        <time>2026-07-10T07:13:56</time>
      </trkpt>
      <trkpt lat="13.63893032074" lon="100.60724639893">
        <ele>2910.84</ele>
        <time>2026-07-10T07:14:11</time>
      </trkpt>
      <trkpt lat="13.658889770508" lon="100.61567687988">
        <ele>3048.0</ele>
        <time>2026-07-10T07:14:26</time>
      </trkpt>
      <trkpt lat="13.678910255432" lon="100.62441253662">
        <ele>3185.16</ele>
        <time>2026-07-10T07:14:41</time>
      </trkpt>
      <trkpt lat="13.691209793091" lon="100.62993621826">
        <ele>3291.84</ele>
        <time>2026-07-10T07:14:52</time>
      </trkpt>
      <trkpt lat="13.710240364075" lon="100.63871765137">
        <ele>3459.48</ele>
        <time>2026-07-10T07:15:06</time>
      </trkpt>
      <trkpt lat="13.729559898376" lon="100.64758300781">
        <ele>3596.64</ele>
        <time>2026-07-10T07:15:21</time>
      </trkpt>
      <trkpt lat="13.748970031738" lon="100.65654754639">
        <ele>3741.42</ele>
        <time>2026-07-10T07:15:36</time>
      </trkpt>
      <trkpt lat="13.762700080872" lon="100.6628112793">
        <ele>3817.62</ele>
        <time>2026-07-10T07:15:47</time>
      </trkpt>
      <trkpt lat="13.781299591064" lon="100.67127990723">
        <ele>3931.92</ele>
        <time>2026-07-10T07:16:01</time>
      </trkpt>
      <trkpt lat="13.800970077515" lon="100.68019866943">
        <ele>4046.22</ele>
        <time>2026-07-10T07:16:15</time>
      </trkpt>
      <trkpt lat="13.822039604187" lon="100.68974304199">
        <ele>4122.42</ele>
        <time>2026-07-10T07:16:30</time>
      </trkpt>
      <trkpt lat="13.842359542847" lon="100.69892883301">
        <ele>4198.62</ele>
        <time>2026-07-10T07:16:45</time>
      </trkpt>
      <trkpt lat="13.862879753113" lon="100.70825195312">
        <ele>4274.82</ele>
        <time>2026-07-10T07:17:00</time>
      </trkpt>
      <trkpt lat="13.884980201721" lon="100.71839141846">
        <ele>4358.64</ele>
        <time>2026-07-10T07:17:15</time>
      </trkpt>
      <trkpt lat="13.906809806824" lon="100.72839355469">
        <ele>4434.84</ele>
        <time>2026-07-10T07:17:30</time>
      </trkpt>
      <trkpt lat="13.930899620056" lon="100.73934173584">
        <ele>4526.28</ele>
        <time>2026-07-10T07:17:45</time>
      </trkpt>
      <trkpt lat="13.953100204468" lon="100.74949645996">
        <ele>4602.48</ele>
        <time>2026-07-10T07:18:00</time>
      </trkpt>
      <trkpt lat="13.977129936218" lon="100.76045227051">
        <ele>4678.68</ele>
        <time>2026-07-10T07:18:15</time>
      </trkpt>
      <trkpt lat="14.001420021057" lon="100.77152252197">
        <ele>4762.5</ele>
        <time>2026-07-10T07:18:30</time>
      </trkpt>
      <trkpt lat="14.021909713745" lon="100.78086090088">
        <ele>4831.08</ele>
        <time>2026-07-10T07:18:45</time>
      </trkpt>
      <trkpt lat="14.046489715576" lon="100.79203796387">
        <ele>4907.28</ele>
        <time>2026-07-10T07:19:00</time>
      </trkpt>
      <trkpt lat="14.071200370789" lon="100.80335235596">
        <ele>4983.48</ele>
        <time>2026-07-10T07:19:15</time>
      </trkpt>
      <trkpt lat="14.09939956665" lon="100.81627655029">
        <ele>5082.54</ele>
        <time>2026-07-10T07:19:30</time>
      </trkpt>
      <trkpt lat="14.125900268555" lon="100.82842254639">
        <ele>5166.36</ele>
        <time>2026-07-10T07:19:50</time>
      </trkpt>
      <trkpt lat="14.165329933167" lon="100.84648895264">
        <ele>5288.28</ele>
        <time>2026-07-10T07:20:10</time>
      </trkpt>
      <trkpt lat="14.188570022583" lon="100.85710144043">
        <ele>5356.86</ele>
        <time>2026-07-10T07:20:25</time>
      </trkpt>
      <trkpt lat="14.21356010437" lon="100.86846160889">
        <ele>5433.06</ele>
        <time>2026-07-10T07:20:40</time>
      </trkpt>
      <trkpt lat="14.242309570312" lon="100.88157653809">
        <ele>5509.26</ele>
        <time>2026-07-10T07:21:00</time>
      </trkpt>
      <trkpt lat="14.26881980896" lon="100.89362335205">
        <ele>5577.84</ele>
        <time>2026-07-10T07:21:15</time>
      </trkpt>
      <trkpt lat="14.296750068665" lon="100.90644073486">
        <ele>5661.66</ele>
        <time>2026-07-10T07:21:30</time>
      </trkpt>
      <trkpt lat="14.347069740295" lon="100.92942047119">
        <ele>5798.82</ele>
        <time>2026-07-10T07:21:59</time>
      </trkpt>
      <trkpt lat="14.372539520264" lon="100.94100952148">
        <ele>5875.02</ele>
        <time>2026-07-10T07:22:15</time>
      </trkpt>
      <trkpt lat="14.399919509888" lon="100.95350646973">
        <ele>5951.22</ele>
        <time>2026-07-10T07:22:29</time>
      </trkpt>
      <trkpt lat="14.430359840393" lon="100.96743774414">
        <ele>6035.04</ele>
        <time>2026-07-10T07:22:45</time>
      </trkpt>
      <trkpt lat="14.461870193481" lon="100.98190307617">
        <ele>6126.48</ele>
        <time>2026-07-10T07:23:04</time>
      </trkpt>
      <trkpt lat="14.490229606628" lon="100.99490356445">
        <ele>6210.3</ele>
        <time>2026-07-10T07:23:18</time>
      </trkpt>
      <trkpt lat="14.513310432434" lon="101.00550842285">
        <ele>6347.46</ele>
        <time>2026-07-10T07:23:33</time>
      </trkpt>
      <trkpt lat="14.535369873047" lon="101.01564025879">
        <ele>6438.9</ele>
        <time>2026-07-10T07:23:47</time>
      </trkpt>
      <trkpt lat="14.56521987915" lon="101.02932739258">
        <ele>6537.96</ele>
        <time>2026-07-10T07:24:02</time>
      </trkpt>
      <trkpt lat="14.591130256653" lon="101.04116821289">
        <ele>6598.92</ele>
        <time>2026-07-10T07:24:17</time>
      </trkpt>
      <trkpt lat="14.623350143433" lon="101.0559387207">
        <ele>6652.26</ele>
        <time>2026-07-10T07:24:37</time>
      </trkpt>
      <trkpt lat="14.662039756775" lon="101.07369995117">
        <ele>6743.7</ele>
        <time>2026-07-10T07:24:57</time>
      </trkpt>
      <trkpt lat="14.699660301208" lon="101.09094238281">
        <ele>6880.86</ele>
        <time>2026-07-10T07:25:19</time>
      </trkpt>
      <trkpt lat="14.724289894104" lon="101.10215759277">
        <ele>6934.2</ele>
        <time>2026-07-10T07:25:34</time>
      </trkpt>
      <trkpt lat="14.766320228577" lon="101.12158966064">
        <ele>7002.78</ele>
        <time>2026-07-10T07:25:54</time>
      </trkpt>
      <trkpt lat="14.818969726562" lon="101.14586639404">
        <ele>7132.32</ele>
        <time>2026-07-10T07:26:24</time>
      </trkpt>
      <trkpt lat="14.844679832458" lon="101.15765380859">
        <ele>7185.66</ele>
        <time>2026-07-10T07:26:39</time>
      </trkpt>
      <trkpt lat="14.875220298767" lon="101.17172241211">
        <ele>7254.24</ele>
        <time>2026-07-10T07:26:56</time>
      </trkpt>
      <trkpt lat="14.953989982605" lon="101.20793151855">
        <ele>7406.64</ele>
        <time>2026-07-10T07:27:41</time>
      </trkpt>
      <trkpt lat="14.974040031433" lon="101.21719360352">
        <ele>7437.12</ele>
        <time>2026-07-10T07:27:52</time>
      </trkpt>
      <trkpt lat="15.014200210571" lon="101.23564147949">
        <ele>7520.94</ele>
        <time>2026-07-10T07:28:10</time>
      </trkpt>
      <trkpt lat="15.046059608459" lon="101.25034332275">
        <ele>7589.52</ele>
        <time>2026-07-10T07:28:29</time>
      </trkpt>
      <trkpt lat="15.085689544678" lon="101.26864624023">
        <ele>7680.96</ele>
        <time>2026-07-10T07:28:49</time>
      </trkpt>
      <trkpt lat="15.167140007019" lon="101.30612182617">
        <ele>7886.7</ele>
        <time>2026-07-10T07:29:31</time>
      </trkpt>
      <trkpt lat="15.187999725342" lon="101.31571960449">
        <ele>7947.66</ele>
        <time>2026-07-10T07:29:42</time>
      </trkpt>
      <trkpt lat="15.241160392761" lon="101.34018707275">
        <ele>8077.2</ele>
        <time>2026-07-10T07:30:09</time>
      </trkpt>
      <trkpt lat="15.261500358582" lon="101.34956359863">
        <ele>8130.54</ele>
        <time>2026-07-10T07:30:20</time>
      </trkpt>
      <trkpt lat="15.281200408936" lon="101.35868835449">
        <ele>8183.88</ele>
        <time>2026-07-10T07:30:31</time>
      </trkpt>
      <trkpt lat="15.309359550476" lon="101.37168121338">
        <ele>8260.08</ele>
        <time>2026-07-10T07:30:46</time>
      </trkpt>
      <trkpt lat="15.350509643555" lon="101.39071655273">
        <ele>8382.0</ele>
        <time>2026-07-10T07:31:08</time>
      </trkpt>
      <trkpt lat="15.371520042419" lon="101.40043640137">
        <ele>8450.58</ele>
        <time>2026-07-10T07:31:19</time>
      </trkpt>
      <trkpt lat="15.412190437317" lon="101.41921234131">
        <ele>8557.26</ele>
        <time>2026-07-10T07:31:40</time>
      </trkpt>
      <trkpt lat="15.443059921265" lon="101.43347930908">
        <ele>8633.46</ele>
        <time>2026-07-10T07:31:56</time>
      </trkpt>
      <trkpt lat="15.463859558105" lon="101.44316101074">
        <ele>8686.8</ele>
        <time>2026-07-10T07:32:08</time>
      </trkpt>
      <trkpt lat="15.503600120544" lon="101.46153259277">
        <ele>8770.62</ele>
        <time>2026-07-10T07:32:29</time>
      </trkpt>
      <trkpt lat="15.535690307617" lon="101.47638702393">
        <ele>8839.2</ele>
        <time>2026-07-10T07:32:45</time>
      </trkpt>
      <trkpt lat="15.609560012817" lon="101.51068115234">
        <ele>8915.4</ele>
        <time>2026-07-10T07:33:30</time>
      </trkpt>
      <trkpt lat="15.642160415649" lon="101.52578735352">
        <ele>8915.4</ele>
        <time>2026-07-10T07:33:47</time>
      </trkpt>
      <trkpt lat="15.732879638672" lon="101.56787872314">
        <ele>9281.16</ele>
        <time>2026-07-10T07:34:30</time>
      </trkpt>
      <trkpt lat="15.788559913635" lon="101.59377288818">
        <ele>9403.08</ele>
        <time>2026-07-10T07:35:04</time>
      </trkpt>
      <trkpt lat="15.810959815979" lon="101.60415649414">
        <ele>9441.18</ele>
        <time>2026-07-10T07:35:18</time>
      </trkpt>
      <trkpt lat="15.871399879456" lon="101.63226318359">
        <ele>9547.86</ele>
        <time>2026-07-10T07:35:47</time>
      </trkpt>
      <trkpt lat="15.945440292358" lon="101.66674041748">
        <ele>9685.02</ele>
        <time>2026-07-10T07:36:21</time>
      </trkpt>
      <trkpt lat="15.965970039368" lon="101.67630004883">
        <ele>9723.12</ele>
        <time>2026-07-10T07:36:32</time>
      </trkpt>
      <trkpt lat="15.994090080261" lon="101.6893081665">
        <ele>9776.46</ele>
        <time>2026-07-10T07:36:46</time>
      </trkpt>
      <trkpt lat="16.035839080811" lon="101.70867919922">
        <ele>9867.9</ele>
        <time>2026-07-10T07:37:11</time>
      </trkpt>
      <trkpt lat="16.066389083862" lon="101.72290039062">
        <ele>9928.86</ele>
        <time>2026-07-10T07:37:26</time>
      </trkpt>
      <trkpt lat="16.089199066162" lon="101.73349761963">
        <ele>9974.58</ele>
        <time>2026-07-10T07:37:37</time>
      </trkpt>
      <trkpt lat="16.119129180908" lon="101.74742889404">
        <ele>10035.54</ele>
        <time>2026-07-10T07:37:56</time>
      </trkpt>
      <trkpt lat="16.148899078369" lon="101.7612991333">
        <ele>10058.4</ele>
        <time>2026-07-10T07:38:11</time>
      </trkpt>
      <trkpt lat="16.195379257202" lon="101.78289031982">
        <ele>10058.4</ele>
        <time>2026-07-10T07:38:36</time>
      </trkpt>
      <trkpt lat="16.224380493164" lon="101.79637908936">
        <ele>10058.4</ele>
        <time>2026-07-10T07:38:51</time>
      </trkpt>
      <trkpt lat="16.252990722656" lon="101.80972290039">
        <ele>10058.4</ele>
        <time>2026-07-10T07:39:06</time>
      </trkpt>
      <trkpt lat="16.282060623169" lon="101.82334899902">
        <ele>10058.4</ele>
        <time>2026-07-10T07:39:21</time>
      </trkpt>
      <trkpt lat="16.312789916992" lon="101.83772277832">
        <ele>10058.4</ele>
        <time>2026-07-10T07:39:37</time>
      </trkpt>
      <trkpt lat="16.344680786133" lon="101.85260772705">
        <ele>10058.4</ele>
        <time>2026-07-10T07:39:52</time>
      </trkpt>
      <trkpt lat="16.371829986572" lon="101.86533355713">
        <ele>10058.4</ele>
        <time>2026-07-10T07:40:07</time>
      </trkpt>
      <trkpt lat="16.396299362183" lon="101.87686157227">
        <ele>10058.4</ele>
        <time>2026-07-10T07:40:23</time>
      </trkpt>
      <trkpt lat="16.420509338379" lon="101.88819122314">
        <ele>10058.4</ele>
        <time>2026-07-10T07:40:35</time>
      </trkpt>
      <trkpt lat="16.468460083008" lon="101.9107208252">
        <ele>10058.4</ele>
        <time>2026-07-10T07:40:59</time>
      </trkpt>
      <trkpt lat="16.555570602417" lon="101.95162963867">
        <ele>10058.4</ele>
        <time>2026-07-10T07:41:50</time>
      </trkpt>
      <trkpt lat="16.612110137939" lon="101.97939300537">
        <ele>10058.4</ele>
        <time>2026-07-10T07:42:22</time>
      </trkpt>
      <trkpt lat="16.695039749146" lon="102.05111694336">
        <ele>10058.4</ele>
        <time>2026-07-10T07:43:07</time>
      </trkpt>
      <trkpt lat="16.711120605469" lon="102.06775665283">
        <ele>10058.4</ele>
        <time>2026-07-10T07:43:18</time>
      </trkpt>
      <trkpt lat="16.785419464111" lon="102.1206817627">
        <ele>10058.4</ele>
        <time>2026-07-10T07:44:01</time>
      </trkpt>
      <trkpt lat="16.815540313721" lon="102.13150787354">
        <ele>10058.4</ele>
        <time>2026-07-10T07:44:17</time>
      </trkpt>
      <trkpt lat="16.846559524536" lon="102.14199829102">
        <ele>10058.4</ele>
        <time>2026-07-10T07:44:33</time>
      </trkpt>
      <trkpt lat="16.899209976196" lon="102.16004943848">
        <ele>10058.4</ele>
        <time>2026-07-10T07:44:59</time>
      </trkpt>
      <trkpt lat="16.944599151611" lon="102.17559814453">
        <ele>10058.4</ele>
        <time>2026-07-10T07:45:21</time>
      </trkpt>
      <trkpt lat="16.967180252075" lon="102.18329620361">
        <ele>10058.4</ele>
        <time>2026-07-10T07:45:32</time>
      </trkpt>
      <trkpt lat="17.028760910034" lon="102.2042388916">
        <ele>10058.4</ele>
        <time>2026-07-10T07:46:07</time>
      </trkpt>
      <trkpt lat="17.058790206909" lon="102.21449279785">
        <ele>10058.4</ele>
        <time>2026-07-10T07:46:23</time>
      </trkpt>
      <trkpt lat="17.160919189453" lon="102.24942016602">
        <ele>10058.4</ele>
        <time>2026-07-10T07:47:08</time>
      </trkpt>
      <trkpt lat="17.215200424194" lon="102.26780700684">
        <ele>10058.4</ele>
        <time>2026-07-10T07:47:39</time>
      </trkpt>
      <trkpt lat="17.280029296875" lon="102.28993988037">
        <ele>10058.4</ele>
        <time>2026-07-10T07:48:06</time>
      </trkpt>
      <trkpt lat="17.333499908447" lon="102.30815887451">
        <ele>10058.4</ele>
        <time>2026-07-10T07:48:32</time>
      </trkpt>
      <trkpt lat="17.355060577393" lon="102.31553649902">
        <ele>10058.4</ele>
        <time>2026-07-10T07:48:43</time>
      </trkpt>
      <trkpt lat="17.386199951172" lon="102.32611846924">
        <ele>10058.4</ele>
        <time>2026-07-10T07:48:58</time>
      </trkpt>
      <trkpt lat="17.459659576416" lon="102.3512802124">
        <ele>10058.4</ele>
        <time>2026-07-10T07:49:35</time>
      </trkpt>
      <trkpt lat="17.481199264526" lon="102.35870361328">
        <ele>10058.4</ele>
        <time>2026-07-10T07:49:46</time>
      </trkpt>
      <trkpt lat="17.504619598389" lon="102.36669921875">
        <ele>10058.4</ele>
        <time>2026-07-10T07:49:57</time>
      </trkpt>
      <trkpt lat="17.583120346069" lon="102.39367675781">
        <ele>10058.4</ele>
        <time>2026-07-10T07:50:42</time>
      </trkpt>
      <trkpt lat="17.614950180054" lon="102.40458679199">
        <ele>10058.4</ele>
        <time>2026-07-10T07:50:58</time>
      </trkpt>
      <trkpt lat="17.64720916748" lon="102.41562652588">
        <ele>10058.4</ele>
        <time>2026-07-10T07:51:16</time>
      </trkpt>
      <trkpt lat="17.769380569458" lon="102.45762634277">
        <ele>10058.4</ele>
        <time>2026-07-10T07:52:12</time>
      </trkpt>
      <trkpt lat="17.797529220581" lon="102.46727752686">
        <ele>10058.4</ele>
        <time>2026-07-10T07:52:27</time>
      </trkpt>
      <trkpt lat="17.831680297852" lon="102.4790725708">
        <ele>10058.4</ele>
        <time>2026-07-10T07:52:43</time>
      </trkpt>
      <trkpt lat="17.859470367432" lon="102.48860931396">
        <ele>10058.4</ele>
        <time>2026-07-10T07:52:58</time>
      </trkpt>
      <trkpt lat="17.951330184937" lon="102.52014923096">
        <ele>10058.4</ele>
        <time>2026-07-10T07:53:43</time>
      </trkpt>
      <trkpt lat="17.982009887695" lon="102.5315322876">
        <ele>10058.4</ele>
        <time>2026-07-10T07:53:57</time>
      </trkpt>
      <trkpt lat="18.063180923462" lon="102.58016204834">
        <ele>10058.4</ele>
        <time>2026-07-10T07:54:37</time>
      </trkpt>
      <trkpt lat="18.099880218506" lon="102.60749816895">
        <ele>10058.4</ele>
        <time>2026-07-10T07:54:58</time>
      </trkpt>
      <trkpt lat="18.141820907593" lon="102.6388092041">
        <ele>10058.4</ele>
        <time>2026-07-10T07:55:28</time>
      </trkpt>
      <trkpt lat="18.219379425049" lon="102.69686126709">
        <ele>10058.4</ele>
        <time>2026-07-10T07:56:07</time>
      </trkpt>
      <trkpt lat="18.247520446777" lon="102.7180480957">
        <ele>10058.4</ele>
        <time>2026-07-10T07:56:23</time>
      </trkpt>
      <trkpt lat="18.285350799561" lon="102.74653625488">
        <ele>10058.4</ele>
        <time>2026-07-10T07:56:45</time>
      </trkpt>
      <trkpt lat="18.30345916748" lon="102.76011657715">
        <ele>10058.4</ele>
        <time>2026-07-10T07:56:56</time>
      </trkpt>
      <trkpt lat="18.351360321045" lon="102.7961730957">
        <ele>10058.4</ele>
        <time>2026-07-10T07:57:30</time>
      </trkpt>
      <trkpt lat="18.420949935913" lon="102.84851074219">
        <ele>10058.4</ele>
        <time>2026-07-10T07:58:15</time>
      </trkpt>
      <trkpt lat="18.533050537109" lon="102.93311309814">
        <ele>10058.4</ele>
        <time>2026-07-10T07:59:14</time>
      </trkpt>
      <trkpt lat="18.590299606323" lon="102.97622680664">
        <ele>10058.4</ele>
        <time>2026-07-10T07:59:43</time>
      </trkpt>
      <trkpt lat="18.657440185547" lon="103.02693939209">
        <ele>10058.4</ele>
        <time>2026-07-10T08:00:30</time>
      </trkpt>
      <trkpt lat="18.709899902344" lon="103.0665435791">
        <ele>10058.4</ele>
        <time>2026-07-10T08:01:03</time>
      </trkpt>
      <trkpt lat="18.81270980835" lon="103.14430999756">
        <ele>10058.4</ele>
        <time>2026-07-10T08:01:59</time>
      </trkpt>
      <trkpt lat="18.86762046814" lon="103.18594360352">
        <ele>10058.4</ele>
        <time>2026-07-10T08:02:26</time>
      </trkpt>
      <trkpt lat="18.912200927734" lon="103.21974182129">
        <ele>10058.4</ele>
        <time>2026-07-10T08:02:52</time>
      </trkpt>
      <trkpt lat="18.949859619141" lon="103.24823760986">
        <ele>10058.4</ele>
        <time>2026-07-10T08:03:13</time>
      </trkpt>
      <trkpt lat="18.981069564819" lon="103.27192687988">
        <ele>10058.4</ele>
        <time>2026-07-10T08:03:33</time>
      </trkpt>
      <trkpt lat="19.025020599365" lon="103.30523681641">
        <ele>10058.4</ele>
        <time>2026-07-10T08:04:00</time>
      </trkpt>
      <trkpt lat="19.052709579468" lon="103.32627105713">
        <ele>10058.4</ele>
        <time>2026-07-10T08:04:14</time>
      </trkpt>
      <trkpt lat="19.082740783691" lon="103.34903717041">
        <ele>10058.4</ele>
        <time>2026-07-10T08:04:29</time>
      </trkpt>
      <trkpt lat="19.117330551147" lon="103.3754119873">
        <ele>10058.4</ele>
        <time>2026-07-10T08:04:53</time>
      </trkpt>
      <trkpt lat="19.156860351562" lon="103.40557861328">
        <ele>10058.4</ele>
        <time>2026-07-10T08:05:13</time>
      </trkpt>
      <trkpt lat="19.179990768433" lon="103.42320251465">
        <ele>10058.4</ele>
        <time>2026-07-10T08:05:27</time>
      </trkpt>
      <trkpt lat="19.205539703369" lon="103.44271850586">
        <ele>10058.4</ele>
        <time>2026-07-10T08:05:42</time>
      </trkpt>
      <trkpt lat="19.232990264893" lon="103.46360015869">
        <ele>10058.4</ele>
        <time>2026-07-10T08:05:57</time>
      </trkpt>
      <trkpt lat="19.255079269409" lon="103.48042297363">
        <ele>10058.4</ele>
        <time>2026-07-10T08:06:12</time>
      </trkpt>
      <trkpt lat="19.299579620361" lon="103.51287841797">
        <ele>10058.4</ele>
        <time>2026-07-10T08:06:34</time>
      </trkpt>
      <trkpt lat="19.355360031128" lon="103.53959655762">
        <ele>10058.4</ele>
        <time>2026-07-10T08:07:05</time>
      </trkpt>
      <trkpt lat="19.390869140625" lon="103.55603027344">
        <ele>10058.4</ele>
        <time>2026-07-10T08:07:24</time>
      </trkpt>
      <trkpt lat="19.429740905762" lon="103.57411193848">
        <ele>10058.4</ele>
        <time>2026-07-10T08:07:46</time>
      </trkpt>
      <trkpt lat="19.488399505615" lon="103.60122680664">
        <ele>10058.4</ele>
        <time>2026-07-10T08:08:13</time>
      </trkpt>
      <trkpt lat="19.521448135376" lon="103.61645507812">
        <ele>10058.4</ele>
        <time>2026-07-10T08:08:28</time>
      </trkpt>
      <trkpt lat="19.583084106445" lon="103.64453125">
        <ele>10058.4</ele>
        <time>2026-07-10T08:09:00</time>
      </trkpt>
      <trkpt lat="19.617671966553" lon="103.66020202637">
        <ele>10058.4</ele>
        <time>2026-07-10T08:09:19</time>
      </trkpt>
      <trkpt lat="19.643463134766" lon="103.67184448242">
        <ele>10058.4</ele>
        <time>2026-07-10T08:09:34</time>
      </trkpt>
      <trkpt lat="19.673446655273" lon="103.68533325195">
        <ele>10058.4</ele>
        <time>2026-07-10T08:09:48</time>
      </trkpt>
      <trkpt lat="19.709701538086" lon="103.70156860352">
        <ele>10058.4</ele>
        <time>2026-07-10T08:10:08</time>
      </trkpt>
      <trkpt lat="19.768295288086" lon="103.72883605957">
        <ele>10058.4</ele>
        <time>2026-07-10T08:10:38</time>
      </trkpt>
      <trkpt lat="19.797317504883" lon="103.74494171143">
        <ele>10058.4</ele>
        <time>2026-07-10T08:10:51</time>
      </trkpt>
      <trkpt lat="19.823860168457" lon="103.75978088379">
        <ele>10058.4</ele>
        <time>2026-07-10T08:11:07</time>
      </trkpt>
      <trkpt lat="19.856950759888" lon="103.77830505371">
        <ele>10058.4</ele>
        <time>2026-07-10T08:11:25</time>
      </trkpt>
      <trkpt lat="19.881156921387" lon="103.79183959961">
        <ele>10058.4</ele>
        <time>2026-07-10T08:11:36</time>
      </trkpt>
      <trkpt lat="19.913639068604" lon="103.80992126465">
        <ele>10058.4</ele>
        <time>2026-07-10T08:11:56</time>
      </trkpt>
      <trkpt lat="19.980560302734" lon="103.8473815918">
        <ele>10058.4</ele>
        <time>2026-07-10T08:12:28</time>
      </trkpt>
      <trkpt lat="20.014528274536" lon="103.8664932251">
        <ele>10058.4</ele>
        <time>2026-07-10T08:12:49</time>
      </trkpt>
      <trkpt lat="20.049722671509" lon="103.88626861572">
        <ele>10058.4</ele>
        <time>2026-07-10T08:13:05</time>
      </trkpt>
      <trkpt lat="20.072799682617" lon="103.89932250977">
        <ele>10058.4</ele>
        <time>2026-07-10T08:13:17</time>
      </trkpt>
      <trkpt lat="20.117460250854" lon="103.92462158203">
        <ele>10058.4</ele>
        <time>2026-07-10T08:13:43</time>
      </trkpt>
      <trkpt lat="20.149749755859" lon="103.94287872314">
        <ele>10058.4</ele>
        <time>2026-07-10T08:14:01</time>
      </trkpt>
      <trkpt lat="20.188613891602" lon="103.96465301514">
        <ele>10058.4</ele>
        <time>2026-07-10T08:14:19</time>
      </trkpt>
      <trkpt lat="20.214052200317" lon="103.97915649414">
        <ele>10058.4</ele>
        <time>2026-07-10T08:14:34</time>
      </trkpt>
      <trkpt lat="20.235372543335" lon="103.99118804932">
        <ele>10066.02</ele>
        <time>2026-07-10T08:14:45</time>
      </trkpt>
      <trkpt lat="20.264747619629" lon="104.00776672363">
        <ele>10058.4</ele>
        <time>2026-07-10T08:15:01</time>
      </trkpt>
      <trkpt lat="20.294214248657" lon="104.02429962158">
        <ele>10058.4</ele>
        <time>2026-07-10T08:15:19</time>
      </trkpt>
      <trkpt lat="20.324249267578" lon="104.04106903076">
        <ele>10058.4</ele>
        <time>2026-07-10T08:15:38</time>
      </trkpt>
      <trkpt lat="20.352951049805" lon="104.05686187744">
        <ele>10058.4</ele>
        <time>2026-07-10T08:15:52</time>
      </trkpt>
      <trkpt lat="20.381698608398" lon="104.07353210449">
        <ele>10058.4</ele>
        <time>2026-07-10T08:16:07</time>
      </trkpt>
      <trkpt lat="20.404451370239" lon="104.08866882324">
        <ele>10058.4</ele>
        <time>2026-07-10T08:16:18</time>
      </trkpt>
      <trkpt lat="20.435501098633" lon="104.10964202881">
        <ele>10058.4</ele>
        <time>2026-07-10T08:16:37</time>
      </trkpt>
      <trkpt lat="20.454620361328" lon="104.12253570557">
        <ele>10058.4</ele>
        <time>2026-07-10T08:16:50</time>
      </trkpt>
      <trkpt lat="20.48192024231" lon="104.14080047607">
        <ele>10058.4</ele>
        <time>2026-07-10T08:17:04</time>
      </trkpt>
      <trkpt lat="20.511520385742" lon="104.16064453125">
        <ele>10058.4</ele>
        <time>2026-07-10T08:17:23</time>
      </trkpt>
      <trkpt lat="20.541595458984" lon="104.18084716797">
        <ele>10058.4</ele>
        <time>2026-07-10T08:17:39</time>
      </trkpt>
      <trkpt lat="20.565660476685" lon="104.1971282959">
        <ele>10058.4</ele>
        <time>2026-07-10T08:17:53</time>
      </trkpt>
      <trkpt lat="20.595314025879" lon="104.21730804443">
        <ele>10058.4</ele>
        <time>2026-07-10T08:18:08</time>
      </trkpt>
      <trkpt lat="20.625900268555" lon="104.23802947998">
        <ele>10058.4</ele>
        <time>2026-07-10T08:18:23</time>
      </trkpt>
      <trkpt lat="20.666725158691" lon="104.26849365234">
        <ele>10058.4</ele>
        <time>2026-07-10T08:18:48</time>
      </trkpt>
      <trkpt lat="20.687942504883" lon="104.28595733643">
        <ele>10058.4</ele>
        <time>2026-07-10T08:19:03</time>
      </trkpt>
      <trkpt lat="20.714950561523" lon="104.30836486816">
        <ele>10058.4</ele>
        <time>2026-07-10T08:19:18</time>
      </trkpt>
      <trkpt lat="20.743305206299" lon="104.33191680908">
        <ele>10058.4</ele>
        <time>2026-07-10T08:19:33</time>
      </trkpt>
      <trkpt lat="20.76383972168" lon="104.34907531738">
        <ele>10058.4</ele>
        <time>2026-07-10T08:19:48</time>
      </trkpt>
      <trkpt lat="20.803756713867" lon="104.3826751709">
        <ele>10058.4</ele>
        <time>2026-07-10T08:20:12</time>
      </trkpt>
      <trkpt lat="20.833429336548" lon="104.40776824951">
        <ele>10058.4</ele>
        <time>2026-07-10T08:20:27</time>
      </trkpt>
      <trkpt lat="20.865417480469" lon="104.43486022949">
        <ele>10058.4</ele>
        <time>2026-07-10T08:20:47</time>
      </trkpt>
      <trkpt lat="20.886840820312" lon="104.45305633545">
        <ele>10058.4</ele>
        <time>2026-07-10T08:21:01</time>
      </trkpt>
      <trkpt lat="20.911405563354" lon="104.47383880615">
        <ele>10058.4</ele>
        <time>2026-07-10T08:21:15</time>
      </trkpt>
      <trkpt lat="20.932306289673" lon="104.49156951904">
        <ele>10058.4</ele>
        <time>2026-07-10T08:21:30</time>
      </trkpt>
      <trkpt lat="20.957473754883" lon="104.51298522949">
        <ele>10058.4</ele>
        <time>2026-07-10T08:21:45</time>
      </trkpt>
      <trkpt lat="20.981279373169" lon="104.53321075439">
        <ele>10058.4</ele>
        <time>2026-07-10T08:22:00</time>
      </trkpt>
      <trkpt lat="21.008558273315" lon="104.55633544922">
        <ele>10058.4</ele>
        <time>2026-07-10T08:22:15</time>
      </trkpt>
      <trkpt lat="21.035293579102" lon="104.57920837402">
        <ele>10058.4</ele>
        <time>2026-07-10T08:22:31</time>
      </trkpt>
      <trkpt lat="21.059967041016" lon="104.60033416748">
        <ele>10058.4</ele>
        <time>2026-07-10T08:22:44</time>
      </trkpt>
      <trkpt lat="21.082992553711" lon="104.61980438232">
        <ele>10058.4</ele>
        <time>2026-07-10T08:22:59</time>
      </trkpt>
      <trkpt lat="21.109760284424" lon="104.64202880859">
        <ele>10058.4</ele>
        <time>2026-07-10T08:23:19</time>
      </trkpt>
      <trkpt lat="21.134399414062" lon="104.66239929199">
        <ele>10058.4</ele>
        <time>2026-07-10T08:23:34</time>
      </trkpt>
      <trkpt lat="21.160598754883" lon="104.68419647217">
        <ele>10058.4</ele>
        <time>2026-07-10T08:23:49</time>
      </trkpt>
      <trkpt lat="21.188507080078" lon="104.70735168457">
        <ele>10058.4</ele>
        <time>2026-07-10T08:24:04</time>
      </trkpt>
      <trkpt lat="21.212450027466" lon="104.72707366943">
        <ele>10058.4</ele>
        <time>2026-07-10T08:24:19</time>
      </trkpt>
      <trkpt lat="21.238620758057" lon="104.74868774414">
        <ele>10058.4</ele>
        <time>2026-07-10T08:24:37</time>
      </trkpt>
      <trkpt lat="21.255477905273" lon="104.76262664795">
        <ele>10058.4</ele>
        <time>2026-07-10T08:24:48</time>
      </trkpt>
      <trkpt lat="21.280750274658" lon="104.78350067139">
        <ele>10058.4</ele>
        <time>2026-07-10T08:25:02</time>
      </trkpt>
      <trkpt lat="21.307470321655" lon="104.80560302734">
        <ele>10058.4</ele>
        <time>2026-07-10T08:25:16</time>
      </trkpt>
      <trkpt lat="21.344284057617" lon="104.8359375">
        <ele>10058.4</ele>
        <time>2026-07-10T08:25:41</time>
      </trkpt>
      <trkpt lat="21.378707885742" lon="104.86630249023">
        <ele>10058.4</ele>
        <time>2026-07-10T08:26:00</time>
      </trkpt>
      <trkpt lat="21.401926040649" lon="104.88764190674">
        <ele>10058.4</ele>
        <time>2026-07-10T08:26:15</time>
      </trkpt>
      <trkpt lat="21.427436828613" lon="104.91114044189">
        <ele>10058.4</ele>
        <time>2026-07-10T08:26:34</time>
      </trkpt>
      <trkpt lat="21.459686279297" lon="104.94085693359">
        <ele>10058.4</ele>
        <time>2026-07-10T08:26:54</time>
      </trkpt>
      <trkpt lat="21.505599975586" lon="104.98320770264">
        <ele>10058.4</ele>
        <time>2026-07-10T08:27:19</time>
      </trkpt>
      <trkpt lat="21.527803421021" lon="105.00350952148">
        <ele>10058.4</ele>
        <time>2026-07-10T08:27:33</time>
      </trkpt>
      <trkpt lat="21.556777954102" lon="105.02994537354">
        <ele>10058.4</ele>
        <time>2026-07-10T08:27:53</time>
      </trkpt>
      <trkpt lat="21.580860137939" lon="105.0521697998">
        <ele>10058.4</ele>
        <time>2026-07-10T08:28:07</time>
      </trkpt>
      <trkpt lat="21.604709625244" lon="105.07404327393">
        <ele>10058.4</ele>
        <time>2026-07-10T08:28:22</time>
      </trkpt>
      <trkpt lat="21.628646850586" lon="105.09576416016">
        <ele>10058.4</ele>
        <time>2026-07-10T08:28:37</time>
      </trkpt>
      <trkpt lat="21.653770446777" lon="105.1209487915">
        <ele>10058.4</ele>
        <time>2026-07-10T08:28:52</time>
      </trkpt>
      <trkpt lat="21.67388343811" lon="105.14943695068">
        <ele>10058.4</ele>
        <time>2026-07-10T08:29:11</time>
      </trkpt>
      <trkpt lat="21.68879699707" lon="105.18000793457">
        <ele>10058.4</ele>
        <time>2026-07-10T08:29:25</time>
      </trkpt>
      <trkpt lat="21.699869155884" lon="105.21147155762">
        <ele>10058.4</ele>
        <time>2026-07-10T08:29:39</time>
      </trkpt>
      <trkpt lat="21.708518981934" lon="105.24459838867">
        <ele>10058.4</ele>
        <time>2026-07-10T08:29:54</time>
      </trkpt>
      <trkpt lat="21.716857910156" lon="105.27858734131">
        <ele>10058.4</ele>
        <time>2026-07-10T08:30:09</time>
      </trkpt>
      <trkpt lat="21.724069595337" lon="105.31173706055">
        <ele>10058.4</ele>
        <time>2026-07-10T08:30:24</time>
      </trkpt>
      <trkpt lat="21.731609344482" lon="105.34922027588">
        <ele>10058.4</ele>
        <time>2026-07-10T08:30:45</time>
      </trkpt>
      <trkpt lat="21.737892150879" lon="105.38080596924">
        <ele>10058.4</ele>
        <time>2026-07-10T08:30:59</time>
      </trkpt>
      <trkpt lat="21.744459152222" lon="105.41342163086">
        <ele>10058.4</ele>
        <time>2026-07-10T08:31:14</time>
      </trkpt>
      <trkpt lat="21.751346588135" lon="105.44702911377">
        <ele>10058.4</ele>
        <time>2026-07-10T08:31:29</time>
      </trkpt>
      <trkpt lat="21.758890151978" lon="105.48345184326">
        <ele>10058.4</ele>
        <time>2026-07-10T08:31:44</time>
      </trkpt>
      <trkpt lat="21.765563964844" lon="105.51579284668">
        <ele>10058.4</ele>
        <time>2026-07-10T08:31:59</time>
      </trkpt>
      <trkpt lat="21.770246505737" lon="105.53812408447">
        <ele>10058.4</ele>
        <time>2026-07-10T08:32:10</time>
      </trkpt>
      <trkpt lat="21.778490066528" lon="105.57714080811">
        <ele>10058.4</ele>
        <time>2026-07-10T08:32:28</time>
      </trkpt>
      <trkpt lat="21.786209106445" lon="105.61376953125">
        <ele>10058.4</ele>
        <time>2026-07-10T08:32:43</time>
      </trkpt>
      <trkpt lat="21.793899536133" lon="105.65032196045">
        <ele>10058.4</ele>
        <time>2026-07-10T08:33:02</time>
      </trkpt>
      <trkpt lat="21.800628662109" lon="105.68268585205">
        <ele>10058.4</ele>
        <time>2026-07-10T08:33:15</time>
      </trkpt>
      <trkpt lat="21.810329437256" lon="105.7296295166">
        <ele>10058.4</ele>
        <time>2026-07-10T08:33:41</time>
      </trkpt>
      <trkpt lat="21.819965362549" lon="105.77616119385">
        <ele>10058.4</ele>
        <time>2026-07-10T08:33:59</time>
      </trkpt>
      <trkpt lat="21.82825088501" lon="105.81613922119">
        <ele>10058.4</ele>
        <time>2026-07-10T08:34:18</time>
      </trkpt>
      <trkpt lat="21.835420608521" lon="105.85092926025">
        <ele>10058.4</ele>
        <time>2026-07-10T08:34:33</time>
      </trkpt>
      <trkpt lat="21.841938018799" lon="105.8826675415">
        <ele>10058.4</ele>
        <time>2026-07-10T08:34:49</time>
      </trkpt>
      <trkpt lat="21.84966468811" lon="105.92010498047">
        <ele>10058.4</ele>
        <time>2026-07-10T08:35:08</time>
      </trkpt>
      <trkpt lat="21.856430053711" lon="105.9528503418">
        <ele>10058.4</ele>
        <time>2026-07-10T08:35:23</time>
      </trkpt>
      <trkpt lat="21.865629196167" lon="105.99758911133">
        <ele>10058.4</ele>
        <time>2026-07-10T08:35:43</time>
      </trkpt>
      <trkpt lat="21.874465942383" lon="106.0407409668">
        <ele>10058.4</ele>
        <time>2026-07-10T08:36:03</time>
      </trkpt>
      <trkpt lat="21.884393692017" lon="106.08927154541">
        <ele>10058.4</ele>
        <time>2026-07-10T08:36:22</time>
      </trkpt>
      <trkpt lat="21.892213821411" lon="106.12777709961">
        <ele>10058.4</ele>
        <time>2026-07-10T08:36:42</time>
      </trkpt>
      <trkpt lat="21.901569366455" lon="106.17372131348">
        <ele>10058.4</ele>
        <time>2026-07-10T08:37:02</time>
      </trkpt>
      <trkpt lat="21.908569335938" lon="106.20793151855">
        <ele>10058.4</ele>
        <time>2026-07-10T08:37:17</time>
      </trkpt>
      <trkpt lat="21.915119171143" lon="106.24018859863">
        <ele>10058.4</ele>
        <time>2026-07-10T08:37:32</time>
      </trkpt>
      <trkpt lat="21.922479629517" lon="106.27616119385">
        <ele>10058.4</ele>
        <time>2026-07-10T08:37:47</time>
      </trkpt>
      <trkpt lat="21.930358886719" lon="106.31439971924">
        <ele>10058.4</ele>
        <time>2026-07-10T08:38:06</time>
      </trkpt>
      <trkpt lat="21.937129974365" lon="106.34755706787">
        <ele>10058.4</ele>
        <time>2026-07-10T08:38:21</time>
      </trkpt>
      <trkpt lat="21.944910049438" lon="106.38584899902">
        <ele>10058.4</ele>
        <time>2026-07-10T08:38:36</time>
      </trkpt>
      <trkpt lat="21.952129364014" lon="106.4213104248">
        <ele>10058.4</ele>
        <time>2026-07-10T08:38:51</time>
      </trkpt>
      <trkpt lat="21.961019515991" lon="106.45690917969">
        <ele>10058.4</ele>
        <time>2026-07-10T08:39:06</time>
      </trkpt>
      <trkpt lat="21.977920532227" lon="106.48777770996">
        <ele>10058.4</ele>
        <time>2026-07-10T08:39:25</time>
      </trkpt>
      <trkpt lat="22.002729415894" lon="106.51159667969">
        <ele>10058.4</ele>
        <time>2026-07-10T08:39:40</time>
      </trkpt>
      <trkpt lat="22.029649734497" lon="106.52938079834">
        <ele>10050.78</ele>
        <time>2026-07-10T08:39:55</time>
      </trkpt>
      <trkpt lat="22.057149887085" lon="106.54637908936">
        <ele>10058.4</ele>
        <time>2026-07-10T08:40:10</time>
      </trkpt>
      <trkpt lat="22.084669113159" lon="106.56269073486">
        <ele>10058.4</ele>
        <time>2026-07-10T08:40:24</time>
      </trkpt>
      <trkpt lat="22.112369537354" lon="106.57891845703">
        <ele>10058.4</ele>
        <time>2026-07-10T08:40:39</time>
      </trkpt>
      <trkpt lat="22.142200469971" lon="106.59519958496">
        <ele>10058.4</ele>
        <time>2026-07-10T08:40:54</time>
      </trkpt>
      <trkpt lat="22.172239303589" lon="106.60678100586">
        <ele>10058.4</ele>
        <time>2026-07-10T08:41:09</time>
      </trkpt>
      <trkpt lat="22.202112197876" lon="106.61753082275">
        <ele>10058.4</ele>
        <time>2026-07-10T08:41:24</time>
      </trkpt>
      <trkpt lat="22.23203086853" lon="106.62461090088">
        <ele>10058.4</ele>
        <time>2026-07-10T08:41:39</time>
      </trkpt>
      <trkpt lat="22.263429641724" lon="106.6296081543">
        <ele>10058.4</ele>
        <time>2026-07-10T08:41:54</time>
      </trkpt>
      <trkpt lat="22.294050216675" lon="106.63455200195">
        <ele>10058.4</ele>
        <time>2026-07-10T08:42:09</time>
      </trkpt>
      <trkpt lat="22.325849533081" lon="106.63945770264">
        <ele>10058.4</ele>
        <time>2026-07-10T08:42:24</time>
      </trkpt>
      <trkpt lat="22.356149673462" lon="106.64424133301">
        <ele>10058.4</ele>
        <time>2026-07-10T08:42:39</time>
      </trkpt>
      <trkpt lat="22.388740539551" lon="106.6547164917">
        <ele>10058.4</ele>
        <time>2026-07-10T08:42:59</time>
      </trkpt>
      <trkpt lat="22.417879104614" lon="106.66635894775">
        <ele>10058.4</ele>
        <time>2026-07-10T08:43:14</time>
      </trkpt>
      <trkpt lat="22.447303771973" lon="106.67826080322">
        <ele>10043.16</ele>
        <time>2026-07-10T08:43:29</time>
      </trkpt>
      <trkpt lat="22.478439331055" lon="106.69072723389">
        <ele>9966.96</ele>
        <time>2026-07-10T08:43:44</time>
      </trkpt>
      <trkpt lat="22.507680892944" lon="106.70227050781">
        <ele>9898.38</ele>
        <time>2026-07-10T08:43:59</time>
      </trkpt>
      <trkpt lat="22.537570953369" lon="106.71401977539">
        <ele>9822.18</ele>
        <time>2026-07-10T08:44:13</time>
      </trkpt>
      <trkpt lat="22.566520690918" lon="106.72535705566">
        <ele>9753.6</ele>
        <time>2026-07-10T08:44:28</time>
      </trkpt>
      <trkpt lat="22.595439910889" lon="106.73872375488">
        <ele>9677.4</ele>
        <time>2026-07-10T08:44:43</time>
      </trkpt>
      <trkpt lat="22.621580123901" lon="106.75779724121">
        <ele>9601.2</ele>
        <time>2026-07-10T08:44:58</time>
      </trkpt>
      <trkpt lat="22.646829605103" lon="106.77825927734">
        <ele>9532.62</ele>
        <time>2026-07-10T08:45:13</time>
      </trkpt>
      <trkpt lat="22.673259735107" lon="106.79974365234">
        <ele>9471.66</ele>
        <time>2026-07-10T08:45:28</time>
      </trkpt>
      <trkpt lat="22.698299407959" lon="106.81996917725">
        <ele>9479.28</ele>
        <time>2026-07-10T08:45:43</time>
      </trkpt>
      <trkpt lat="22.726230621338" lon="106.84239196777">
        <ele>9479.28</ele>
        <time>2026-07-10T08:46:03</time>
      </trkpt>
      <trkpt lat="22.750539779663" lon="106.86396026611">
        <ele>9479.28</ele>
        <time>2026-07-10T08:46:18</time>
      </trkpt>
      <trkpt lat="22.773380279541" lon="106.88952636719">
        <ele>9479.28</ele>
        <time>2026-07-10T08:46:33</time>
      </trkpt>
      <trkpt lat="22.791641235352" lon="106.91674804688">
        <ele>9479.28</ele>
        <time>2026-07-10T08:46:48</time>
      </trkpt>
      <trkpt lat="22.80436706543" lon="106.94456481934">
        <ele>9479.28</ele>
        <time>2026-07-10T08:47:03</time>
      </trkpt>
      <trkpt lat="22.813899993896" lon="106.97605895996">
        <ele>9479.28</ele>
        <time>2026-07-10T08:47:18</time>
      </trkpt>
      <trkpt lat="22.822219848633" lon="107.00888061523">
        <ele>9479.28</ele>
        <time>2026-07-10T08:47:33</time>
      </trkpt>
      <trkpt lat="22.830549240112" lon="107.04168701172">
        <ele>9479.28</ele>
        <time>2026-07-10T08:47:48</time>
      </trkpt>
      <trkpt lat="22.838850021362" lon="107.07433319092">
        <ele>9479.28</ele>
        <time>2026-07-10T08:48:03</time>
      </trkpt>
      <trkpt lat="22.847400665283" lon="107.10771179199">
        <ele>9479.28</ele>
        <time>2026-07-10T08:48:17</time>
      </trkpt>
      <trkpt lat="22.855751037598" lon="107.14050292969">
        <ele>9479.28</ele>
        <time>2026-07-10T08:48:32</time>
      </trkpt>
      <trkpt lat="22.864410400391" lon="107.1745300293">
        <ele>9479.28</ele>
        <time>2026-07-10T08:48:47</time>
      </trkpt>
      <trkpt lat="22.87220954895" lon="107.20509338379">
        <ele>9479.28</ele>
        <time>2026-07-10T08:49:02</time>
      </trkpt>
      <trkpt lat="22.880470275879" lon="107.237449646">
        <ele>9479.28</ele>
        <time>2026-07-10T08:49:17</time>
      </trkpt>
      <trkpt lat="22.888460159302" lon="107.26876068115">
        <ele>9479.28</ele>
        <time>2026-07-10T08:49:32</time>
      </trkpt>
      <trkpt lat="22.898439407349" lon="107.30760955811">
        <ele>9479.28</ele>
        <time>2026-07-10T08:49:51</time>
      </trkpt>
      <trkpt lat="22.906402587891" lon="107.34032440186">
        <ele>9479.28</ele>
        <time>2026-07-10T08:50:06</time>
      </trkpt>
      <trkpt lat="22.910259246826" lon="107.37558746338">
        <ele>9479.28</ele>
        <time>2026-07-10T08:50:26</time>
      </trkpt>
      <trkpt lat="22.910259246826" lon="107.40986633301">
        <ele>9479.28</ele>
        <time>2026-07-10T08:50:41</time>
      </trkpt>
      <trkpt lat="22.906074523926" lon="107.44598388672">
        <ele>9479.28</ele>
        <time>2026-07-10T08:50:56</time>
      </trkpt>
      <trkpt lat="22.900020599365" lon="107.47940063477">
        <ele>9479.28</ele>
        <time>2026-07-10T08:51:11</time>
      </trkpt>
      <trkpt lat="22.894109725952" lon="107.51235961914">
        <ele>9479.28</ele>
        <time>2026-07-10T08:51:26</time>
      </trkpt>
      <trkpt lat="22.888757705688" lon="107.54491424561">
        <ele>9479.28</ele>
        <time>2026-07-10T08:51:40</time>
      </trkpt>
      <trkpt lat="22.887079238892" lon="107.57653045654">
        <ele>9479.28</ele>
        <time>2026-07-10T08:51:55</time>
      </trkpt>
      <trkpt lat="22.889919281006" lon="107.61164093018">
        <ele>9479.28</ele>
        <time>2026-07-10T08:52:14</time>
      </trkpt>
      <trkpt lat="22.897790908813" lon="107.64771270752">
        <ele>9479.28</ele>
        <time>2026-07-10T08:52:29</time>
      </trkpt>
      <trkpt lat="22.905439376831" lon="107.67864990234">
        <ele>9479.28</ele>
        <time>2026-07-10T08:52:43</time>
      </trkpt>
      <trkpt lat="22.910890579224" lon="107.70076751709">
        <ele>9479.28</ele>
        <time>2026-07-10T08:52:54</time>
      </trkpt>
      <trkpt lat="22.918739318848" lon="107.73243713379">
        <ele>9479.28</ele>
        <time>2026-07-10T08:53:08</time>
      </trkpt>
      <trkpt lat="22.926469802856" lon="107.76342010498">
        <ele>9479.28</ele>
        <time>2026-07-10T08:53:23</time>
      </trkpt>
      <trkpt lat="22.934980392456" lon="107.7974395752">
        <ele>9479.28</ele>
        <time>2026-07-10T08:53:38</time>
      </trkpt>
      <trkpt lat="22.943210601807" lon="107.83020782471">
        <ele>9479.28</ele>
        <time>2026-07-10T08:53:53</time>
      </trkpt>
      <trkpt lat="22.951370239258" lon="107.86270141602">
        <ele>9479.28</ele>
        <time>2026-07-10T08:54:08</time>
      </trkpt>
      <trkpt lat="22.962730407715" lon="107.90796661377">
        <ele>9479.28</ele>
        <time>2026-07-10T08:54:33</time>
      </trkpt>
      <trkpt lat="22.970920562744" lon="107.94078063965">
        <ele>9479.28</ele>
        <time>2026-07-10T08:54:48</time>
      </trkpt>
      <trkpt lat="22.978929519653" lon="107.97277069092">
        <ele>9479.28</ele>
        <time>2026-07-10T08:55:02</time>
      </trkpt>
      <trkpt lat="22.986879348755" lon="108.00453948975">
        <ele>9479.28</ele>
        <time>2026-07-10T08:55:17</time>
      </trkpt>
      <trkpt lat="22.994890213013" lon="108.03684997559">
        <ele>9479.28</ele>
        <time>2026-07-10T08:55:32</time>
      </trkpt>
      <trkpt lat="23.002899169922" lon="108.0690536499">
        <ele>9479.28</ele>
        <time>2026-07-10T08:55:47</time>
      </trkpt>
      <trkpt lat="23.01123046875" lon="108.10252380371">
        <ele>9479.28</ele>
        <time>2026-07-10T08:56:02</time>
      </trkpt>
      <trkpt lat="23.019609451294" lon="108.13613128662">
        <ele>9479.28</ele>
        <time>2026-07-10T08:56:17</time>
      </trkpt>
      <trkpt lat="23.028350830078" lon="108.17134094238">
        <ele>9479.28</ele>
        <time>2026-07-10T08:56:32</time>
      </trkpt>
      <trkpt lat="23.036220550537" lon="108.20314788818">
        <ele>9479.28</ele>
        <time>2026-07-10T08:56:47</time>
      </trkpt>
      <trkpt lat="23.044370651245" lon="108.23610687256">
        <ele>9479.28</ele>
        <time>2026-07-10T08:57:01</time>
      </trkpt>
      <trkpt lat="23.052379608154" lon="108.26872253418">
        <ele>9479.28</ele>
        <time>2026-07-10T08:57:16</time>
      </trkpt>
      <trkpt lat="23.060489654541" lon="108.30171966553">
        <ele>9479.28</ele>
        <time>2026-07-10T08:57:31</time>
      </trkpt>
      <trkpt lat="23.068450927734" lon="108.33408355713">
        <ele>9479.28</ele>
        <time>2026-07-10T08:57:46</time>
      </trkpt>
      <trkpt lat="23.076549530029" lon="108.36689758301">
        <ele>9479.28</ele>
        <time>2026-07-10T08:58:01</time>
      </trkpt>
      <trkpt lat="23.084470748901" lon="108.39904785156">
        <ele>9479.28</ele>
        <time>2026-07-10T08:58:16</time>
      </trkpt>
      <trkpt lat="23.092670440674" lon="108.43241119385">
        <ele>9479.28</ele>
        <time>2026-07-10T08:58:31</time>
      </trkpt>
      <trkpt lat="23.101270675659" lon="108.46732330322">
        <ele>9479.28</ele>
        <time>2026-07-10T08:58:50</time>
      </trkpt>
      <trkpt lat="23.109970092773" lon="108.50276947021">
        <ele>9479.28</ele>
        <time>2026-07-10T08:59:05</time>
      </trkpt>
      <trkpt lat="23.118030548096" lon="108.53546142578">
        <ele>9479.28</ele>
        <time>2026-07-10T08:59:20</time>
      </trkpt>
      <trkpt lat="23.126039505005" lon="108.56823730469">
        <ele>9479.28</ele>
        <time>2026-07-10T08:59:35</time>
      </trkpt>
      <trkpt lat="23.134410858154" lon="108.6024017334">
        <ele>9479.28</ele>
        <time>2026-07-10T08:59:50</time>
      </trkpt>
      <trkpt lat="23.142879486084" lon="108.6368637085">
        <ele>9479.28</ele>
        <time>2026-07-10T09:00:04</time>
      </trkpt>
      <trkpt lat="23.150749206543" lon="108.6692276001">
        <ele>9479.28</ele>
        <time>2026-07-10T09:00:19</time>
      </trkpt>
      <trkpt lat="23.158760070801" lon="108.70204162598">
        <ele>9479.28</ele>
        <time>2026-07-10T09:00:34</time>
      </trkpt>
      <trkpt lat="23.16607093811" lon="108.72686004639">
        <ele>9479.28</ele>
        <time>2026-07-10T09:00:48</time>
      </trkpt>
      <trkpt lat="23.181659698486" lon="108.75756072998">
        <ele>9479.28</ele>
        <time>2026-07-10T09:01:03</time>
      </trkpt>
      <trkpt lat="23.203260421753" lon="108.78408050537">
        <ele>9479.28</ele>
        <time>2026-07-10T09:01:17</time>
      </trkpt>
      <trkpt lat="23.227289199829" lon="108.80503082275">
        <ele>9479.28</ele>
        <time>2026-07-10T09:01:32</time>
      </trkpt>
      <trkpt lat="23.255079269409" lon="108.82887268066">
        <ele>9479.28</ele>
        <time>2026-07-10T09:01:52</time>
      </trkpt>
      <trkpt lat="23.281839370728" lon="108.85188293457">
        <ele>9479.28</ele>
        <time>2026-07-10T09:02:07</time>
      </trkpt>
      <trkpt lat="23.306629180908" lon="108.87306213379">
        <ele>9479.28</ele>
        <time>2026-07-10T09:02:22</time>
      </trkpt>
      <trkpt lat="23.331209182739" lon="108.89404296875">
        <ele>9479.28</ele>
        <time>2026-07-10T09:02:37</time>
      </trkpt>
      <trkpt lat="23.357719421387" lon="108.91663360596">
        <ele>9479.28</ele>
        <time>2026-07-10T09:02:52</time>
      </trkpt>
      <trkpt lat="23.384859085083" lon="108.93966674805">
        <ele>9479.28</ele>
        <time>2026-07-10T09:03:07</time>
      </trkpt>
      <trkpt lat="23.410890579224" lon="108.96183776855">
        <ele>9479.28</ele>
        <time>2026-07-10T09:03:22</time>
      </trkpt>
      <trkpt lat="23.441207885742" lon="108.98757171631">
        <ele>9479.28</ele>
        <time>2026-07-10T09:03:42</time>
      </trkpt>
      <trkpt lat="23.468240737915" lon="109.01052093506">
        <ele>9479.28</ele>
        <time>2026-07-10T09:03:57</time>
      </trkpt>
      <trkpt lat="23.493619918823" lon="109.03206634521">
        <ele>9479.28</ele>
        <time>2026-07-10T09:04:12</time>
      </trkpt>
      <trkpt lat="23.51948928833" lon="109.05403900146">
        <ele>9479.28</ele>
        <time>2026-07-10T09:04:27</time>
      </trkpt>
      <trkpt lat="23.546360015869" lon="109.07694244385">
        <ele>9479.28</ele>
        <time>2026-07-10T09:04:46</time>
      </trkpt>
      <trkpt lat="23.570297241211" lon="109.09734344482">
        <ele>9479.28</ele>
        <time>2026-07-10T09:05:01</time>
      </trkpt>
      <trkpt lat="23.596769332886" lon="109.11988830566">
        <ele>9479.28</ele>
        <time>2026-07-10T09:05:16</time>
      </trkpt>
      <trkpt lat="23.621570587158" lon="109.14098358154">
        <ele>9479.28</ele>
        <time>2026-07-10T09:05:31</time>
      </trkpt>
      <trkpt lat="23.646789550781" lon="109.16255187988">
        <ele>9479.28</ele>
        <time>2026-07-10T09:05:46</time>
      </trkpt>
      <trkpt lat="23.671630859375" lon="109.1837387085">
        <ele>9479.28</ele>
        <time>2026-07-10T09:06:01</time>
      </trkpt>
      <trkpt lat="23.696502685547" lon="109.20496368408">
        <ele>9479.28</ele>
        <time>2026-07-10T09:06:15</time>
      </trkpt>
      <trkpt lat="23.720460891724" lon="109.22467803955">
        <ele>9471.66</ele>
        <time>2026-07-10T09:06:30</time>
      </trkpt>
      <trkpt lat="23.746761322021" lon="109.24385070801">
        <ele>9486.9</ele>
        <time>2026-07-10T09:06:44</time>
      </trkpt>
      <trkpt lat="23.772085189819" lon="109.26229858398">
        <ele>9479.28</ele>
        <time>2026-07-10T09:06:59</time>
      </trkpt>
      <trkpt lat="23.799041748047" lon="109.28207397461">
        <ele>9479.28</ele>
        <time>2026-07-10T09:07:18</time>
      </trkpt>
      <trkpt lat="23.825225830078" lon="109.30130004883">
        <ele>9479.28</ele>
        <time>2026-07-10T09:07:33</time>
      </trkpt>
      <trkpt lat="23.850631713867" lon="109.31996917725">
        <ele>9479.28</ele>
        <time>2026-07-10T09:07:48</time>
      </trkpt>
      <trkpt lat="23.876129150391" lon="109.33863067627">
        <ele>9479.28</ele>
        <time>2026-07-10T09:08:03</time>
      </trkpt>
      <trkpt lat="23.901315689087" lon="109.35713195801">
        <ele>9479.28</ele>
        <time>2026-07-10T09:08:18</time>
      </trkpt>
      <trkpt lat="23.927570343018" lon="109.37635803223">
        <ele>9479.28</ele>
        <time>2026-07-10T09:08:33</time>
      </trkpt>
      <trkpt lat="23.953399658203" lon="109.39529418945">
        <ele>9479.28</ele>
        <time>2026-07-10T09:08:48</time>
      </trkpt>
      <trkpt lat="23.977754592896" lon="109.41605377197">
        <ele>9479.28</ele>
        <time>2026-07-10T09:09:03</time>
      </trkpt>
      <trkpt lat="23.999359130859" lon="109.44010162354">
        <ele>9479.28</ele>
        <time>2026-07-10T09:09:18</time>
      </trkpt>
      <trkpt lat="24.017980575562" lon="109.46575164795">
        <ele>9479.28</ele>
        <time>2026-07-10T09:09:33</time>
      </trkpt>
      <trkpt lat="24.037078857422" lon="109.49279785156">
        <ele>9479.28</ele>
        <time>2026-07-10T09:09:48</time>
      </trkpt>
      <trkpt lat="24.05591583252" lon="109.51928710938">
        <ele>9479.28</ele>
        <time>2026-07-10T09:10:03</time>
      </trkpt>
      <trkpt lat="24.077142715454" lon="109.54473114014">
        <ele>9479.28</ele>
        <time>2026-07-10T09:10:18</time>
      </trkpt>
      <trkpt lat="24.100479125977" lon="109.56756591797">
        <ele>9479.28</ele>
        <time>2026-07-10T09:10:33</time>
      </trkpt>
      <trkpt lat="24.125106811523" lon="109.58724975586">
        <ele>9479.28</ele>
        <time>2026-07-10T09:10:48</time>
      </trkpt>
      <trkpt lat="24.150323867798" lon="109.6058807373">
        <ele>9479.28</ele>
        <time>2026-07-10T09:11:03</time>
      </trkpt>
      <trkpt lat="24.176160812378" lon="109.625">
        <ele>9479.28</ele>
        <time>2026-07-10T09:11:18</time>
      </trkpt>
      <trkpt lat="24.201950073242" lon="109.64412689209">
        <ele>9479.28</ele>
        <time>2026-07-10T09:11:33</time>
      </trkpt>
      <trkpt lat="24.227832794189" lon="109.66335296631">
        <ele>9479.28</ele>
        <time>2026-07-10T09:11:48</time>
      </trkpt>
      <trkpt lat="24.253509521484" lon="109.68225860596">
        <ele>9479.28</ele>
        <time>2026-07-10T09:12:03</time>
      </trkpt>
      <trkpt lat="24.278993606567" lon="109.70108032227">
        <ele>9479.28</ele>
        <time>2026-07-10T09:12:18</time>
      </trkpt>
      <trkpt lat="24.304689407349" lon="109.71999359131">
        <ele>9479.28</ele>
        <time>2026-07-10T09:12:33</time>
      </trkpt>
      <trkpt lat="24.330001831055" lon="109.73867034912">
        <ele>9479.28</ele>
        <time>2026-07-10T09:12:48</time>
      </trkpt>
      <trkpt lat="24.356002807617" lon="109.75794219971">
        <ele>9479.28</ele>
        <time>2026-07-10T09:13:03</time>
      </trkpt>
      <trkpt lat="24.381874084473" lon="109.77715301514">
        <ele>9479.28</ele>
        <time>2026-07-10T09:13:18</time>
      </trkpt>
      <trkpt lat="24.406997680664" lon="109.79589080811">
        <ele>9479.28</ele>
        <time>2026-07-10T09:13:33</time>
      </trkpt>
      <trkpt lat="24.432815551758" lon="109.81511688232">
        <ele>9479.28</ele>
        <time>2026-07-10T09:13:48</time>
      </trkpt>
      <trkpt lat="24.458404541016" lon="109.83419036865">
        <ele>9479.28</ele>
        <time>2026-07-10T09:14:03</time>
      </trkpt>
      <trkpt lat="24.484102249146" lon="109.85327911377">
        <ele>9479.28</ele>
        <time>2026-07-10T09:14:17</time>
      </trkpt>
      <trkpt lat="24.509540557861" lon="109.87217712402">
        <ele>9479.28</ele>
        <time>2026-07-10T09:14:32</time>
      </trkpt>
      <trkpt lat="24.535263061523" lon="109.89135742188">
        <ele>9479.28</ele>
        <time>2026-07-10T09:14:47</time>
      </trkpt>
      <trkpt lat="24.560390472412" lon="109.91007232666">
        <ele>9479.28</ele>
        <time>2026-07-10T09:15:02</time>
      </trkpt>
      <trkpt lat="24.586563110352" lon="109.92951202393">
        <ele>9479.28</ele>
        <time>2026-07-10T09:15:17</time>
      </trkpt>
      <trkpt lat="24.612487792969" lon="109.94882965088">
        <ele>9479.28</ele>
        <time>2026-07-10T09:15:32</time>
      </trkpt>
      <trkpt lat="24.637340545654" lon="109.96730041504">
        <ele>9479.28</ele>
        <time>2026-07-10T09:15:47</time>
      </trkpt>
      <trkpt lat="24.663795471191" lon="109.98693084717">
        <ele>9479.28</ele>
        <time>2026-07-10T09:16:02</time>
      </trkpt>
      <trkpt lat="24.689575195312" lon="110.00605010986">
        <ele>9479.28</ele>
        <time>2026-07-10T09:16:17</time>
      </trkpt>
      <trkpt lat="24.714630126953" lon="110.0245513916">
        <ele>9479.28</ele>
        <time>2026-07-10T09:16:32</time>
      </trkpt>
      <trkpt lat="24.7405128479" lon="110.04377746582">
        <ele>9479.28</ele>
        <time>2026-07-10T09:16:47</time>
      </trkpt>
      <trkpt lat="24.766159057617" lon="110.06286621094">
        <ele>9479.28</ele>
        <time>2026-07-10T09:17:02</time>
      </trkpt>
      <trkpt lat="24.792417526245" lon="110.08238220215">
        <ele>9479.28</ele>
        <time>2026-07-10T09:17:17</time>
      </trkpt>
      <trkpt lat="24.818206787109" lon="110.10157012939">
        <ele>9479.28</ele>
        <time>2026-07-10T09:17:32</time>
      </trkpt>
      <trkpt lat="24.843887329102" lon="110.12064361572">
        <ele>9479.28</ele>
        <time>2026-07-10T09:17:47</time>
      </trkpt>
      <trkpt lat="24.869890213013" lon="110.14002227783">
        <ele>9479.28</ele>
        <time>2026-07-10T09:18:01</time>
      </trkpt>
      <trkpt lat="24.895843505859" lon="110.15935516357">
        <ele>9479.28</ele>
        <time>2026-07-10T09:18:16</time>
      </trkpt>
      <trkpt lat="24.922250747681" lon="110.17893218994">
        <ele>9479.28</ele>
        <time>2026-07-10T09:18:31</time>
      </trkpt>
      <trkpt lat="24.948348999023" lon="110.19836425781">
        <ele>9479.28</ele>
        <time>2026-07-10T09:18:45</time>
      </trkpt>
      <trkpt lat="24.973926544189" lon="110.21733093262">
        <ele>9479.28</ele>
        <time>2026-07-10T09:19:00</time>
      </trkpt>
      <trkpt lat="25.000213623047" lon="110.23686981201">
        <ele>9479.28</ele>
        <time>2026-07-10T09:19:15</time>
      </trkpt>
      <trkpt lat="25.025644302368" lon="110.25578308105">
        <ele>9479.28</ele>
        <time>2026-07-10T09:19:30</time>
      </trkpt>
      <trkpt lat="25.052225112915" lon="110.27563476562">
        <ele>9479.28</ele>
        <time>2026-07-10T09:19:45</time>
      </trkpt>
      <trkpt lat="25.077941894531" lon="110.29485321045">
        <ele>9479.28</ele>
        <time>2026-07-10T09:20:00</time>
      </trkpt>
      <trkpt lat="25.104085922241" lon="110.31444549561">
        <ele>9479.28</ele>
        <time>2026-07-10T09:20:15</time>
      </trkpt>
      <trkpt lat="25.129968643188" lon="110.33393096924">
        <ele>9479.28</ele>
        <time>2026-07-10T09:20:30</time>
      </trkpt>
      <trkpt lat="25.155759811401" lon="110.35321044922">
        <ele>9479.28</ele>
        <time>2026-07-10T09:20:45</time>
      </trkpt>
      <trkpt lat="25.181762695312" lon="110.37256622314">
        <ele>9479.28</ele>
        <time>2026-07-10T09:21:00</time>
      </trkpt>
      <trkpt lat="25.207717895508" lon="110.39194488525">
        <ele>9479.28</ele>
        <time>2026-07-10T09:21:15</time>
      </trkpt>
      <trkpt lat="25.234313964844" lon="110.41173553467">
        <ele>9479.28</ele>
        <time>2026-07-10T09:21:30</time>
      </trkpt>
      <trkpt lat="25.26203918457" lon="110.43238830566">
        <ele>9479.28</ele>
        <time>2026-07-10T09:21:49</time>
      </trkpt>
      <trkpt lat="25.287963867188" lon="110.45171356201">
        <ele>9479.28</ele>
        <time>2026-07-10T09:22:04</time>
      </trkpt>
      <trkpt lat="25.31364440918" lon="110.47088623047">
        <ele>9479.28</ele>
        <time>2026-07-10T09:22:19</time>
      </trkpt>
      <trkpt lat="25.34001159668" lon="110.49053955078">
        <ele>9479.28</ele>
        <time>2026-07-10T09:22:34</time>
      </trkpt>
      <trkpt lat="25.365600585938" lon="110.50959014893">
        <ele>9479.28</ele>
        <time>2026-07-10T09:22:49</time>
      </trkpt>
      <trkpt lat="25.391777038574" lon="110.52899169922">
        <ele>9479.28</ele>
        <time>2026-07-10T09:23:04</time>
      </trkpt>
      <trkpt lat="25.418685913086" lon="110.54873657227">
        <ele>9479.28</ele>
        <time>2026-07-10T09:23:19</time>
      </trkpt>
      <trkpt lat="25.444473266602" lon="110.56772613525">
        <ele>9479.28</ele>
        <time>2026-07-10T09:23:34</time>
      </trkpt>
      <trkpt lat="25.471662521362" lon="110.58770751953">
        <ele>9479.28</ele>
        <time>2026-07-10T09:23:49</time>
      </trkpt>
      <trkpt lat="25.496288299561" lon="110.60584259033">
        <ele>9479.28</ele>
        <time>2026-07-10T09:24:04</time>
      </trkpt>
      <trkpt lat="25.522613525391" lon="110.62459564209">
        <ele>9479.28</ele>
        <time>2026-07-10T09:24:19</time>
      </trkpt>
      <trkpt lat="25.548845291138" lon="110.64263916016">
        <ele>9479.28</ele>
        <time>2026-07-10T09:24:34</time>
      </trkpt>
      <trkpt lat="25.575193405151" lon="110.66051483154">
        <ele>9479.28</ele>
        <time>2026-07-10T09:24:48</time>
      </trkpt>
      <trkpt lat="25.593210220337" lon="110.67279815674">
        <ele>9479.28</ele>
        <time>2026-07-10T09:24:59</time>
      </trkpt>
      <trkpt lat="25.618860244751" lon="110.69031524658">
        <ele>9479.28</ele>
        <time>2026-07-10T09:25:13</time>
      </trkpt>
      <trkpt lat="25.645065307617" lon="110.70841217041">
        <ele>9479.28</ele>
        <time>2026-07-10T09:25:28</time>
      </trkpt>
      <trkpt lat="25.670999526978" lon="110.72637939453">
        <ele>9479.28</ele>
        <time>2026-07-10T09:25:44</time>
      </trkpt>
      <trkpt lat="25.69889831543" lon="110.74579620361">
        <ele>9479.28</ele>
        <time>2026-07-10T09:25:58</time>
      </trkpt>
      <trkpt lat="25.726959228516" lon="110.76486968994">
        <ele>9479.28</ele>
        <time>2026-07-10T09:26:17</time>
      </trkpt>
      <trkpt lat="25.753143310547" lon="110.78262329102">
        <ele>9479.28</ele>
        <time>2026-07-10T09:26:32</time>
      </trkpt>
      <trkpt lat="25.779186248779" lon="110.8002243042">
        <ele>9479.28</ele>
        <time>2026-07-10T09:26:47</time>
      </trkpt>
      <trkpt lat="25.805557250977" lon="110.81802368164">
        <ele>9479.28</ele>
        <time>2026-07-10T09:27:02</time>
      </trkpt>
      <trkpt lat="25.833139419556" lon="110.8366317749">
        <ele>9479.28</ele>
        <time>2026-07-10T09:27:16</time>
      </trkpt>
      <trkpt lat="25.860399246216" lon="110.8550567627">
        <ele>9479.28</ele>
        <time>2026-07-10T09:27:31</time>
      </trkpt>
      <trkpt lat="25.886396408081" lon="110.87265014648">
        <ele>9479.28</ele>
        <time>2026-07-10T09:27:46</time>
      </trkpt>
      <trkpt lat="25.914640426636" lon="110.89189910889">
        <ele>9479.28</ele>
        <time>2026-07-10T09:28:05</time>
      </trkpt>
      <trkpt lat="25.940185546875" lon="110.9093170166">
        <ele>9479.28</ele>
        <time>2026-07-10T09:28:20</time>
      </trkpt>
      <trkpt lat="25.968654632568" lon="110.92879486084">
        <ele>9479.28</ele>
        <time>2026-07-10T09:28:35</time>
      </trkpt>
      <trkpt lat="25.99365234375" lon="110.94589996338">
        <ele>9479.28</ele>
        <time>2026-07-10T09:28:50</time>
      </trkpt>
      <trkpt lat="26.02262878418" lon="110.96575164795">
        <ele>9479.28</ele>
        <time>2026-07-10T09:29:05</time>
      </trkpt>
      <trkpt lat="26.043365478516" lon="110.97984313965">
        <ele>9479.28</ele>
        <time>2026-07-10T09:29:20</time>
      </trkpt>
      <trkpt lat="26.076736450195" lon="111.00254058838">
        <ele>9479.28</ele>
        <time>2026-07-10T09:29:40</time>
      </trkpt>
      <trkpt lat="26.128370285034" lon="111.03775787354">
        <ele>9479.28</ele>
        <time>2026-07-10T09:30:10</time>
      </trkpt>
      <trkpt lat="26.169290542603" lon="111.06575775146">
        <ele>9479.28</ele>
        <time>2026-07-10T09:30:30</time>
      </trkpt>
      <trkpt lat="26.19787979126" lon="111.08529663086">
        <ele>9479.28</ele>
        <time>2026-07-10T09:30:50</time>
      </trkpt>
      <trkpt lat="26.225160598755" lon="111.10394287109">
        <ele>9479.28</ele>
        <time>2026-07-10T09:31:05</time>
      </trkpt>
      <trkpt lat="26.251739501953" lon="111.12210845947">
        <ele>9479.28</ele>
        <time>2026-07-10T09:31:20</time>
      </trkpt>
      <trkpt lat="26.277429580688" lon="111.13970184326">
        <ele>9479.28</ele>
        <time>2026-07-10T09:31:34</time>
      </trkpt>
      <trkpt lat="26.300079345703" lon="111.15505981445">
        <ele>9479.28</ele>
        <time>2026-07-10T09:31:49</time>
      </trkpt>
      <trkpt lat="26.3264503479" lon="111.17292785645">
        <ele>9479.28</ele>
        <time>2026-07-10T09:32:04</time>
      </trkpt>
      <trkpt lat="26.35466003418" lon="111.19204711914">
        <ele>9479.28</ele>
        <time>2026-07-10T09:32:18</time>
      </trkpt>
      <trkpt lat="26.384410858154" lon="111.21228027344">
        <ele>9479.28</ele>
        <time>2026-07-10T09:32:33</time>
      </trkpt>
      <trkpt lat="26.409900665283" lon="111.22958374023">
        <ele>9479.28</ele>
        <time>2026-07-10T09:32:48</time>
      </trkpt>
      <trkpt lat="26.438459396362" lon="111.24900817871">
        <ele>9479.28</ele>
        <time>2026-07-10T09:33:07</time>
      </trkpt>
      <trkpt lat="26.469369888306" lon="111.27001190186">
        <ele>9479.28</ele>
        <time>2026-07-10T09:33:26</time>
      </trkpt>
      <trkpt lat="26.511869430542" lon="111.29895019531">
        <ele>9479.28</ele>
        <time>2026-07-10T09:33:49</time>
      </trkpt>
      <trkpt lat="26.540500640869" lon="111.31902313232">
        <ele>9479.28</ele>
        <time>2026-07-10T09:34:04</time>
      </trkpt>
      <trkpt lat="26.568809509277" lon="111.33988952637">
        <ele>9479.28</ele>
        <time>2026-07-10T09:34:19</time>
      </trkpt>
      <trkpt lat="26.606609344482" lon="111.36820220947">
        <ele>9479.28</ele>
        <time>2026-07-10T09:34:45</time>
      </trkpt>
      <trkpt lat="26.629760742188" lon="111.3854598999">
        <ele>9479.28</ele>
        <time>2026-07-10T09:34:58</time>
      </trkpt>
      <trkpt lat="26.657249450684" lon="111.40586090088">
        <ele>9479.28</ele>
        <time>2026-07-10T09:35:13</time>
      </trkpt>
      <trkpt lat="26.694499969482" lon="111.43338012695">
        <ele>9479.28</ele>
        <time>2026-07-10T09:35:33</time>
      </trkpt>
      <trkpt lat="26.732299804688" lon="111.46115875244">
        <ele>9479.28</ele>
        <time>2026-07-10T09:35:58</time>
      </trkpt>
      <trkpt lat="26.76969909668" lon="111.48853302002">
        <ele>9479.28</ele>
        <time>2026-07-10T09:36:17</time>
      </trkpt>
      <trkpt lat="26.850450515747" lon="111.54740905762">
        <ele>9479.28</ele>
        <time>2026-07-10T09:37:06</time>
      </trkpt>
      <trkpt lat="26.949459075928" lon="111.61254119873">
        <ele>9479.28</ele>
        <time>2026-07-10T09:38:02</time>
      </trkpt>
      <trkpt lat="27.012540817261" lon="111.65421295166">
        <ele>9479.28</ele>
        <time>2026-07-10T09:38:39</time>
      </trkpt>
      <trkpt lat="27.084320068359" lon="111.70157623291">
        <ele>9479.28</ele>
        <time>2026-07-10T09:39:21</time>
      </trkpt>
      <trkpt lat="27.11182975769" lon="111.71975708008">
        <ele>9479.28</ele>
        <time>2026-07-10T09:39:36</time>
      </trkpt>
      <trkpt lat="27.13883972168" lon="111.73802947998">
        <ele>9479.28</ele>
        <time>2026-07-10T09:39:52</time>
      </trkpt>
      <trkpt lat="27.171840667725" lon="111.76106262207">
        <ele>9479.28</ele>
        <time>2026-07-10T09:40:09</time>
      </trkpt>
      <trkpt lat="27.21681022644" lon="111.79254150391">
        <ele>9479.28</ele>
        <time>2026-07-10T09:40:35</time>
      </trkpt>
      <trkpt lat="27.247470855713" lon="111.81398010254">
        <ele>9479.28</ele>
        <time>2026-07-10T09:40:53</time>
      </trkpt>
      <trkpt lat="27.26935005188" lon="111.82916259766">
        <ele>9479.28</ele>
        <time>2026-07-10T09:41:05</time>
      </trkpt>
      <trkpt lat="27.306749343872" lon="111.85507965088">
        <ele>9479.28</ele>
        <time>2026-07-10T09:41:27</time>
      </trkpt>
      <trkpt lat="27.334356307983" lon="111.87425231934">
        <ele>9479.28</ele>
        <time>2026-07-10T09:41:42</time>
      </trkpt>
      <trkpt lat="27.36549949646" lon="111.89580535889">
        <ele>9479.28</ele>
        <time>2026-07-10T09:42:00</time>
      </trkpt>
      <trkpt lat="27.383100509644" lon="111.90798187256">
        <ele>9479.28</ele>
        <time>2026-07-10T09:42:11</time>
      </trkpt>
      <trkpt lat="27.405582427979" lon="111.92353820801">
        <ele>9479.28</ele>
        <time>2026-07-10T09:42:25</time>
      </trkpt>
      <trkpt lat="27.428100585938" lon="111.9391784668">
        <ele>9479.28</ele>
        <time>2026-07-10T09:42:40</time>
      </trkpt>
      <trkpt lat="27.454414367676" lon="111.95738983154">
        <ele>9479.28</ele>
        <time>2026-07-10T09:42:55</time>
      </trkpt>
      <trkpt lat="27.479049682617" lon="111.97452545166">
        <ele>9479.28</ele>
        <time>2026-07-10T09:43:10</time>
      </trkpt>
      <trkpt lat="27.506607055664" lon="111.99369812012">
        <ele>9479.28</ele>
        <time>2026-07-10T09:43:25</time>
      </trkpt>
      <trkpt lat="27.53173828125" lon="112.01121520996">
        <ele>9479.28</ele>
        <time>2026-07-10T09:43:40</time>
      </trkpt>
      <trkpt lat="27.557968139648" lon="112.02950286865">
        <ele>9479.28</ele>
        <time>2026-07-10T09:43:55</time>
      </trkpt>
      <trkpt lat="27.582759857178" lon="112.04686737061">
        <ele>9479.28</ele>
        <time>2026-07-10T09:44:10</time>
      </trkpt>
      <trkpt lat="27.609062194824" lon="112.06519317627">
        <ele>9479.28</ele>
        <time>2026-07-10T09:44:25</time>
      </trkpt>
      <trkpt lat="27.635969161987" lon="112.08399963379">
        <ele>9479.28</ele>
        <time>2026-07-10T09:44:40</time>
      </trkpt>
      <trkpt lat="27.661468505859" lon="112.10185241699">
        <ele>9479.28</ele>
        <time>2026-07-10T09:44:55</time>
      </trkpt>
      <trkpt lat="27.687082290649" lon="112.11981201172">
        <ele>9479.28</ele>
        <time>2026-07-10T09:45:10</time>
      </trkpt>
      <trkpt lat="27.713943481445" lon="112.13861083984">
        <ele>9479.28</ele>
        <time>2026-07-10T09:45:25</time>
      </trkpt>
      <trkpt lat="27.738327026367" lon="112.15563964844">
        <ele>9479.28</ele>
        <time>2026-07-10T09:45:40</time>
      </trkpt>
      <trkpt lat="27.763568878174" lon="112.17331695557">
        <ele>9479.28</ele>
        <time>2026-07-10T09:45:55</time>
      </trkpt>
      <trkpt lat="27.790100097656" lon="112.19186401367">
        <ele>9479.28</ele>
        <time>2026-07-10T09:46:10</time>
      </trkpt>
      <trkpt lat="27.814542770386" lon="112.20896911621">
        <ele>9479.28</ele>
        <time>2026-07-10T09:46:25</time>
      </trkpt>
      <trkpt lat="27.840545654297" lon="112.22720336914">
        <ele>9479.28</ele>
        <time>2026-07-10T09:46:39</time>
      </trkpt>
      <trkpt lat="27.865657806396" lon="112.2448348999">
        <ele>9479.28</ele>
        <time>2026-07-10T09:46:54</time>
      </trkpt>
      <trkpt lat="27.891357421875" lon="112.26280975342">
        <ele>9479.28</ele>
        <time>2026-07-10T09:47:08</time>
      </trkpt>
      <trkpt lat="27.916717529297" lon="112.28053283691">
        <ele>9479.28</ele>
        <time>2026-07-10T09:47:23</time>
      </trkpt>
      <trkpt lat="27.942375183105" lon="112.2982635498">
        <ele>9479.28</ele>
        <time>2026-07-10T09:47:38</time>
      </trkpt>
      <trkpt lat="27.967979431152" lon="112.31587219238">
        <ele>9479.28</ele>
        <time>2026-07-10T09:47:53</time>
      </trkpt>
      <trkpt lat="27.987112045288" lon="112.32906341553">
        <ele>9479.28</ele>
        <time>2026-07-10T09:48:07</time>
      </trkpt>
      <trkpt lat="28.012018203735" lon="112.34834289551">
        <ele>9479.28</ele>
        <time>2026-07-10T09:48:22</time>
      </trkpt>
      <trkpt lat="28.037246704102" lon="112.36869049072">
        <ele>9479.28</ele>
        <time>2026-07-10T09:48:37</time>
      </trkpt>
      <trkpt lat="28.061920166016" lon="112.38871002197">
        <ele>9479.28</ele>
        <time>2026-07-10T09:48:52</time>
      </trkpt>
      <trkpt lat="28.086410522461" lon="112.40860748291">
        <ele>9479.28</ele>
        <time>2026-07-10T09:49:07</time>
      </trkpt>
      <trkpt lat="28.110988616943" lon="112.42858886719">
        <ele>9479.28</ele>
        <time>2026-07-10T09:49:22</time>
      </trkpt>
      <trkpt lat="28.134962081909" lon="112.44770812988">
        <ele>9479.28</ele>
        <time>2026-07-10T09:49:37</time>
      </trkpt>
      <trkpt lat="28.160020828247" lon="112.46740722656">
        <ele>9479.28</ele>
        <time>2026-07-10T09:49:52</time>
      </trkpt>
      <trkpt lat="28.184692382812" lon="112.48684692383">
        <ele>9479.28</ele>
        <time>2026-07-10T09:50:07</time>
      </trkpt>
      <trkpt lat="28.208841323853" lon="112.50586700439">
        <ele>9479.28</ele>
        <time>2026-07-10T09:50:22</time>
      </trkpt>
      <trkpt lat="28.234268188477" lon="112.52598571777">
        <ele>9479.28</ele>
        <time>2026-07-10T09:50:37</time>
      </trkpt>
      <trkpt lat="28.258092880249" lon="112.54491424561">
        <ele>9479.28</ele>
        <time>2026-07-10T09:50:50</time>
      </trkpt>
      <trkpt lat="28.283090591431" lon="112.56392669678">
        <ele>9479.28</ele>
        <time>2026-07-10T09:51:05</time>
      </trkpt>
      <trkpt lat="28.308740615845" lon="112.58023834229">
        <ele>9479.28</ele>
        <time>2026-07-10T09:51:20</time>
      </trkpt>
      <trkpt lat="28.335020065308" lon="112.59661102295">
        <ele>9479.28</ele>
        <time>2026-07-10T09:51:35</time>
      </trkpt>
      <trkpt lat="28.361349105835" lon="112.61303710938">
        <ele>9479.28</ele>
        <time>2026-07-10T09:51:50</time>
      </trkpt>
      <trkpt lat="28.387460708618" lon="112.62930297852">
        <ele>9479.28</ele>
        <time>2026-07-10T09:52:05</time>
      </trkpt>
      <trkpt lat="28.413759231567" lon="112.6457824707">
        <ele>9479.28</ele>
        <time>2026-07-10T09:52:20</time>
      </trkpt>
      <trkpt lat="28.440530776978" lon="112.66259002686">
        <ele>9479.28</ele>
        <time>2026-07-10T09:52:35</time>
      </trkpt>
      <trkpt lat="28.466833114624" lon="112.67917633057">
        <ele>9479.28</ele>
        <time>2026-07-10T09:52:50</time>
      </trkpt>
      <trkpt lat="28.487640380859" lon="112.69220733643">
        <ele>9479.28</ele>
        <time>2026-07-10T09:53:04</time>
      </trkpt>
      <trkpt lat="28.514739990234" lon="112.7092666626">
        <ele>9479.28</ele>
        <time>2026-07-10T09:53:19</time>
      </trkpt>
      <trkpt lat="28.540105819702" lon="112.72521972656">
        <ele>9479.28</ele>
        <time>2026-07-10T09:53:34</time>
      </trkpt>
      <trkpt lat="28.566600799561" lon="112.74185943604">
        <ele>9479.28</ele>
        <time>2026-07-10T09:53:49</time>
      </trkpt>
      <trkpt lat="28.592849731445" lon="112.75833892822">
        <ele>9479.28</ele>
        <time>2026-07-10T09:54:04</time>
      </trkpt>
      <trkpt lat="28.619110107422" lon="112.77491760254">
        <ele>9479.28</ele>
        <time>2026-07-10T09:54:19</time>
      </trkpt>
      <trkpt lat="28.647262573242" lon="112.79267120361">
        <ele>9479.28</ele>
        <time>2026-07-10T09:54:34</time>
      </trkpt>
      <trkpt lat="28.673851013184" lon="112.80939483643">
        <ele>9479.28</ele>
        <time>2026-07-10T09:54:49</time>
      </trkpt>
      <trkpt lat="28.699869155884" lon="112.82582092285">
        <ele>9479.28</ele>
        <time>2026-07-10T09:55:04</time>
      </trkpt>
      <trkpt lat="28.726593017578" lon="112.8426361084">
        <ele>9479.28</ele>
        <time>2026-07-10T09:55:19</time>
      </trkpt>
      <trkpt lat="28.753128051758" lon="112.85942840576">
        <ele>9479.28</ele>
        <time>2026-07-10T09:55:34</time>
      </trkpt>
      <trkpt lat="28.779830932617" lon="112.87633514404">
        <ele>9479.28</ele>
        <time>2026-07-10T09:55:49</time>
      </trkpt>
      <trkpt lat="28.805690765381" lon="112.89276123047">
        <ele>9479.28</ele>
        <time>2026-07-10T09:56:04</time>
      </trkpt>
      <trkpt lat="28.832920074463" lon="112.90999603271">
        <ele>9479.28</ele>
        <time>2026-07-10T09:56:19</time>
      </trkpt>
      <trkpt lat="28.859128952026" lon="112.92663574219">
        <ele>9479.28</ele>
        <time>2026-07-10T09:56:34</time>
      </trkpt>
      <trkpt lat="28.885250091553" lon="112.94315338135">
        <ele>9479.28</ele>
        <time>2026-07-10T09:56:49</time>
      </trkpt>
      <trkpt lat="28.911779403687" lon="112.96002960205">
        <ele>9479.28</ele>
        <time>2026-07-10T09:57:04</time>
      </trkpt>
      <trkpt lat="28.93816947937" lon="112.97673797607">
        <ele>9479.28</ele>
        <time>2026-07-10T09:57:19</time>
      </trkpt>
      <trkpt lat="28.96467590332" lon="112.99353790283">
        <ele>9479.28</ele>
        <time>2026-07-10T09:57:34</time>
      </trkpt>
      <trkpt lat="28.990732192993" lon="113.01005554199">
        <ele>9479.28</ele>
        <time>2026-07-10T09:57:49</time>
      </trkpt>
      <trkpt lat="29.017913818359" lon="113.02729034424">
        <ele>9479.28</ele>
        <time>2026-07-10T09:58:04</time>
      </trkpt>
      <trkpt lat="29.044033050537" lon="113.04393005371">
        <ele>9479.28</ele>
        <time>2026-07-10T09:58:19</time>
      </trkpt>
      <trkpt lat="29.061584472656" lon="113.05507659912">
        <ele>9479.28</ele>
        <time>2026-07-10T09:58:30</time>
      </trkpt>
      <trkpt lat="29.087419509888" lon="113.07150268555">
        <ele>9479.28</ele>
        <time>2026-07-10T09:58:44</time>
      </trkpt>
      <trkpt lat="29.114374160767" lon="113.08868408203">
        <ele>9479.28</ele>
        <time>2026-07-10T09:58:59</time>
      </trkpt>
      <trkpt lat="29.14030456543" lon="113.10521697998">
        <ele>9479.28</ele>
        <time>2026-07-10T09:59:14</time>
      </trkpt>
      <trkpt lat="29.166458129883" lon="113.12194061279">
        <ele>9479.28</ele>
        <time>2026-07-10T09:59:29</time>
      </trkpt>
      <trkpt lat="29.193189620972" lon="113.13899993896">
        <ele>9479.28</ele>
        <time>2026-07-10T09:59:44</time>
      </trkpt>
      <trkpt lat="29.218790054321" lon="113.15535736084">
        <ele>9479.28</ele>
        <time>2026-07-10T09:59:59</time>
      </trkpt>
      <trkpt lat="29.245370864868" lon="113.17231750488">
        <ele>9479.28</ele>
        <time>2026-07-10T10:00:14</time>
      </trkpt>
      <trkpt lat="29.272018432617" lon="113.18928527832">
        <ele>9479.28</ele>
        <time>2026-07-10T10:00:29</time>
      </trkpt>
      <trkpt lat="29.29759979248" lon="113.20559692383">
        <ele>9479.28</ele>
        <time>2026-07-10T10:00:44</time>
      </trkpt>
      <trkpt lat="29.323837280273" lon="113.22240447998">
        <ele>9479.28</ele>
        <time>2026-07-10T10:00:59</time>
      </trkpt>
      <trkpt lat="29.349975585938" lon="113.23915100098">
        <ele>9479.28</ele>
        <time>2026-07-10T10:01:13</time>
      </trkpt>
      <trkpt lat="29.377304077148" lon="113.25636291504">
        <ele>9479.28</ele>
        <time>2026-07-10T10:01:28</time>
      </trkpt>
      <trkpt lat="29.402904510498" lon="113.27157592773">
        <ele>9479.28</ele>
        <time>2026-07-10T10:01:43</time>
      </trkpt>
      <trkpt lat="29.423946380615" lon="113.28385162354">
        <ele>9479.28</ele>
        <time>2026-07-10T10:01:57</time>
      </trkpt>
      <trkpt lat="29.449630737305" lon="113.29883575439">
        <ele>9479.28</ele>
        <time>2026-07-10T10:02:12</time>
      </trkpt>
      <trkpt lat="29.476318359375" lon="113.31444549561">
        <ele>9479.28</ele>
        <time>2026-07-10T10:02:27</time>
      </trkpt>
      <trkpt lat="29.502992630005" lon="113.33016967773">
        <ele>9479.28</ele>
        <time>2026-07-10T10:02:42</time>
      </trkpt>
      <trkpt lat="29.529739379883" lon="113.34610748291">
        <ele>9479.28</ele>
        <time>2026-07-10T10:02:57</time>
      </trkpt>
      <trkpt lat="29.555830001831" lon="113.36168670654">
        <ele>9479.28</ele>
        <time>2026-07-10T10:03:12</time>
      </trkpt>
      <trkpt lat="29.583250045776" lon="113.37817382812">
        <ele>9479.28</ele>
        <time>2026-07-10T10:03:26</time>
      </trkpt>
      <trkpt lat="29.609481811523" lon="113.39390563965">
        <ele>9479.28</ele>
        <time>2026-07-10T10:03:41</time>
      </trkpt>
      <trkpt lat="29.636627197266" lon="113.41022491455">
        <ele>9479.28</ele>
        <time>2026-07-10T10:03:56</time>
      </trkpt>
      <trkpt lat="29.6633644104" lon="113.42635345459">
        <ele>9479.28</ele>
        <time>2026-07-10T10:04:11</time>
      </trkpt>
      <trkpt lat="29.692459106445" lon="113.44380187988">
        <ele>9479.28</ele>
        <time>2026-07-10T10:04:25</time>
      </trkpt>
      <trkpt lat="29.718204498291" lon="113.4592590332">
        <ele>9479.28</ele>
        <time>2026-07-10T10:04:40</time>
      </trkpt>
      <trkpt lat="29.744888305664" lon="113.4753036499">
        <ele>9479.28</ele>
        <time>2026-07-10T10:04:55</time>
      </trkpt>
      <trkpt lat="29.774139404297" lon="113.49284362793">
        <ele>9479.28</ele>
        <time>2026-07-10T10:05:14</time>
      </trkpt>
      <trkpt lat="29.802383422852" lon="113.50968933105">
        <ele>9479.28</ele>
        <time>2026-07-10T10:05:29</time>
      </trkpt>
      <trkpt lat="29.828750610352" lon="113.5255279541">
        <ele>9479.28</ele>
        <time>2026-07-10T10:05:44</time>
      </trkpt>
      <trkpt lat="29.856044769287" lon="113.54197692871">
        <ele>9479.28</ele>
        <time>2026-07-10T10:05:58</time>
      </trkpt>
      <trkpt lat="29.882440567017" lon="113.55786132812">
        <ele>9479.28</ele>
        <time>2026-07-10T10:06:12</time>
      </trkpt>
      <trkpt lat="29.9091796875" lon="113.57396697998">
        <ele>9479.28</ele>
        <time>2026-07-10T10:06:27</time>
      </trkpt>
      <trkpt lat="29.936141967773" lon="113.59023284912">
        <ele>9479.28</ele>
        <time>2026-07-10T10:06:42</time>
      </trkpt>
      <trkpt lat="29.96390914917" lon="113.60489654541">
        <ele>9479.28</ele>
        <time>2026-07-10T10:06:57</time>
      </trkpt>
      <trkpt lat="29.991739273071" lon="113.61873626709">
        <ele>9479.28</ele>
        <time>2026-07-10T10:07:12</time>
      </trkpt>
      <trkpt lat="30.02018737793" lon="113.63285827637">
        <ele>9479.28</ele>
        <time>2026-07-10T10:07:27</time>
      </trkpt>
      <trkpt lat="30.04948425293" lon="113.64736938477">
        <ele>9479.28</ele>
        <time>2026-07-10T10:07:46</time>
      </trkpt>
      <trkpt lat="30.077590942383" lon="113.66130828857">
        <ele>9479.28</ele>
        <time>2026-07-10T10:08:01</time>
      </trkpt>
      <trkpt lat="30.105840682983" lon="113.67543029785">
        <ele>9479.28</ele>
        <time>2026-07-10T10:08:16</time>
      </trkpt>
      <trkpt lat="30.131881713867" lon="113.68856811523">
        <ele>9479.28</ele>
        <time>2026-07-10T10:08:30</time>
      </trkpt>
      <trkpt lat="30.162126541138" lon="113.70372009277">
        <ele>9479.28</ele>
        <time>2026-07-10T10:08:44</time>
      </trkpt>
      <trkpt lat="30.190200805664" lon="113.71770477295">
        <ele>9479.28</ele>
        <time>2026-07-10T10:08:59</time>
      </trkpt>
      <trkpt lat="30.217802047729" lon="113.73146057129">
        <ele>9479.28</ele>
        <time>2026-07-10T10:09:14</time>
      </trkpt>
      <trkpt lat="30.245361328125" lon="113.74530029297">
        <ele>9479.28</ele>
        <time>2026-07-10T10:09:29</time>
      </trkpt>
      <trkpt lat="30.273284912109" lon="113.75927734375">
        <ele>9479.28</ele>
        <time>2026-07-10T10:09:44</time>
      </trkpt>
      <trkpt lat="30.31169128418" lon="113.77856445312">
        <ele>9479.28</ele>
        <time>2026-07-10T10:10:09</time>
      </trkpt>
      <trkpt lat="30.341817855835" lon="113.79374694824">
        <ele>9479.28</ele>
        <time>2026-07-10T10:10:24</time>
      </trkpt>
      <trkpt lat="30.373380661011" lon="113.8095703125">
        <ele>9479.28</ele>
        <time>2026-07-10T10:10:39</time>
      </trkpt>
      <trkpt lat="30.402149200439" lon="113.82402038574">
        <ele>9479.28</ele>
        <time>2026-07-10T10:10:54</time>
      </trkpt>
      <trkpt lat="30.422958374023" lon="113.83451080322">
        <ele>9479.28</ele>
        <time>2026-07-10T10:11:08</time>
      </trkpt>
      <trkpt lat="30.449169158936" lon="113.84768676758">
        <ele>9479.28</ele>
        <time>2026-07-10T10:11:22</time>
      </trkpt>
      <trkpt lat="30.4752368927" lon="113.86082458496">
        <ele>9479.28</ele>
        <time>2026-07-10T10:11:37</time>
      </trkpt>
      <trkpt lat="30.504547119141" lon="113.87554931641">
        <ele>9479.28</ele>
        <time>2026-07-10T10:11:52</time>
      </trkpt>
      <trkpt lat="30.532970428467" lon="113.8899307251">
        <ele>9479.28</ele>
        <time>2026-07-10T10:12:06</time>
      </trkpt>
      <trkpt lat="30.559799194336" lon="113.90355682373">
        <ele>9479.28</ele>
        <time>2026-07-10T10:12:21</time>
      </trkpt>
      <trkpt lat="30.587427139282" lon="113.91773223877">
        <ele>9479.28</ele>
        <time>2026-07-10T10:12:36</time>
      </trkpt>
      <trkpt lat="30.614639282227" lon="113.93156433105">
        <ele>9479.28</ele>
        <time>2026-07-10T10:12:51</time>
      </trkpt>
      <trkpt lat="30.642126083374" lon="113.94541931152">
        <ele>9479.28</ele>
        <time>2026-07-10T10:13:06</time>
      </trkpt>
      <trkpt lat="30.672409057617" lon="113.96015930176">
        <ele>9479.28</ele>
        <time>2026-07-10T10:13:21</time>
      </trkpt>
      <trkpt lat="30.693990707397" lon="113.97035980225">
        <ele>9479.28</ele>
        <time>2026-07-10T10:13:34</time>
      </trkpt>
      <trkpt lat="30.719909667969" lon="113.98430633545">
        <ele>9479.28</ele>
        <time>2026-07-10T10:13:49</time>
      </trkpt>
      <trkpt lat="30.747520446777" lon="113.99947357178">
        <ele>9479.28</ele>
        <time>2026-07-10T10:14:04</time>
      </trkpt>
      <trkpt lat="30.775449752808" lon="114.01497650146">
        <ele>9479.28</ele>
        <time>2026-07-10T10:14:19</time>
      </trkpt>
      <trkpt lat="30.803279876709" lon="114.03038024902">
        <ele>9479.28</ele>
        <time>2026-07-10T10:14:33</time>
      </trkpt>
      <trkpt lat="30.835559844971" lon="114.04782867432">
        <ele>9479.28</ele>
        <time>2026-07-10T10:14:53</time>
      </trkpt>
      <trkpt lat="30.865484237671" lon="114.06385040283">
        <ele>9479.28</ele>
        <time>2026-07-10T10:15:08</time>
      </trkpt>
      <trkpt lat="30.893970489502" lon="114.07907104492">
        <ele>9479.28</ele>
        <time>2026-07-10T10:15:23</time>
      </trkpt>
      <trkpt lat="30.921630859375" lon="114.09390258789">
        <ele>9479.28</ele>
        <time>2026-07-10T10:15:38</time>
      </trkpt>
      <trkpt lat="30.963523864746" lon="114.11647033691">
        <ele>9479.28</ele>
        <time>2026-07-10T10:16:03</time>
      </trkpt>
      <trkpt lat="30.993549346924" lon="114.13268280029">
        <ele>9479.28</ele>
        <time>2026-07-10T10:16:18</time>
      </trkpt>
      <trkpt lat="31.020919799805" lon="114.14762115479">
        <ele>9479.28</ele>
        <time>2026-07-10T10:16:33</time>
      </trkpt>
      <trkpt lat="31.05094909668" lon="114.16398620605">
        <ele>9479.28</ele>
        <time>2026-07-10T10:16:48</time>
      </trkpt>
      <trkpt lat="31.078554153442" lon="114.17909240723">
        <ele>9479.28</ele>
        <time>2026-07-10T10:17:03</time>
      </trkpt>
      <trkpt lat="31.112270355225" lon="114.1975479126">
        <ele>9479.28</ele>
        <time>2026-07-10T10:17:23</time>
      </trkpt>
      <trkpt lat="31.155853271484" lon="114.2214050293">
        <ele>9479.28</ele>
        <time>2026-07-10T10:17:43</time>
      </trkpt>
      <trkpt lat="31.187299728394" lon="114.23863983154">
        <ele>9479.28</ele>
        <time>2026-07-10T10:18:03</time>
      </trkpt>
      <trkpt lat="31.220819473267" lon="114.25688171387">
        <ele>9479.28</ele>
        <time>2026-07-10T10:18:18</time>
      </trkpt>
      <trkpt lat="31.251480102539" lon="114.27353668213">
        <ele>9479.28</ele>
        <time>2026-07-10T10:18:33</time>
      </trkpt>
      <trkpt lat="31.279979705811" lon="114.28912353516">
        <ele>9479.28</ele>
        <time>2026-07-10T10:18:48</time>
      </trkpt>
      <trkpt lat="31.302610397339" lon="114.3014831543">
        <ele>9479.28</ele>
        <time>2026-07-10T10:19:03</time>
      </trkpt>
      <trkpt lat="31.333789825439" lon="114.31700134277">
        <ele>9479.28</ele>
        <time>2026-07-10T10:19:18</time>
      </trkpt>
      <trkpt lat="31.364589691162" lon="114.32707214355">
        <ele>9479.28</ele>
        <time>2026-07-10T10:19:33</time>
      </trkpt>
      <trkpt lat="31.389999389648" lon="114.33164978027">
        <ele>9479.28</ele>
        <time>2026-07-10T10:19:48</time>
      </trkpt>
      <trkpt lat="31.428253173828" lon="114.3335647583">
        <ele>9479.28</ele>
        <time>2026-07-10T10:20:04</time>
      </trkpt>
      <trkpt lat="31.452438354492" lon="114.33428955078">
        <ele>9479.28</ele>
        <time>2026-07-10T10:20:17</time>
      </trkpt>
      <trkpt lat="31.495241165161" lon="114.33559417725">
        <ele>9479.28</ele>
        <time>2026-07-10T10:20:37</time>
      </trkpt>
      <trkpt lat="31.52897644043" lon="114.33681488037">
        <ele>9479.28</ele>
        <time>2026-07-10T10:20:52</time>
      </trkpt>
      <trkpt lat="31.560609817505" lon="114.33795166016">
        <ele>9479.28</ele>
        <time>2026-07-10T10:21:07</time>
      </trkpt>
      <trkpt lat="31.590866088867" lon="114.3388671875">
        <ele>9479.28</ele>
        <time>2026-07-10T10:21:21</time>
      </trkpt>
      <trkpt lat="31.641927719116" lon="114.3402633667">
        <ele>9479.28</ele>
        <time>2026-07-10T10:21:46</time>
      </trkpt>
      <trkpt lat="31.685640335083" lon="114.34136199951">
        <ele>9479.28</ele>
        <time>2026-07-10T10:22:04</time>
      </trkpt>
      <trkpt lat="31.738220214844" lon="114.34278869629">
        <ele>9479.28</ele>
        <time>2026-07-10T10:22:28</time>
      </trkpt>
      <trkpt lat="31.775720596313" lon="114.34384918213">
        <ele>9479.28</ele>
        <time>2026-07-10T10:22:48</time>
      </trkpt>
      <trkpt lat="31.807250976562" lon="114.34477233887">
        <ele>9479.28</ele>
        <time>2026-07-10T10:23:03</time>
      </trkpt>
      <trkpt lat="31.851789474487" lon="114.34620666504">
        <ele>9479.28</ele>
        <time>2026-07-10T10:23:23</time>
      </trkpt>
      <trkpt lat="31.884799957275" lon="114.3472366333">
        <ele>9479.28</ele>
        <time>2026-07-10T10:23:38</time>
      </trkpt>
      <trkpt lat="31.954570770264" lon="114.34940338135">
        <ele>9479.28</ele>
        <time>2026-07-10T10:24:10</time>
      </trkpt>
      <trkpt lat="31.99328994751" lon="114.35064697266">
        <ele>9479.28</ele>
        <time>2026-07-10T10:24:30</time>
      </trkpt>
      <trkpt lat="32.027328491211" lon="114.3516998291">
        <ele>9479.28</ele>
        <time>2026-07-10T10:24:44</time>
      </trkpt>
      <trkpt lat="32.193328857422" lon="114.35668945312">
        <ele>9479.28</ele>
        <time>2026-07-10T10:25:59</time>
      </trkpt>
      <trkpt lat="32.226749420166" lon="114.35772705078">
        <ele>9479.28</ele>
        <time>2026-07-10T10:26:16</time>
      </trkpt>
      <trkpt lat="32.276439666748" lon="114.36038970947">
        <ele>9479.28</ele>
        <time>2026-07-10T10:26:41</time>
      </trkpt>
      <trkpt lat="32.367858886719" lon="114.36852264404">
        <ele>9479.28</ele>
        <time>2026-07-10T10:27:20</time>
      </trkpt>
      <trkpt lat="32.399509429932" lon="114.37129974365">
        <ele>9479.28</ele>
        <time>2026-07-10T10:27:34</time>
      </trkpt>
      <trkpt lat="32.447002410889" lon="114.3756942749">
        <ele>9479.28</ele>
        <time>2026-07-10T10:27:58</time>
      </trkpt>
      <trkpt lat="32.483547210693" lon="114.37894439697">
        <ele>9479.28</ele>
        <time>2026-07-10T10:28:13</time>
      </trkpt>
      <trkpt lat="32.518692016602" lon="114.38213348389">
        <ele>9479.28</ele>
        <time>2026-07-10T10:28:32</time>
      </trkpt>
      <trkpt lat="32.550609588623" lon="114.38503265381">
        <ele>9479.28</ele>
        <time>2026-07-10T10:28:47</time>
      </trkpt>
      <trkpt lat="32.58219909668" lon="114.38789367676">
        <ele>9479.28</ele>
        <time>2026-07-10T10:29:02</time>
      </trkpt>
      <trkpt lat="32.616081237793" lon="114.39105224609">
        <ele>9479.28</ele>
        <time>2026-07-10T10:29:17</time>
      </trkpt>
      <trkpt lat="32.662120819092" lon="114.39553070068">
        <ele>9479.28</ele>
        <time>2026-07-10T10:29:37</time>
      </trkpt>
      <trkpt lat="32.700988769531" lon="114.39926147461">
        <ele>9479.28</ele>
        <time>2026-07-10T10:29:57</time>
      </trkpt>
      <trkpt lat="32.742141723633" lon="114.40310668945">
        <ele>9479.28</ele>
        <time>2026-07-10T10:30:15</time>
      </trkpt>
      <trkpt lat="32.770401000977" lon="114.40585327148">
        <ele>9479.28</ele>
        <time>2026-07-10T10:30:29</time>
      </trkpt>
      <trkpt lat="32.810028076172" lon="114.4095916748">
        <ele>9479.28</ele>
        <time>2026-07-10T10:30:49</time>
      </trkpt>
      <trkpt lat="32.849349975586" lon="114.4133605957">
        <ele>9479.28</ele>
        <time>2026-07-10T10:31:05</time>
      </trkpt>
      <trkpt lat="32.905914306641" lon="114.41873931885">
        <ele>9479.28</ele>
        <time>2026-07-10T10:31:29</time>
      </trkpt>
      <trkpt lat="32.943054199219" lon="114.42222595215">
        <ele>9479.28</ele>
        <time>2026-07-10T10:31:49</time>
      </trkpt>
      <trkpt lat="32.978488922119" lon="114.42552185059">
        <ele>9479.28</ele>
        <time>2026-07-10T10:32:04</time>
      </trkpt>
      <trkpt lat="33.014614105225" lon="114.42882537842">
        <ele>9479.28</ele>
        <time>2026-07-10T10:32:24</time>
      </trkpt>
      <trkpt lat="33.048782348633" lon="114.43196868896">
        <ele>9479.28</ele>
        <time>2026-07-10T10:32:39</time>
      </trkpt>
      <trkpt lat="33.086563110352" lon="114.4354095459">
        <ele>9479.28</ele>
        <time>2026-07-10T10:32:54</time>
      </trkpt>
      <trkpt lat="33.111148834229" lon="114.43766021729">
        <ele>9479.28</ele>
        <time>2026-07-10T10:33:08</time>
      </trkpt>
      <trkpt lat="33.145065307617" lon="114.44078826904">
        <ele>9479.28</ele>
        <time>2026-07-10T10:33:23</time>
      </trkpt>
      <trkpt lat="33.18090057373" lon="114.44412994385">
        <ele>9479.28</ele>
        <time>2026-07-10T10:33:41</time>
      </trkpt>
      <trkpt lat="33.214370727539" lon="114.44727325439">
        <ele>9479.28</ele>
        <time>2026-07-10T10:33:56</time>
      </trkpt>
      <trkpt lat="33.240211486816" lon="114.44967651367">
        <ele>9479.28</ele>
        <time>2026-07-10T10:34:09</time>
      </trkpt>
      <trkpt lat="33.274978637695" lon="114.45292663574">
        <ele>9479.28</ele>
        <time>2026-07-10T10:34:23</time>
      </trkpt>
      <trkpt lat="33.307430267334" lon="114.45600891113">
        <ele>9479.28</ele>
        <time>2026-07-10T10:34:36</time>
      </trkpt>
      <trkpt lat="33.339038848877" lon="114.458984375">
        <ele>9479.28</ele>
        <time>2026-07-10T10:34:51</time>
      </trkpt>
      <trkpt lat="33.371799468994" lon="114.4620513916">
        <ele>9479.28</ele>
        <time>2026-07-10T10:35:06</time>
      </trkpt>
      <trkpt lat="33.403369903564" lon="114.46504211426">
        <ele>9479.28</ele>
        <time>2026-07-10T10:35:21</time>
      </trkpt>
      <trkpt lat="33.436748504639" lon="114.46823120117">
        <ele>9479.28</ele>
        <time>2026-07-10T10:35:36</time>
      </trkpt>
      <trkpt lat="33.468891143799" lon="114.47128295898">
        <ele>9479.28</ele>
        <time>2026-07-10T10:35:51</time>
      </trkpt>
      <trkpt lat="33.50129699707" lon="114.47429656982">
        <ele>9479.28</ele>
        <time>2026-07-10T10:36:06</time>
      </trkpt>
      <trkpt lat="33.525852203369" lon="114.47658538818">
        <ele>9479.28</ele>
        <time>2026-07-10T10:36:19</time>
      </trkpt>
      <trkpt lat="33.560348510742" lon="114.47988891602">
        <ele>9479.28</ele>
        <time>2026-07-10T10:36:34</time>
      </trkpt>
      <trkpt lat="33.592788696289" lon="114.4829788208">
        <ele>9479.28</ele>
        <time>2026-07-10T10:36:49</time>
      </trkpt>
      <trkpt lat="33.628078460693" lon="114.48629760742">
        <ele>9479.28</ele>
        <time>2026-07-10T10:37:04</time>
      </trkpt>
      <trkpt lat="33.662155151367" lon="114.4889755249">
        <ele>9479.28</ele>
        <time>2026-07-10T10:37:23</time>
      </trkpt>
      <trkpt lat="33.695911407471" lon="114.49127197266">
        <ele>9479.28</ele>
        <time>2026-07-10T10:37:38</time>
      </trkpt>
      <trkpt lat="33.728118896484" lon="114.4934463501">
        <ele>9479.28</ele>
        <time>2026-07-10T10:37:53</time>
      </trkpt>
      <trkpt lat="33.763271331787" lon="114.49681854248">
        <ele>9479.28</ele>
        <time>2026-07-10T10:38:08</time>
      </trkpt>
      <trkpt lat="33.796131134033" lon="114.50060272217">
        <ele>9479.28</ele>
        <time>2026-07-10T10:38:23</time>
      </trkpt>
      <trkpt lat="33.829193115234" lon="114.50461578369">
        <ele>9479.28</ele>
        <time>2026-07-10T10:38:38</time>
      </trkpt>
      <trkpt lat="33.861629486084" lon="114.50827026367">
        <ele>9479.28</ele>
        <time>2026-07-10T10:38:53</time>
      </trkpt>
      <trkpt lat="33.894241333008" lon="114.51156616211">
        <ele>9479.28</ele>
        <time>2026-07-10T10:39:08</time>
      </trkpt>
      <trkpt lat="33.926742553711" lon="114.5146484375">
        <ele>9479.28</ele>
        <time>2026-07-10T10:39:23</time>
      </trkpt>
      <trkpt lat="33.959339141846" lon="114.51761627197">
        <ele>9479.28</ele>
        <time>2026-07-10T10:39:37</time>
      </trkpt>
      <trkpt lat="33.992118835449" lon="114.52062988281">
        <ele>9479.28</ele>
        <time>2026-07-10T10:39:52</time>
      </trkpt>
      <trkpt lat="34.025390625" lon="114.52372741699">
        <ele>9479.28</ele>
        <time>2026-07-10T10:40:07</time>
      </trkpt>
      <trkpt lat="34.058029174805" lon="114.52674865723">
        <ele>9479.28</ele>
        <time>2026-07-10T10:40:22</time>
      </trkpt>
      <trkpt lat="34.091648101807" lon="114.52983856201">
        <ele>9479.28</ele>
        <time>2026-07-10T10:40:37</time>
      </trkpt>
      <trkpt lat="34.123764038086" lon="114.53280639648">
        <ele>9479.28</ele>
        <time>2026-07-10T10:40:52</time>
      </trkpt>
      <trkpt lat="34.156539916992" lon="114.53588867188">
        <ele>9479.28</ele>
        <time>2026-07-10T10:41:07</time>
      </trkpt>
      <trkpt lat="34.188999176025" lon="114.5389175415">
        <ele>9479.28</ele>
        <time>2026-07-10T10:41:21</time>
      </trkpt>
      <trkpt lat="34.222366333008" lon="114.54203033447">
        <ele>9479.28</ele>
        <time>2026-07-10T10:41:36</time>
      </trkpt>
      <trkpt lat="34.254821777344" lon="114.54508209229">
        <ele>9479.28</ele>
        <time>2026-07-10T10:41:51</time>
      </trkpt>
      <trkpt lat="34.27912902832" lon="114.5474395752">
        <ele>9479.28</ele>
        <time>2026-07-10T10:42:04</time>
      </trkpt>
      <trkpt lat="34.312000274658" lon="114.55058288574">
        <ele>9479.28</ele>
        <time>2026-07-10T10:42:19</time>
      </trkpt>
      <trkpt lat="34.344379425049" lon="114.55370330811">
        <ele>9479.28</ele>
        <time>2026-07-10T10:42:34</time>
      </trkpt>
      <trkpt lat="34.377429962158" lon="114.55690765381">
        <ele>9479.28</ele>
        <time>2026-07-10T10:42:49</time>
      </trkpt>
      <trkpt lat="34.410099029541" lon="114.5599899292">
        <ele>9479.28</ele>
        <time>2026-07-10T10:43:04</time>
      </trkpt>
      <trkpt lat="34.442962646484" lon="114.56313323975">
        <ele>9479.28</ele>
        <time>2026-07-10T10:43:19</time>
      </trkpt>
      <trkpt lat="34.475646972656" lon="114.5662689209">
        <ele>9479.28</ele>
        <time>2026-07-10T10:43:34</time>
      </trkpt>
      <trkpt lat="34.508239746094" lon="114.56944274902">
        <ele>9479.28</ele>
        <time>2026-07-10T10:43:49</time>
      </trkpt>
      <trkpt lat="34.541061401367" lon="114.57266235352">
        <ele>9479.28</ele>
        <time>2026-07-10T10:44:04</time>
      </trkpt>
      <trkpt lat="34.574161529541" lon="114.5758972168">
        <ele>9479.28</ele>
        <time>2026-07-10T10:44:19</time>
      </trkpt>
      <trkpt lat="34.606159210205" lon="114.57898712158">
        <ele>9479.28</ele>
        <time>2026-07-10T10:44:34</time>
      </trkpt>
      <trkpt lat="34.63928604126" lon="114.58225250244">
        <ele>9479.28</ele>
        <time>2026-07-10T10:44:48</time>
      </trkpt>
      <trkpt lat="34.671478271484" lon="114.5853805542">
        <ele>9479.28</ele>
        <time>2026-07-10T10:45:03</time>
      </trkpt>
      <trkpt lat="34.695621490479" lon="114.5877532959">
        <ele>9479.28</ele>
        <time>2026-07-10T10:45:16</time>
      </trkpt>
      <trkpt lat="34.728839874268" lon="114.59098815918">
        <ele>9479.28</ele>
        <time>2026-07-10T10:45:31</time>
      </trkpt>
      <trkpt lat="34.761486053467" lon="114.59415435791">
        <ele>9479.28</ele>
        <time>2026-07-10T10:45:46</time>
      </trkpt>
      <trkpt lat="34.795280456543" lon="114.59747314453">
        <ele>9479.28</ele>
        <time>2026-07-10T10:46:01</time>
      </trkpt>
      <trkpt lat="34.827068328857" lon="114.60057067871">
        <ele>9479.28</ele>
        <time>2026-07-10T10:46:16</time>
      </trkpt>
      <trkpt lat="34.860260009766" lon="114.60388183594">
        <ele>9479.28</ele>
        <time>2026-07-10T10:46:31</time>
      </trkpt>
      <trkpt lat="34.8928565979" lon="114.60708618164">
        <ele>9479.28</ele>
        <time>2026-07-10T10:46:46</time>
      </trkpt>
      <trkpt lat="34.925445556641" lon="114.61027526855">
        <ele>9479.28</ele>
        <time>2026-07-10T10:46:59</time>
      </trkpt>
      <trkpt lat="34.958267211914" lon="114.61346435547">
        <ele>9479.28</ele>
        <time>2026-07-10T10:47:14</time>
      </trkpt>
      <trkpt lat="34.993743896484" lon="114.61688232422">
        <ele>9479.28</ele>
        <time>2026-07-10T10:47:29</time>
      </trkpt>
      <trkpt lat="35.027206420898" lon="114.62019348145">
        <ele>9479.28</ele>
        <time>2026-07-10T10:47:44</time>
      </trkpt>
      <trkpt lat="35.059375762939" lon="114.62333679199">
        <ele>9479.28</ele>
        <time>2026-07-10T10:47:59</time>
      </trkpt>
      <trkpt lat="35.092071533203" lon="114.62647247314">
        <ele>9479.28</ele>
        <time>2026-07-10T10:48:14</time>
      </trkpt>
      <trkpt lat="35.127689361572" lon="114.62995147705">
        <ele>9479.28</ele>
        <time>2026-07-10T10:48:33</time>
      </trkpt>
      <trkpt lat="35.162811279297" lon="114.63334655762">
        <ele>9479.28</ele>
        <time>2026-07-10T10:48:48</time>
      </trkpt>
      <trkpt lat="35.195430755615" lon="114.63645172119">
        <ele>9479.28</ele>
        <time>2026-07-10T10:49:03</time>
      </trkpt>
      <trkpt lat="35.229152679443" lon="114.63970184326">
        <ele>9479.28</ele>
        <time>2026-07-10T10:49:18</time>
      </trkpt>
      <trkpt lat="35.262809753418" lon="114.64298248291">
        <ele>9479.28</ele>
        <time>2026-07-10T10:49:32</time>
      </trkpt>
      <trkpt lat="35.29651260376" lon="114.64636230469">
        <ele>9479.28</ele>
        <time>2026-07-10T10:49:47</time>
      </trkpt>
      <trkpt lat="35.328308105469" lon="114.64945983887">
        <ele>9479.28</ele>
        <time>2026-07-10T10:50:02</time>
      </trkpt>
      <trkpt lat="35.365871429443" lon="114.65309143066">
        <ele>9479.28</ele>
        <time>2026-07-10T10:50:22</time>
      </trkpt>
      <trkpt lat="35.399276733398" lon="114.65624237061">
        <ele>9479.28</ele>
        <time>2026-07-10T10:50:37</time>
      </trkpt>
      <trkpt lat="35.432651519775" lon="114.65939331055">
        <ele>9479.28</ele>
        <time>2026-07-10T10:50:51</time>
      </trkpt>
      <trkpt lat="35.478904724121" lon="114.6637802124">
        <ele>9479.28</ele>
        <time>2026-07-10T10:51:09</time>
      </trkpt>
      <trkpt lat="35.513214111328" lon="114.66705322266">
        <ele>9479.28</ele>
        <time>2026-07-10T10:51:24</time>
      </trkpt>
      <trkpt lat="35.545257568359" lon="114.67014312744">
        <ele>9479.28</ele>
        <time>2026-07-10T10:51:39</time>
      </trkpt>
      <trkpt lat="35.589797973633" lon="114.67437744141">
        <ele>9479.28</ele>
        <time>2026-07-10T10:52:03</time>
      </trkpt>
      <trkpt lat="35.625228881836" lon="114.67774963379">
        <ele>9479.28</ele>
        <time>2026-07-10T10:52:18</time>
      </trkpt>
      <trkpt lat="35.658828735352" lon="114.68090057373">
        <ele>9479.28</ele>
        <time>2026-07-10T10:52:33</time>
      </trkpt>
      <trkpt lat="35.693023681641" lon="114.68410491943">
        <ele>9479.28</ele>
        <time>2026-07-10T10:52:47</time>
      </trkpt>
      <trkpt lat="35.725910186768" lon="114.68721008301">
        <ele>9479.28</ele>
        <time>2026-07-10T10:53:02</time>
      </trkpt>
      <trkpt lat="35.759101867676" lon="114.69024658203">
        <ele>9479.28</ele>
        <time>2026-07-10T10:53:17</time>
      </trkpt>
      <trkpt lat="35.795085906982" lon="114.69370269775">
        <ele>9479.28</ele>
        <time>2026-07-10T10:53:32</time>
      </trkpt>
      <trkpt lat="35.828201293945" lon="114.69686126709">
        <ele>9479.28</ele>
        <time>2026-07-10T10:53:47</time>
      </trkpt>
      <trkpt lat="35.853378295898" lon="114.69938659668">
        <ele>9479.28</ele>
        <time>2026-07-10T10:54:01</time>
      </trkpt>
      <trkpt lat="35.886280059814" lon="114.70263671875">
        <ele>9479.28</ele>
        <time>2026-07-10T10:54:16</time>
      </trkpt>
      <trkpt lat="35.922454833984" lon="114.70607757568">
        <ele>9479.28</ele>
        <time>2026-07-10T10:54:31</time>
      </trkpt>
      <trkpt lat="35.955459594727" lon="114.70924377441">
        <ele>9479.28</ele>
        <time>2026-07-10T10:54:46</time>
      </trkpt>
      <trkpt lat="35.989334106445" lon="114.71248626709">
        <ele>9479.28</ele>
        <time>2026-07-10T10:55:01</time>
      </trkpt>
      <trkpt lat="36.027290344238" lon="114.71607971191">
        <ele>9479.28</ele>
        <time>2026-07-10T10:55:16</time>
      </trkpt>
      <trkpt lat="36.061038970947" lon="114.71936035156">
        <ele>9479.28</ele>
        <time>2026-07-10T10:55:30</time>
      </trkpt>
      <trkpt lat="36.089160919189" lon="114.72203826904">
        <ele>9479.28</ele>
        <time>2026-07-10T10:55:44</time>
      </trkpt>
      <trkpt lat="36.12109375" lon="114.7250213623">
        <ele>9479.28</ele>
        <time>2026-07-10T10:55:58</time>
      </trkpt>
      <trkpt lat="36.156784057617" lon="114.72850799561">
        <ele>9479.28</ele>
        <time>2026-07-10T10:56:13</time>
      </trkpt>
      <trkpt lat="36.207401275635" lon="114.73343658447">
        <ele>9479.28</ele>
        <time>2026-07-10T10:56:38</time>
      </trkpt>
      <trkpt lat="36.243198394775" lon="114.73699951172">
        <ele>9479.28</ele>
        <time>2026-07-10T10:56:53</time>
      </trkpt>
      <trkpt lat="36.27507019043" lon="114.74012756348">
        <ele>9479.28</ele>
        <time>2026-07-10T10:57:08</time>
      </trkpt>
      <trkpt lat="36.308074951172" lon="114.7434463501">
        <ele>9479.28</ele>
        <time>2026-07-10T10:57:23</time>
      </trkpt>
      <trkpt lat="36.340850830078" lon="114.74778747559">
        <ele>9479.28</ele>
        <time>2026-07-10T10:57:37</time>
      </trkpt>
      <trkpt lat="36.377334594727" lon="114.75775146484">
        <ele>9479.28</ele>
        <time>2026-07-10T10:57:57</time>
      </trkpt>
      <trkpt lat="36.409149169922" lon="114.77124786377">
        <ele>9479.28</ele>
        <time>2026-07-10T10:58:12</time>
      </trkpt>
      <trkpt lat="36.439319610596" lon="114.78807830811">
        <ele>9479.28</ele>
        <time>2026-07-10T10:58:25</time>
      </trkpt>
      <trkpt lat="36.470989227295" lon="114.80632781982">
        <ele>9479.28</ele>
        <time>2026-07-10T10:58:44</time>
      </trkpt>
      <trkpt lat="36.503700256348" lon="114.82524108887">
        <ele>9479.28</ele>
        <time>2026-07-10T10:58:58</time>
      </trkpt>
      <trkpt lat="36.537448883057" lon="114.84481811523">
        <ele>9479.28</ele>
        <time>2026-07-10T10:59:13</time>
      </trkpt>
      <trkpt lat="36.567710876465" lon="114.86241149902">
        <ele>9479.28</ele>
        <time>2026-07-10T10:59:28</time>
      </trkpt>
      <trkpt lat="36.600860595703" lon="114.88162994385">
        <ele>9479.28</ele>
        <time>2026-07-10T10:59:47</time>
      </trkpt>
      <trkpt lat="36.636150360107" lon="114.90203094482">
        <ele>9479.28</ele>
        <time>2026-07-10T11:00:02</time>
      </trkpt>
      <trkpt lat="36.667919158936" lon="114.92043304443">
        <ele>9479.28</ele>
        <time>2026-07-10T11:00:21</time>
      </trkpt>
      <trkpt lat="36.696529388428" lon="114.93713378906">
        <ele>9479.28</ele>
        <time>2026-07-10T11:00:36</time>
      </trkpt>
      <trkpt lat="36.73067855835" lon="114.95709991455">
        <ele>9479.28</ele>
        <time>2026-07-10T11:00:52</time>
      </trkpt>
      <trkpt lat="36.765201568604" lon="114.97718811035">
        <ele>9464.04</ele>
        <time>2026-07-10T11:01:10</time>
      </trkpt>
      <trkpt lat="36.79935836792" lon="114.99716949463">
        <ele>9296.4</ele>
        <time>2026-07-10T11:01:25</time>
      </trkpt>
      <trkpt lat="36.828643798828" lon="115.01444244385">
        <ele>9144.0</ele>
        <time>2026-07-10T11:01:40</time>
      </trkpt>
      <trkpt lat="36.859039306641" lon="115.03228759766">
        <ele>8991.6</ele>
        <time>2026-07-10T11:01:54</time>
      </trkpt>
      <trkpt lat="36.891159057617" lon="115.05104064941">
        <ele>8831.58</ele>
        <time>2026-07-10T11:02:13</time>
      </trkpt>
      <trkpt lat="36.925319671631" lon="115.07097625732">
        <ele>8656.32</ele>
        <time>2026-07-10T11:02:28</time>
      </trkpt>
      <trkpt lat="36.954284667969" lon="115.08793640137">
        <ele>8503.92</ele>
        <time>2026-07-10T11:02:43</time>
      </trkpt>
      <trkpt lat="36.988220214844" lon="115.10784912109">
        <ele>8328.66</ele>
        <time>2026-07-10T11:03:03</time>
      </trkpt>
      <trkpt lat="37.0168800354" lon="115.12474060059">
        <ele>8168.64</ele>
        <time>2026-07-10T11:03:17</time>
      </trkpt>
      <trkpt lat="37.043571472168" lon="115.14041900635">
        <ele>8023.86</ele>
        <time>2026-07-10T11:03:31</time>
      </trkpt>
      <trkpt lat="37.066520690918" lon="115.15390777588">
        <ele>7917.18</ele>
        <time>2026-07-10T11:03:43</time>
      </trkpt>
      <trkpt lat="37.103439331055" lon="115.17546081543">
        <ele>7726.68</ele>
        <time>2026-07-10T11:04:01</time>
      </trkpt>
      <trkpt lat="37.131408691406" lon="115.19194030762">
        <ele>7627.62</ele>
        <time>2026-07-10T11:04:16</time>
      </trkpt>
      <trkpt lat="37.159488677979" lon="115.20836639404">
        <ele>7543.8</ele>
        <time>2026-07-10T11:04:31</time>
      </trkpt>
      <trkpt lat="37.185329437256" lon="115.22350311279">
        <ele>7498.08</ele>
        <time>2026-07-10T11:04:46</time>
      </trkpt>
      <trkpt lat="37.224708557129" lon="115.24675750732">
        <ele>7490.46</ele>
        <time>2026-07-10T11:05:06</time>
      </trkpt>
      <trkpt lat="37.246398925781" lon="115.25955963135">
        <ele>7498.08</ele>
        <time>2026-07-10T11:05:20</time>
      </trkpt>
      <trkpt lat="37.276428222656" lon="115.27738952637">
        <ele>7498.08</ele>
        <time>2026-07-10T11:05:35</time>
      </trkpt>
      <trkpt lat="37.302215576172" lon="115.29285430908">
        <ele>7498.08</ele>
        <time>2026-07-10T11:05:50</time>
      </trkpt>
      <trkpt lat="37.32991027832" lon="115.31285858154">
        <ele>7498.08</ele>
        <time>2026-07-10T11:06:04</time>
      </trkpt>
      <trkpt lat="37.353199005127" lon="115.33605194092">
        <ele>7490.46</ele>
        <time>2026-07-10T11:06:19</time>
      </trkpt>
      <trkpt lat="37.369808197021" lon="115.3568572998">
        <ele>7498.08</ele>
        <time>2026-07-10T11:06:31</time>
      </trkpt>
      <trkpt lat="37.388801574707" lon="115.38642120361">
        <ele>7498.08</ele>
        <time>2026-07-10T11:06:45</time>
      </trkpt>
      <trkpt lat="37.407028198242" lon="115.41680908203">
        <ele>7498.08</ele>
        <time>2026-07-10T11:07:00</time>
      </trkpt>
      <trkpt lat="37.424968719482" lon="115.44714355469">
        <ele>7505.7</ele>
        <time>2026-07-10T11:07:15</time>
      </trkpt>
      <trkpt lat="37.443470001221" lon="115.47869873047">
        <ele>7505.7</ele>
        <time>2026-07-10T11:07:30</time>
      </trkpt>
      <trkpt lat="37.461700439453" lon="115.50959777832">
        <ele>7498.08</ele>
        <time>2026-07-10T11:07:45</time>
      </trkpt>
      <trkpt lat="37.479259490967" lon="115.53917694092">
        <ele>7505.7</ele>
        <time>2026-07-10T11:08:00</time>
      </trkpt>
      <trkpt lat="37.493030548096" lon="115.5625">
        <ele>7498.08</ele>
        <time>2026-07-10T11:08:14</time>
      </trkpt>
      <trkpt lat="37.512538909912" lon="115.59533691406">
        <ele>7498.08</ele>
        <time>2026-07-10T11:08:29</time>
      </trkpt>
      <trkpt lat="37.532138824463" lon="115.62824249268">
        <ele>7498.08</ele>
        <time>2026-07-10T11:08:43</time>
      </trkpt>
      <trkpt lat="37.549411773682" lon="115.65743255615">
        <ele>7490.46</ele>
        <time>2026-07-10T11:08:58</time>
      </trkpt>
      <trkpt lat="37.568351745605" lon="115.68979644775">
        <ele>7490.46</ele>
        <time>2026-07-10T11:09:13</time>
      </trkpt>
      <trkpt lat="37.585899353027" lon="115.71988677979">
        <ele>7437.12</ele>
        <time>2026-07-10T11:09:28</time>
      </trkpt>
      <trkpt lat="37.605129241943" lon="115.75308990479">
        <ele>7315.2</ele>
        <time>2026-07-10T11:09:47</time>
      </trkpt>
      <trkpt lat="37.622219085693" lon="115.78234100342">
        <ele>7208.52</ele>
        <time>2026-07-10T11:10:02</time>
      </trkpt>
      <trkpt lat="37.63985824585" lon="115.81302642822">
        <ele>7094.22</ele>
        <time>2026-07-10T11:10:17</time>
      </trkpt>
      <trkpt lat="37.657638549805" lon="115.84390258789">
        <ele>7033.26</ele>
        <time>2026-07-10T11:10:32</time>
      </trkpt>
      <trkpt lat="37.674591064453" lon="115.87345123291">
        <ele>6964.68</ele>
        <time>2026-07-10T11:10:47</time>
      </trkpt>
      <trkpt lat="37.69446182251" lon="115.90850830078">
        <ele>6896.1</ele>
        <time>2026-07-10T11:11:02</time>
      </trkpt>
      <trkpt lat="37.711849212646" lon="115.93907165527">
        <ele>6880.86</ele>
        <time>2026-07-10T11:11:17</time>
      </trkpt>
      <trkpt lat="37.729431152344" lon="115.96998596191">
        <ele>6865.62</ele>
        <time>2026-07-10T11:11:32</time>
      </trkpt>
      <trkpt lat="37.746597290039" lon="116.0001373291">
        <ele>6758.94</ele>
        <time>2026-07-10T11:11:47</time>
      </trkpt>
      <trkpt lat="37.763919830322" lon="116.03031158447">
        <ele>6644.64</ele>
        <time>2026-07-10T11:12:02</time>
      </trkpt>
      <trkpt lat="37.781471252441" lon="116.0608215332">
        <ele>6530.34</ele>
        <time>2026-07-10T11:12:17</time>
      </trkpt>
      <trkpt lat="37.798278808594" lon="116.08995819092">
        <ele>6423.66</ele>
        <time>2026-07-10T11:12:32</time>
      </trkpt>
      <trkpt lat="37.815719604492" lon="116.11994171143">
        <ele>6301.74</ele>
        <time>2026-07-10T11:12:47</time>
      </trkpt>
      <trkpt lat="37.833141326904" lon="116.1495513916">
        <ele>6187.44</ele>
        <time>2026-07-10T11:13:02</time>
      </trkpt>
      <trkpt lat="37.850189208984" lon="116.17861175537">
        <ele>6073.14</ele>
        <time>2026-07-10T11:13:17</time>
      </trkpt>
      <trkpt lat="37.867858886719" lon="116.20858764648">
        <ele>5958.84</ele>
        <time>2026-07-10T11:13:32</time>
      </trkpt>
      <trkpt lat="37.884609222412" lon="116.23722076416">
        <ele>5882.64</ele>
        <time>2026-07-10T11:13:46</time>
      </trkpt>
      <trkpt lat="37.90161895752" lon="116.26640319824">
        <ele>5806.44</ele>
        <time>2026-07-10T11:14:01</time>
      </trkpt>
      <trkpt lat="37.919311523438" lon="116.29660797119">
        <ele>5722.62</ele>
        <time>2026-07-10T11:14:16</time>
      </trkpt>
      <trkpt lat="37.938861846924" lon="116.32998657227">
        <ele>5692.14</ele>
        <time>2026-07-10T11:14:36</time>
      </trkpt>
      <trkpt lat="37.955390930176" lon="116.35810852051">
        <ele>5699.76</ele>
        <time>2026-07-10T11:14:51</time>
      </trkpt>
      <trkpt lat="37.971820831299" lon="116.38599395752">
        <ele>5699.76</ele>
        <time>2026-07-10T11:15:06</time>
      </trkpt>
      <trkpt lat="37.988754272461" lon="116.41452026367">
        <ele>5699.76</ele>
        <time>2026-07-10T11:15:21</time>
      </trkpt>
      <trkpt lat="38.005645751953" lon="116.44303894043">
        <ele>5699.76</ele>
        <time>2026-07-10T11:15:36</time>
      </trkpt>
      <trkpt lat="38.023727416992" lon="116.47341156006">
        <ele>5699.76</ele>
        <time>2026-07-10T11:15:51</time>
      </trkpt>
      <trkpt lat="38.041168212891" lon="116.50270843506">
        <ele>5699.76</ele>
        <time>2026-07-10T11:16:06</time>
      </trkpt>
      <trkpt lat="38.057945251465" lon="116.53090667725">
        <ele>5699.76</ele>
        <time>2026-07-10T11:16:21</time>
      </trkpt>
      <trkpt lat="38.07572555542" lon="116.5608215332">
        <ele>5699.76</ele>
        <time>2026-07-10T11:16:36</time>
      </trkpt>
      <trkpt lat="38.092952728271" lon="116.58972167969">
        <ele>5699.76</ele>
        <time>2026-07-10T11:16:51</time>
      </trkpt>
      <trkpt lat="38.111251831055" lon="116.61601257324">
        <ele>5699.76</ele>
        <time>2026-07-10T11:17:06</time>
      </trkpt>
      <trkpt lat="38.132675170898" lon="116.63986206055">
        <ele>5699.76</ele>
        <time>2026-07-10T11:17:21</time>
      </trkpt>
      <trkpt lat="38.156913757324" lon="116.66083526611">
        <ele>5699.76</ele>
        <time>2026-07-10T11:17:36</time>
      </trkpt>
      <trkpt lat="38.180934906006" lon="116.67659759521">
        <ele>5692.14</ele>
        <time>2026-07-10T11:17:51</time>
      </trkpt>
      <trkpt lat="38.209518432617" lon="116.68955230713">
        <ele>5646.42</ele>
        <time>2026-07-10T11:18:06</time>
      </trkpt>
      <trkpt lat="38.237548828125" lon="116.69449615479">
        <ele>5585.46</ele>
        <time>2026-07-10T11:18:21</time>
      </trkpt>
      <trkpt lat="38.265426635742" lon="116.69326782227">
        <ele>5516.88</ele>
        <time>2026-07-10T11:18:36</time>
      </trkpt>
      <trkpt lat="38.292751312256" lon="116.69217681885">
        <ele>5433.06</ele>
        <time>2026-07-10T11:18:51</time>
      </trkpt>
      <trkpt lat="38.321800231934" lon="116.69951629639">
        <ele>5379.72</ele>
        <time>2026-07-10T11:19:06</time>
      </trkpt>
      <trkpt lat="38.347686767578" lon="116.71648406982">
        <ele>5394.96</ele>
        <time>2026-07-10T11:19:21</time>
      </trkpt>
      <trkpt lat="38.369480133057" lon="116.73792266846">
        <ele>5387.34</ele>
        <time>2026-07-10T11:19:36</time>
      </trkpt>
      <trkpt lat="38.388278961182" lon="116.76651763916">
        <ele>5394.96</ele>
        <time>2026-07-10T11:19:51</time>
      </trkpt>
      <trkpt lat="38.40071105957" lon="116.79660797119">
        <ele>5394.96</ele>
        <time>2026-07-10T11:20:06</time>
      </trkpt>
      <trkpt lat="38.40843963623" lon="116.83129882812">
        <ele>5394.96</ele>
        <time>2026-07-10T11:20:21</time>
      </trkpt>
      <trkpt lat="38.413089752197" lon="116.86553955078">
        <ele>5394.96</ele>
        <time>2026-07-10T11:20:36</time>
      </trkpt>
      <trkpt lat="38.417701721191" lon="116.90081787109">
        <ele>5394.96</ele>
        <time>2026-07-10T11:20:51</time>
      </trkpt>
      <trkpt lat="38.422302246094" lon="116.93608856201">
        <ele>5394.96</ele>
        <time>2026-07-10T11:21:06</time>
      </trkpt>
      <trkpt lat="38.426963806152" lon="116.97094726562">
        <ele>5394.96</ele>
        <time>2026-07-10T11:21:21</time>
      </trkpt>
      <trkpt lat="38.431591033936" lon="117.00559234619">
        <ele>5394.96</ele>
        <time>2026-07-10T11:21:36</time>
      </trkpt>
      <trkpt lat="38.436367034912" lon="117.041015625">
        <ele>5394.96</ele>
        <time>2026-07-10T11:21:51</time>
      </trkpt>
      <trkpt lat="38.441020965576" lon="117.07623291016">
        <ele>5394.96</ele>
        <time>2026-07-10T11:22:06</time>
      </trkpt>
      <trkpt lat="38.445419311523" lon="117.11019897461">
        <ele>5394.96</ele>
        <time>2026-07-10T11:22:21</time>
      </trkpt>
      <trkpt lat="38.450008392334" lon="117.14581298828">
        <ele>5394.96</ele>
        <time>2026-07-10T11:22:36</time>
      </trkpt>
      <trkpt lat="38.454711914062" lon="117.18176269531">
        <ele>5394.96</ele>
        <time>2026-07-10T11:22:51</time>
      </trkpt>
      <trkpt lat="38.459083557129" lon="117.21527099609">
        <ele>5394.96</ele>
        <time>2026-07-10T11:23:06</time>
      </trkpt>
      <trkpt lat="38.463645935059" lon="117.25079345703">
        <ele>5394.96</ele>
        <time>2026-07-10T11:23:21</time>
      </trkpt>
      <trkpt lat="38.467880249023" lon="117.28442382812">
        <ele>5394.96</ele>
        <time>2026-07-10T11:23:36</time>
      </trkpt>
      <trkpt lat="38.472381591797" lon="117.32090759277">
        <ele>5394.96</ele>
        <time>2026-07-10T11:23:51</time>
      </trkpt>
      <trkpt lat="38.477005004883" lon="117.35816955566">
        <ele>5394.96</ele>
        <time>2026-07-10T11:24:10</time>
      </trkpt>
      <trkpt lat="38.481311798096" lon="117.39261627197">
        <ele>5394.96</ele>
        <time>2026-07-10T11:24:25</time>
      </trkpt>
      <trkpt lat="38.485702514648" lon="117.4281463623">
        <ele>5394.96</ele>
        <time>2026-07-10T11:24:40</time>
      </trkpt>
      <trkpt lat="38.490089416504" lon="117.46228027344">
        <ele>5394.96</ele>
        <time>2026-07-10T11:24:55</time>
      </trkpt>
      <trkpt lat="38.49462890625" lon="117.49729156494">
        <ele>5394.96</ele>
        <time>2026-07-10T11:25:10</time>
      </trkpt>
      <trkpt lat="38.49925994873" lon="117.53265380859">
        <ele>5394.96</ele>
        <time>2026-07-10T11:25:25</time>
      </trkpt>
      <trkpt lat="38.503868103027" lon="117.56762695312">
        <ele>5394.96</ele>
        <time>2026-07-10T11:25:40</time>
      </trkpt>
      <trkpt lat="38.509002685547" lon="117.60350799561">
        <ele>5394.96</ele>
        <time>2026-07-10T11:25:55</time>
      </trkpt>
      <trkpt lat="38.517288208008" lon="117.63562774658">
        <ele>5394.96</ele>
        <time>2026-07-10T11:26:10</time>
      </trkpt>
      <trkpt lat="38.530059814453" lon="117.66728210449">
        <ele>5394.96</ele>
        <time>2026-07-10T11:26:25</time>
      </trkpt>
      <trkpt lat="38.547229766846" lon="117.69821166992">
        <ele>5394.96</ele>
        <time>2026-07-10T11:26:40</time>
      </trkpt>
      <trkpt lat="38.565948486328" lon="117.72406005859">
        <ele>5394.96</ele>
        <time>2026-07-10T11:26:55</time>
      </trkpt>
      <trkpt lat="38.58757019043" lon="117.74713134766">
        <ele>5394.96</ele>
        <time>2026-07-10T11:27:10</time>
      </trkpt>
      <trkpt lat="38.61051940918" lon="117.76561737061">
        <ele>5394.96</ele>
        <time>2026-07-10T11:27:25</time>
      </trkpt>
      <trkpt lat="38.636119842529" lon="117.78088378906">
        <ele>5394.96</ele>
        <time>2026-07-10T11:27:40</time>
      </trkpt>
      <trkpt lat="38.662517547607" lon="117.79138183594">
        <ele>5394.96</ele>
        <time>2026-07-10T11:27:55</time>
      </trkpt>
      <trkpt lat="38.689838409424" lon="117.79620361328">
        <ele>5394.96</ele>
        <time>2026-07-10T11:28:10</time>
      </trkpt>
      <trkpt lat="38.716190338135" lon="117.79486846924">
        <ele>5402.58</ele>
        <time>2026-07-10T11:28:25</time>
      </trkpt>
      <trkpt lat="38.742828369141" lon="117.78770446777">
        <ele>5394.96</ele>
        <time>2026-07-10T11:28:40</time>
      </trkpt>
      <trkpt lat="38.768608093262" lon="117.77916717529">
        <ele>5394.96</ele>
        <time>2026-07-10T11:28:55</time>
      </trkpt>
      <trkpt lat="38.796821594238" lon="117.76995849609">
        <ele>5311.14</ele>
        <time>2026-07-10T11:29:09</time>
      </trkpt>
      <trkpt lat="38.823120117188" lon="117.7614364624">
        <ele>5234.94</ele>
        <time>2026-07-10T11:29:24</time>
      </trkpt>
      <trkpt lat="38.8486328125" lon="117.75323486328">
        <ele>5158.74</ele>
        <time>2026-07-10T11:29:39</time>
      </trkpt>
      <trkpt lat="38.87474822998" lon="117.74481201172">
        <ele>5090.16</ele>
        <time>2026-07-10T11:29:54</time>
      </trkpt>
      <trkpt lat="38.902496337891" lon="117.73596191406">
        <ele>5082.54</ele>
        <time>2026-07-10T11:30:13</time>
      </trkpt>
      <trkpt lat="38.928379058838" lon="117.72766113281">
        <ele>5090.16</ele>
        <time>2026-07-10T11:30:28</time>
      </trkpt>
      <trkpt lat="38.944904327393" lon="117.72235107422">
        <ele>5090.16</ele>
        <time>2026-07-10T11:30:39</time>
      </trkpt>
      <trkpt lat="38.971252441406" lon="117.71385192871">
        <ele>5090.16</ele>
        <time>2026-07-10T11:30:53</time>
      </trkpt>
      <trkpt lat="38.994964599609" lon="117.70608520508">
        <ele>5090.16</ele>
        <time>2026-07-10T11:31:08</time>
      </trkpt>
      <trkpt lat="39.020645141602" lon="117.69766998291">
        <ele>5082.54</ele>
        <time>2026-07-10T11:31:23</time>
      </trkpt>
      <trkpt lat="39.045551300049" lon="117.68955230713">
        <ele>5082.54</ele>
        <time>2026-07-10T11:31:38</time>
      </trkpt>
      <trkpt lat="39.069431304932" lon="117.68176269531">
        <ele>5090.16</ele>
        <time>2026-07-10T11:31:53</time>
      </trkpt>
      <trkpt lat="39.093360900879" lon="117.67401123047">
        <ele>5082.54</ele>
        <time>2026-07-10T11:32:08</time>
      </trkpt>
      <trkpt lat="39.11616897583" lon="117.66674804688">
        <ele>5090.16</ele>
        <time>2026-07-10T11:32:23</time>
      </trkpt>
      <trkpt lat="39.139759063721" lon="117.65950775146">
        <ele>5090.16</ele>
        <time>2026-07-10T11:32:38</time>
      </trkpt>
      <trkpt lat="39.163192749023" lon="117.65258789062">
        <ele>5090.16</ele>
        <time>2026-07-10T11:32:53</time>
      </trkpt>
      <trkpt lat="39.186603546143" lon="117.64562988281">
        <ele>5090.16</ele>
        <time>2026-07-10T11:33:08</time>
      </trkpt>
      <trkpt lat="39.209693908691" lon="117.63861083984">
        <ele>5090.16</ele>
        <time>2026-07-10T11:33:23</time>
      </trkpt>
      <trkpt lat="39.232540130615" lon="117.63144683838">
        <ele>5090.16</ele>
        <time>2026-07-10T11:33:38</time>
      </trkpt>
      <trkpt lat="39.25520324707" lon="117.62446594238">
        <ele>5090.16</ele>
        <time>2026-07-10T11:33:53</time>
      </trkpt>
      <trkpt lat="39.278030395508" lon="117.61755371094">
        <ele>5090.16</ele>
        <time>2026-07-10T11:34:08</time>
      </trkpt>
      <trkpt lat="39.301120758057" lon="117.61060333252">
        <ele>5090.16</ele>
        <time>2026-07-10T11:34:23</time>
      </trkpt>
      <trkpt lat="39.322948455811" lon="117.60399627686">
        <ele>5090.16</ele>
        <time>2026-07-10T11:34:38</time>
      </trkpt>
      <trkpt lat="39.345886230469" lon="117.59717559814">
        <ele>5090.16</ele>
        <time>2026-07-10T11:34:53</time>
      </trkpt>
      <trkpt lat="39.368087768555" lon="117.59085083008">
        <ele>5090.16</ele>
        <time>2026-07-10T11:35:08</time>
      </trkpt>
      <trkpt lat="39.390701293945" lon="117.58773803711">
        <ele>5090.16</ele>
        <time>2026-07-10T11:35:23</time>
      </trkpt>
      <trkpt lat="39.412536621094" lon="117.58643341064">
        <ele>5090.16</ele>
        <time>2026-07-10T11:35:38</time>
      </trkpt>
      <trkpt lat="39.434783935547" lon="117.58517456055">
        <ele>5082.54</ele>
        <time>2026-07-10T11:35:53</time>
      </trkpt>
      <trkpt lat="39.456985473633" lon="117.58404541016">
        <ele>5090.16</ele>
        <time>2026-07-10T11:36:08</time>
      </trkpt>
      <trkpt lat="39.479091644287" lon="117.5830078125">
        <ele>5090.16</ele>
        <time>2026-07-10T11:36:24</time>
      </trkpt>
      <trkpt lat="39.501434326172" lon="117.58190917969">
        <ele>5090.16</ele>
        <time>2026-07-10T11:36:38</time>
      </trkpt>
      <trkpt lat="39.524002075195" lon="117.58075714111">
        <ele>5090.16</ele>
        <time>2026-07-10T11:36:53</time>
      </trkpt>
      <trkpt lat="39.547073364258" lon="117.57956695557">
        <ele>5090.16</ele>
        <time>2026-07-10T11:37:08</time>
      </trkpt>
      <trkpt lat="39.570148468018" lon="117.57819366455">
        <ele>5090.16</ele>
        <time>2026-07-10T11:37:23</time>
      </trkpt>
      <trkpt lat="39.591609954834" lon="117.57675933838">
        <ele>5090.16</ele>
        <time>2026-07-10T11:37:38</time>
      </trkpt>
      <trkpt lat="39.613586425781" lon="117.57144165039">
        <ele>5097.78</ele>
        <time>2026-07-10T11:37:53</time>
      </trkpt>
      <trkpt lat="39.634643554688" lon="117.56517791748">
        <ele>5097.78</ele>
        <time>2026-07-10T11:38:08</time>
      </trkpt>
      <trkpt lat="39.655746459961" lon="117.55979919434">
        <ele>5105.4</ele>
        <time>2026-07-10T11:38:23</time>
      </trkpt>
      <trkpt lat="39.678195953369" lon="117.55383300781">
        <ele>5090.16</ele>
        <time>2026-07-10T11:38:38</time>
      </trkpt>
      <trkpt lat="39.699188232422" lon="117.54846191406">
        <ele>5074.92</ele>
        <time>2026-07-10T11:38:53</time>
      </trkpt>
      <trkpt lat="39.721893310547" lon="117.54266357422">
        <ele>4991.1</ele>
        <time>2026-07-10T11:39:08</time>
      </trkpt>
      <trkpt lat="39.742950439453" lon="117.53723144531">
        <ele>4876.8</ele>
        <time>2026-07-10T11:39:23</time>
      </trkpt>
      <trkpt lat="39.764179229736" lon="117.53179931641">
        <ele>4770.12</ele>
        <time>2026-07-10T11:39:38</time>
      </trkpt>
      <trkpt lat="39.785934448242" lon="117.52624511719">
        <ele>4655.82</ele>
        <time>2026-07-10T11:39:53</time>
      </trkpt>
      <trkpt lat="39.807285308838" lon="117.52093505859">
        <ele>4541.52</ele>
        <time>2026-07-10T11:40:08</time>
      </trkpt>
      <trkpt lat="39.829208374023" lon="117.51555633545">
        <ele>4427.22</ele>
        <time>2026-07-10T11:40:23</time>
      </trkpt>
      <trkpt lat="39.850624084473" lon="117.51037597656">
        <ele>4312.92</ele>
        <time>2026-07-10T11:40:38</time>
      </trkpt>
      <trkpt lat="39.872268676758" lon="117.5051651001">
        <ele>4198.62</ele>
        <time>2026-07-10T11:40:53</time>
      </trkpt>
      <trkpt lat="39.894195556641" lon="117.50003051758">
        <ele>4099.56</ele>
        <time>2026-07-10T11:41:08</time>
      </trkpt>
      <trkpt lat="39.917221069336" lon="117.49447631836">
        <ele>4023.36</ele>
        <time>2026-07-10T11:41:23</time>
      </trkpt>
      <trkpt lat="39.937042236328" lon="117.48962402344">
        <ele>3939.54</ele>
        <time>2026-07-10T11:41:38</time>
      </trkpt>
      <trkpt lat="39.959369659424" lon="117.48673248291">
        <ele>3863.34</ele>
        <time>2026-07-10T11:41:53</time>
      </trkpt>
      <trkpt lat="39.982086181641" lon="117.48698425293">
        <ele>3771.9</ele>
        <time>2026-07-10T11:42:08</time>
      </trkpt>
      <trkpt lat="40.003463745117" lon="117.48736572266">
        <ele>3695.7</ele>
        <time>2026-07-10T11:42:23</time>
      </trkpt>
      <trkpt lat="40.026351928711" lon="117.48809814453">
        <ele>3611.88</ele>
        <time>2026-07-10T11:42:38</time>
      </trkpt>
      <trkpt lat="40.049217224121" lon="117.49085235596">
        <ele>3528.06</ele>
        <time>2026-07-10T11:42:53</time>
      </trkpt>
      <trkpt lat="40.072208404541" lon="117.49410247803">
        <ele>3436.62</ele>
        <time>2026-07-10T11:43:13</time>
      </trkpt>
      <trkpt lat="40.094833374023" lon="117.49713134766">
        <ele>3345.18</ele>
        <time>2026-07-10T11:43:28</time>
      </trkpt>
      <trkpt lat="40.115367889404" lon="117.49965667725">
        <ele>3253.74</ele>
        <time>2026-07-10T11:43:44</time>
      </trkpt>
      <trkpt lat="40.139572143555" lon="117.50277709961">
        <ele>3154.68</ele>
        <time>2026-07-10T11:43:58</time>
      </trkpt>
      <trkpt lat="40.165100097656" lon="117.50634765625">
        <ele>3070.86</ele>
        <time>2026-07-10T11:44:18</time>
      </trkpt>
      <trkpt lat="40.18872833252" lon="117.50994873047">
        <ele>3070.86</ele>
        <time>2026-07-10T11:44:33</time>
      </trkpt>
      <trkpt lat="40.207717895508" lon="117.51245117188">
        <ele>3070.86</ele>
        <time>2026-07-10T11:44:45</time>
      </trkpt>
      <trkpt lat="40.22758102417" lon="117.50830078125">
        <ele>3070.86</ele>
        <time>2026-07-10T11:45:00</time>
      </trkpt>
      <trkpt lat="40.241477966309" lon="117.49828338623">
        <ele>3063.24</ele>
        <time>2026-07-10T11:45:15</time>
      </trkpt>
      <trkpt lat="40.262519836426" lon="117.4806137085">
        <ele>3070.86</ele>
        <time>2026-07-10T11:45:35</time>
      </trkpt>
      <trkpt lat="40.280731201172" lon="117.46600341797">
        <ele>3078.48</ele>
        <time>2026-07-10T11:45:50</time>
      </trkpt>
      <trkpt lat="40.297210693359" lon="117.45300292969">
        <ele>3070.86</ele>
        <time>2026-07-10T11:46:05</time>
      </trkpt>
      <trkpt lat="40.314655303955" lon="117.43785858154">
        <ele>3070.86</ele>
        <time>2026-07-10T11:46:20</time>
      </trkpt>
      <trkpt lat="40.330997467041" lon="117.42350006104">
        <ele>3070.86</ele>
        <time>2026-07-10T11:46:35</time>
      </trkpt>
      <trkpt lat="40.348892211914" lon="117.4072265625">
        <ele>3063.24</ele>
        <time>2026-07-10T11:46:50</time>
      </trkpt>
      <trkpt lat="40.364593505859" lon="117.39300537109">
        <ele>3078.48</ele>
        <time>2026-07-10T11:47:05</time>
      </trkpt>
      <trkpt lat="40.380386352539" lon="117.37847900391">
        <ele>3070.86</ele>
        <time>2026-07-10T11:47:20</time>
      </trkpt>
      <trkpt lat="40.396911621094" lon="117.36334228516">
        <ele>3078.48</ele>
        <time>2026-07-10T11:47:35</time>
      </trkpt>
      <trkpt lat="40.410278320312" lon="117.34515380859">
        <ele>3070.86</ele>
        <time>2026-07-10T11:47:50</time>
      </trkpt>
      <trkpt lat="40.419067382812" lon="117.32403564453">
        <ele>3070.86</ele>
        <time>2026-07-10T11:48:05</time>
      </trkpt>
      <trkpt lat="40.427730560303" lon="117.30196380615">
        <ele>3070.86</ele>
        <time>2026-07-10T11:48:20</time>
      </trkpt>
      <trkpt lat="40.436325073242" lon="117.28002929688">
        <ele>3070.86</ele>
        <time>2026-07-10T11:48:35</time>
      </trkpt>
      <trkpt lat="40.445003509521" lon="117.25788879395">
        <ele>3070.86</ele>
        <time>2026-07-10T11:48:50</time>
      </trkpt>
      <trkpt lat="40.453567504883" lon="117.23610687256">
        <ele>3070.86</ele>
        <time>2026-07-10T11:49:05</time>
      </trkpt>
      <trkpt lat="40.4619140625" lon="117.21466064453">
        <ele>3070.86</ele>
        <time>2026-07-10T11:49:20</time>
      </trkpt>
      <trkpt lat="40.467041015625" lon="117.19189453125">
        <ele>3070.86</ele>
        <time>2026-07-10T11:49:35</time>
      </trkpt>
      <trkpt lat="40.466556549072" lon="117.16738128662">
        <ele>3070.86</ele>
        <time>2026-07-10T11:49:50</time>
      </trkpt>
      <trkpt lat="40.464981079102" lon="117.14538574219">
        <ele>3025.14</ele>
        <time>2026-07-10T11:50:05</time>
      </trkpt>
      <trkpt lat="40.463333129883" lon="117.12213134766">
        <ele>2948.94</ele>
        <time>2026-07-10T11:50:20</time>
      </trkpt>
      <trkpt lat="40.461639404297" lon="117.09857177734">
        <ele>2872.74</ele>
        <time>2026-07-10T11:50:35</time>
      </trkpt>
      <trkpt lat="40.459991455078" lon="117.07568359375">
        <ele>2796.54</ele>
        <time>2026-07-10T11:50:50</time>
      </trkpt>
      <trkpt lat="40.458343505859" lon="117.05267333984">
        <ele>2712.72</ele>
        <time>2026-07-10T11:51:05</time>
      </trkpt>
      <trkpt lat="40.456695556641" lon="117.03070068359">
        <ele>2628.9</ele>
        <time>2026-07-10T11:51:20</time>
      </trkpt>
      <trkpt lat="40.454963684082" lon="117.0079498291">
        <ele>2552.7</ele>
        <time>2026-07-10T11:51:35</time>
      </trkpt>
      <trkpt lat="40.45333480835" lon="116.98641967773">
        <ele>2468.88</ele>
        <time>2026-07-10T11:51:50</time>
      </trkpt>
      <trkpt lat="40.451751708984" lon="116.96450805664">
        <ele>2407.92</ele>
        <time>2026-07-10T11:52:05</time>
      </trkpt>
      <trkpt lat="40.450378417969" lon="116.94415283203">
        <ele>2339.34</ele>
        <time>2026-07-10T11:52:20</time>
      </trkpt>
      <trkpt lat="40.448867797852" lon="116.92376708984">
        <ele>2263.14</ele>
        <time>2026-07-10T11:52:35</time>
      </trkpt>
      <trkpt lat="40.445655822754" lon="116.90445709229">
        <ele>2194.56</ele>
        <time>2026-07-10T11:52:50</time>
      </trkpt>
      <trkpt lat="40.442024230957" lon="116.88554382324">
        <ele>2186.94</ele>
        <time>2026-07-10T11:53:05</time>
      </trkpt>
      <trkpt lat="40.438659667969" lon="116.86779785156">
        <ele>2186.94</ele>
        <time>2026-07-10T11:53:20</time>
      </trkpt>
      <trkpt lat="40.435363769531" lon="116.85034179688">
        <ele>2186.94</ele>
        <time>2026-07-10T11:53:35</time>
      </trkpt>
      <trkpt lat="40.432292938232" lon="116.83385467529">
        <ele>2186.94</ele>
        <time>2026-07-10T11:53:50</time>
      </trkpt>
      <trkpt lat="40.429275512695" lon="116.81695556641">
        <ele>2186.94</ele>
        <time>2026-07-10T11:54:05</time>
      </trkpt>
      <trkpt lat="40.426391601562" lon="116.80065917969">
        <ele>2141.22</ele>
        <time>2026-07-10T11:54:20</time>
      </trkpt>
      <trkpt lat="40.423461914062" lon="116.78399658203">
        <ele>2065.02</ele>
        <time>2026-07-10T11:54:35</time>
      </trkpt>
      <trkpt lat="40.420562744141" lon="116.76718902588">
        <ele>1988.82</ele>
        <time>2026-07-10T11:54:50</time>
      </trkpt>
      <trkpt lat="40.417724609375" lon="116.75052642822">
        <ele>1912.62</ele>
        <time>2026-07-10T11:55:05</time>
      </trkpt>
      <trkpt lat="40.414928436279" lon="116.73373413086">
        <ele>1836.42</ele>
        <time>2026-07-10T11:55:20</time>
      </trkpt>
      <trkpt lat="40.412109375" lon="116.71685791016">
        <ele>1760.22</ele>
        <time>2026-07-10T11:55:35</time>
      </trkpt>
      <trkpt lat="40.409225463867" lon="116.69995117188">
        <ele>1684.02</ele>
        <time>2026-07-10T11:55:50</time>
      </trkpt>
      <trkpt lat="40.40645980835" lon="116.6837310791">
        <ele>1615.44</ele>
        <time>2026-07-10T11:56:05</time>
      </trkpt>
      <trkpt lat="40.403503417969" lon="116.66674804688">
        <ele>1569.72</ele>
        <time>2026-07-10T11:56:20</time>
      </trkpt>
      <trkpt lat="40.400497436523" lon="116.65008544922">
        <ele>1577.34</ele>
        <time>2026-07-10T11:56:34</time>
      </trkpt>
      <trkpt lat="40.397193908691" lon="116.63148498535">
        <ele>1577.34</ele>
        <time>2026-07-10T11:56:54</time>
      </trkpt>
      <trkpt lat="40.394306182861" lon="116.61512756348">
        <ele>1546.86</ele>
        <time>2026-07-10T11:57:09</time>
      </trkpt>
      <trkpt lat="40.3916015625" lon="116.59973144531">
        <ele>1478.28</ele>
        <time>2026-07-10T11:57:24</time>
      </trkpt>
      <trkpt lat="40.388809204102" lon="116.58386230469">
        <ele>1409.7</ele>
        <time>2026-07-10T11:57:39</time>
      </trkpt>
      <trkpt lat="40.385925292969" lon="116.56781005859">
        <ele>1348.74</ele>
        <time>2026-07-10T11:57:54</time>
      </trkpt>
      <trkpt lat="40.381072998047" lon="116.55291748047">
        <ele>1280.16</ele>
        <time>2026-07-10T11:58:09</time>
      </trkpt>
      <trkpt lat="40.370983123779" lon="116.54302978516">
        <ele>1264.92</ele>
        <time>2026-07-10T11:58:24</time>
      </trkpt>
      <trkpt lat="40.360279083252" lon="116.53660583496">
        <ele>1272.54</ele>
        <time>2026-07-10T11:58:39</time>
      </trkpt>
      <trkpt lat="40.34880065918" lon="116.53173828125">
        <ele>1272.54</ele>
        <time>2026-07-10T11:58:54</time>
      </trkpt>
      <trkpt lat="40.337131500244" lon="116.53386688232">
        <ele>1280.16</ele>
        <time>2026-07-10T11:59:09</time>
      </trkpt>
      <trkpt lat="40.325500488281" lon="116.53485107422">
        <ele>1272.54</ele>
        <time>2026-07-10T11:59:24</time>
      </trkpt>
      <trkpt lat="40.313461303711" lon="116.53601074219">
        <ele>1280.16</ele>
        <time>2026-07-10T11:59:39</time>
      </trkpt>
      <trkpt lat="40.301834106445" lon="116.53771972656">
        <ele>1257.3</ele>
        <time>2026-07-10T11:59:54</time>
      </trkpt>
      <trkpt lat="40.289840698242" lon="116.53979492188">
        <ele>1181.1</ele>
        <time>2026-07-10T12:00:09</time>
      </trkpt>
      <trkpt lat="40.278030395508" lon="116.54187011719">
        <ele>1112.52</ele>
        <time>2026-07-10T12:00:24</time>
      </trkpt>
      <trkpt lat="40.266242980957" lon="116.54384613037">
        <ele>1051.56</ele>
        <time>2026-07-10T12:00:39</time>
      </trkpt>
      <trkpt lat="40.254455566406" lon="116.54571533203">
        <ele>998.22</ele>
        <time>2026-07-10T12:00:54</time>
      </trkpt>
      <trkpt lat="40.242778778076" lon="116.54746246338">
        <ele>929.64</ele>
        <time>2026-07-10T12:01:09</time>
      </trkpt>
      <trkpt lat="40.231338500977" lon="116.54931640625">
        <ele>861.06</ele>
        <time>2026-07-10T12:01:24</time>
      </trkpt>
      <trkpt lat="40.220081329346" lon="116.55103302002">
        <ele>800.1</ele>
        <time>2026-07-10T12:01:39</time>
      </trkpt>
      <trkpt lat="40.209121704102" lon="116.55283355713">
        <ele>731.52</ele>
        <time>2026-07-10T12:01:54</time>
      </trkpt>
      <trkpt lat="40.198600769043" lon="116.55451965332">
        <ele>678.18</ele>
        <time>2026-07-10T12:02:09</time>
      </trkpt>
      <trkpt lat="40.18770980835" lon="116.55620574951">
        <ele>617.22</ele>
        <time>2026-07-10T12:02:24</time>
      </trkpt>
      <trkpt lat="40.176727294922" lon="116.55792236328">
        <ele>556.26</ele>
        <time>2026-07-10T12:02:39</time>
      </trkpt>
      <trkpt lat="40.165649414062" lon="116.55963134766">
        <ele>487.68</ele>
        <time>2026-07-10T12:02:54</time>
      </trkpt>
      <trkpt lat="40.155078887939" lon="116.56127929688">
        <ele>426.72</ele>
        <time>2026-07-10T12:03:09</time>
      </trkpt>
      <trkpt lat="40.143218994141" lon="116.56323242188">
        <ele>365.76</ele>
        <time>2026-07-10T12:03:24</time>
      </trkpt>
      <trkpt lat="40.132278442383" lon="116.56494140625">
        <ele>297.18</ele>
        <time>2026-07-10T12:03:39</time>
      </trkpt>
      <trkpt lat="40.121063232422" lon="116.56671142578">
        <ele>243.84</ele>
        <time>2026-07-10T12:03:54</time>
      </trkpt>
      <trkpt lat="40.109409332275" lon="116.5684967041">
        <ele>175.26</ele>
        <time>2026-07-10T12:04:09</time>
      </trkpt>
      <trkpt lat="40.074039459229" lon="116.57628631592">
        <ele>0.0</ele>
        <time>2026-07-10T12:06:59</time>
      </trkpt>
    </trkseg>
  </trk>
</gpx>