<?xml version="1.0" encoding="UTF-8"?>
<gpx xmlns="http://www.topografix.com/GPX/1/1" xmlns:xsi="http://www.w3.org/2001/XMLSchema-instance" xsi:schemaLocation="http://www.topografix.com/GPX/1/1 http://www.topografix.com/GPX/1/1/gpx.xsd" version="1.1" creator="gpx.py -- https://github.com/tkrajina/gpxpy">
  <trk>
    <name>Variflight_PN6246_20260501.csv</name>
    <trkseg>
      <trkpt lat="43.859020233154" lon="87.20149230957">
        <ele>2804.16</ele>
        <time>2026-05-01T14:21:00</time>
      </trkpt>
      <trkpt lat="43.840351104736" lon="87.190628051758">
        <ele>2903.22</ele>
        <time>2026-05-01T14:21:15</time>
      </trkpt>
      <trkpt lat="43.819618225098" lon="87.193908691406">
        <ele>3086.1</ele>
        <time>2026-05-01T14:21:30</time>
      </trkpt>
      <trkpt lat="43.803001403809" lon="87.20874786377">
        <ele>3307.08</ele>
        <time>2026-05-01T14:21:45</time>
      </trkpt>
      <trkpt lat="43.791778564453" lon="87.233551025391">
        <ele>3482.34</ele>
        <time>2026-05-01T14:22:00</time>
      </trkpt>
      <trkpt lat="43.783359527588" lon="87.258911132812">
        <ele>3573.78</ele>
        <time>2026-05-01T14:22:15</time>
      </trkpt>
      <trkpt lat="43.774188995361" lon="87.286567687988">
        <ele>3627.12</ele>
        <time>2026-05-01T14:22:30</time>
      </trkpt>
      <trkpt lat="43.765640258789" lon="87.311798095703">
        <ele>3771.9</ele>
        <time>2026-05-01T14:22:45</time>
      </trkpt>
      <trkpt lat="43.756259918213" lon="87.339141845703">
        <ele>3870.96</ele>
        <time>2026-05-01T14:23:00</time>
      </trkpt>
      <trkpt lat="43.746089935303" lon="87.368461608887">
        <ele>3939.54</ele>
        <time>2026-05-01T14:23:15</time>
      </trkpt>
      <trkpt lat="43.735691070557" lon="87.398590087891">
        <ele>4008.12</ele>
        <time>2026-05-01T14:23:30</time>
      </trkpt>
      <trkpt lat="43.725128173828" lon="87.429008483887">
        <ele>4130.04</ele>
        <time>2026-05-01T14:23:45</time>
      </trkpt>
      <trkpt lat="43.71390914917" lon="87.461387634277">
        <ele>4343.4</ele>
        <time>2026-05-01T14:24:00</time>
      </trkpt>
      <trkpt lat="43.703430175781" lon="87.491592407227">
        <ele>4518.66</ele>
        <time>2026-05-01T14:24:15</time>
      </trkpt>
      <trkpt lat="43.692440032959" lon="87.523239135742">
        <ele>4686.3</ele>
        <time>2026-05-01T14:24:30</time>
      </trkpt>
      <trkpt lat="43.681129455566" lon="87.555801391602">
        <ele>4853.94</ele>
        <time>2026-05-01T14:24:45</time>
      </trkpt>
      <trkpt lat="43.669490814209" lon="87.589286804199">
        <ele>5013.96</ele>
        <time>2026-05-01T14:25:00</time>
      </trkpt>
      <trkpt lat="43.658428192139" lon="87.621078491211">
        <ele>5189.22</ele>
        <time>2026-05-01T14:25:15</time>
      </trkpt>
      <trkpt lat="43.647258758545" lon="87.653007507324">
        <ele>5394.96</ele>
        <time>2026-05-01T14:25:30</time>
      </trkpt>
      <trkpt lat="43.635681152344" lon="87.686233520508">
        <ele>5585.46</ele>
        <time>2026-05-01T14:25:45</time>
      </trkpt>
      <trkpt lat="43.624198913574" lon="87.719161987305">
        <ele>5722.62</ele>
        <time>2026-05-01T14:26:00</time>
      </trkpt>
      <trkpt lat="43.612518310547" lon="87.752532958984">
        <ele>5844.54</ele>
        <time>2026-05-01T14:26:15</time>
      </trkpt>
      <trkpt lat="43.600658416748" lon="87.786376953125">
        <ele>5920.74</ele>
        <time>2026-05-01T14:26:30</time>
      </trkpt>
      <trkpt lat="43.588771820068" lon="87.820388793945">
        <ele>5974.08</ele>
        <time>2026-05-01T14:26:45</time>
      </trkpt>
      <trkpt lat="43.575870513916" lon="87.857078552246">
        <ele>5996.94</ele>
        <time>2026-05-01T14:27:00</time>
      </trkpt>
      <trkpt lat="43.56330871582" lon="87.892860412598">
        <ele>6057.9</ele>
        <time>2026-05-01T14:27:15</time>
      </trkpt>
      <trkpt lat="43.551128387451" lon="87.927352905273">
        <ele>6210.3</ele>
        <time>2026-05-01T14:27:30</time>
      </trkpt>
      <trkpt lat="43.537719726562" lon="87.961837768555">
        <ele>6438.9</ele>
        <time>2026-05-01T14:27:45</time>
      </trkpt>
      <trkpt lat="43.523250579834" lon="87.995948791504">
        <ele>6606.54</ele>
        <time>2026-05-01T14:28:00</time>
      </trkpt>
      <trkpt lat="43.509349822998" lon="88.028671264648">
        <ele>6758.94</ele>
        <time>2026-05-01T14:28:15</time>
      </trkpt>
      <trkpt lat="43.495239257812" lon="88.061996459961">
        <ele>6896.1</ele>
        <time>2026-05-01T14:28:30</time>
      </trkpt>
      <trkpt lat="43.48099899292" lon="88.095443725586">
        <ele>7025.64</ele>
        <time>2026-05-01T14:28:45</time>
      </trkpt>
      <trkpt lat="43.466129302979" lon="88.130470275879">
        <ele>7155.18</ele>
        <time>2026-05-01T14:29:00</time>
      </trkpt>
      <trkpt lat="43.452121734619" lon="88.163177490234">
        <ele>7269.48</ele>
        <time>2026-05-01T14:29:15</time>
      </trkpt>
      <trkpt lat="43.437698364258" lon="88.196960449219">
        <ele>7391.4</ele>
        <time>2026-05-01T14:29:30</time>
      </trkpt>
      <trkpt lat="43.422908782959" lon="88.231582641602">
        <ele>7513.32</ele>
        <time>2026-05-01T14:29:45</time>
      </trkpt>
      <trkpt lat="43.408359527588" lon="88.265571594238">
        <ele>7642.86</ele>
        <time>2026-05-01T14:30:00</time>
      </trkpt>
      <trkpt lat="43.393760681152" lon="88.299728393555">
        <ele>7757.16</ele>
        <time>2026-05-01T14:30:15</time>
      </trkpt>
      <trkpt lat="43.379238128662" lon="88.333587646484">
        <ele>7856.22</ele>
        <time>2026-05-01T14:30:30</time>
      </trkpt>
      <trkpt lat="43.364009857178" lon="88.368988037109">
        <ele>7970.52</ele>
        <time>2026-05-01T14:30:45</time>
      </trkpt>
      <trkpt lat="43.348751068115" lon="88.404426574707">
        <ele>8061.96</ele>
        <time>2026-05-01T14:31:00</time>
      </trkpt>
      <trkpt lat="43.334129333496" lon="88.438438415527">
        <ele>8161.02</ele>
        <time>2026-05-01T14:31:15</time>
      </trkpt>
      <trkpt lat="43.319049835205" lon="88.473487854004">
        <ele>8237.22</ele>
        <time>2026-05-01T14:31:30</time>
      </trkpt>
      <trkpt lat="43.303398132324" lon="88.509719848633">
        <ele>8343.9</ele>
        <time>2026-05-01T14:31:45</time>
      </trkpt>
      <trkpt lat="43.287948608398" lon="88.545486450195">
        <ele>8481.06</ele>
        <time>2026-05-01T14:32:00</time>
      </trkpt>
      <trkpt lat="43.272811889648" lon="88.580459594727">
        <ele>8625.84</ele>
        <time>2026-05-01T14:32:15</time>
      </trkpt>
      <trkpt lat="43.257518768311" lon="88.61572265625">
        <ele>8763.0</ele>
        <time>2026-05-01T14:32:30</time>
      </trkpt>
      <trkpt lat="43.241718292236" lon="88.652153015137">
        <ele>8892.54</ele>
        <time>2026-05-01T14:32:45</time>
      </trkpt>
      <trkpt lat="43.230178833008" lon="88.678703308105">
        <ele>9006.84</ele>
        <time>2026-05-01T14:32:59</time>
      </trkpt>
      <trkpt lat="43.214771270752" lon="88.714088439941">
        <ele>9151.62</ele>
        <time>2026-05-01T14:33:14</time>
      </trkpt>
      <trkpt lat="43.19974899292" lon="88.748580932617">
        <ele>9265.92</ele>
        <time>2026-05-01T14:33:28</time>
      </trkpt>
      <trkpt lat="43.184089660645" lon="88.784507751465">
        <ele>9372.6</ele>
        <time>2026-05-01T14:33:43</time>
      </trkpt>
      <trkpt lat="43.169658660889" lon="88.817657470703">
        <ele>9494.52</ele>
        <time>2026-05-01T14:33:58</time>
      </trkpt>
      <trkpt lat="43.154529571533" lon="88.852249145508">
        <ele>9593.58</ele>
        <time>2026-05-01T14:34:13</time>
      </trkpt>
      <trkpt lat="43.1393699646" lon="88.887062072754">
        <ele>9685.02</ele>
        <time>2026-05-01T14:34:28</time>
      </trkpt>
      <trkpt lat="43.122711181641" lon="88.925186157227">
        <ele>9768.84</ele>
        <time>2026-05-01T14:34:43</time>
      </trkpt>
      <trkpt lat="43.102249145508" lon="88.971946716309">
        <ele>9875.52</ele>
        <time>2026-05-01T14:35:08</time>
      </trkpt>
      <trkpt lat="43.086868286133" lon="89.006889343262">
        <ele>9959.34</ele>
        <time>2026-05-01T14:35:23</time>
      </trkpt>
      <trkpt lat="43.071620941162" lon="89.041511535645">
        <ele>10043.16</ele>
        <time>2026-05-01T14:35:38</time>
      </trkpt>
      <trkpt lat="43.055240631104" lon="89.078681945801">
        <ele>10126.98</ele>
        <time>2026-05-01T14:35:53</time>
      </trkpt>
      <trkpt lat="43.0400390625" lon="89.113243103027">
        <ele>10187.94</ele>
        <time>2026-05-01T14:36:08</time>
      </trkpt>
      <trkpt lat="43.023059844971" lon="89.149841308594">
        <ele>10264.14</ele>
        <time>2026-05-01T14:36:23</time>
      </trkpt>
      <trkpt lat="43.005661010742" lon="89.185028076172">
        <ele>10325.1</ele>
        <time>2026-05-01T14:36:37</time>
      </trkpt>
      <trkpt lat="42.988288879395" lon="89.22029876709">
        <ele>10363.2</ele>
        <time>2026-05-01T14:36:52</time>
      </trkpt>
      <trkpt lat="42.970638275146" lon="89.256118774414">
        <ele>10393.68</ele>
        <time>2026-05-01T14:37:07</time>
      </trkpt>
      <trkpt lat="42.953941345215" lon="89.289810180664">
        <ele>10424.16</ele>
        <time>2026-05-01T14:37:22</time>
      </trkpt>
      <trkpt lat="42.937271118164" lon="89.323570251465">
        <ele>10469.88</ele>
        <time>2026-05-01T14:37:37</time>
      </trkpt>
      <trkpt lat="42.924091339111" lon="89.350212097168">
        <ele>10515.6</ele>
        <time>2026-05-01T14:37:51</time>
      </trkpt>
      <trkpt lat="42.907428741455" lon="89.383720397949">
        <ele>10561.32</ele>
        <time>2026-05-01T14:38:06</time>
      </trkpt>
      <trkpt lat="42.888660430908" lon="89.421562194824">
        <ele>10622.28</ele>
        <time>2026-05-01T14:38:20</time>
      </trkpt>
      <trkpt lat="42.869720458984" lon="89.459449768066">
        <ele>10698.48</ele>
        <time>2026-05-01T14:38:35</time>
      </trkpt>
      <trkpt lat="42.850521087646" lon="89.497817993164">
        <ele>10782.3</ele>
        <time>2026-05-01T14:38:55</time>
      </trkpt>
      <trkpt lat="42.833309173584" lon="89.532249450684">
        <ele>10820.4</ele>
        <time>2026-05-01T14:39:10</time>
      </trkpt>
      <trkpt lat="42.814640045166" lon="89.569679260254">
        <ele>10843.26</ele>
        <time>2026-05-01T14:39:24</time>
      </trkpt>
      <trkpt lat="42.797470092773" lon="89.604118347168">
        <ele>10873.74</ele>
        <time>2026-05-01T14:39:39</time>
      </trkpt>
      <trkpt lat="42.778240203857" lon="89.642631530762">
        <ele>10904.22</ele>
        <time>2026-05-01T14:39:58</time>
      </trkpt>
      <trkpt lat="42.757579803467" lon="89.683631896973">
        <ele>10942.32</ele>
        <time>2026-05-01T14:40:13</time>
      </trkpt>
      <trkpt lat="42.740711212158" lon="89.717346191406">
        <ele>10965.18</ele>
        <time>2026-05-01T14:40:28</time>
      </trkpt>
      <trkpt lat="42.721069335938" lon="89.755989074707">
        <ele>11041.38</ele>
        <time>2026-05-01T14:40:42</time>
      </trkpt>
      <trkpt lat="42.69580078125" lon="89.803619384766">
        <ele>11079.48</ele>
        <time>2026-05-01T14:41:07</time>
      </trkpt>
      <trkpt lat="42.673599243164" lon="89.845359802246">
        <ele>11102.34</ele>
        <time>2026-05-01T14:41:22</time>
      </trkpt>
      <trkpt lat="42.654281616211" lon="89.881507873535">
        <ele>11125.2</ele>
        <time>2026-05-01T14:41:37</time>
      </trkpt>
      <trkpt lat="42.634140014648" lon="89.919410705566">
        <ele>11155.68</ele>
        <time>2026-05-01T14:41:52</time>
      </trkpt>
      <trkpt lat="42.614818572998" lon="89.955871582031">
        <ele>11193.78</ele>
        <time>2026-05-01T14:42:07</time>
      </trkpt>
      <trkpt lat="42.589050292969" lon="90.003997802734">
        <ele>11247.12</ele>
        <time>2026-05-01T14:42:32</time>
      </trkpt>
      <trkpt lat="42.570068359375" lon="90.039543151855">
        <ele>11285.22</ele>
        <time>2026-05-01T14:42:46</time>
      </trkpt>
      <trkpt lat="42.550750732422" lon="90.075881958008">
        <ele>11308.08</ele>
        <time>2026-05-01T14:43:00</time>
      </trkpt>
      <trkpt lat="42.531421661377" lon="90.112106323242">
        <ele>11308.08</ele>
        <time>2026-05-01T14:43:15</time>
      </trkpt>
      <trkpt lat="42.511730194092" lon="90.149002075195">
        <ele>11308.08</ele>
        <time>2026-05-01T14:43:30</time>
      </trkpt>
      <trkpt lat="42.492740631104" lon="90.184463500977">
        <ele>11308.08</ele>
        <time>2026-05-01T14:43:45</time>
      </trkpt>
      <trkpt lat="42.472869873047" lon="90.221580505371">
        <ele>11308.08</ele>
        <time>2026-05-01T14:44:00</time>
      </trkpt>
      <trkpt lat="42.4541015625" lon="90.256576538086">
        <ele>11308.08</ele>
        <time>2026-05-01T14:44:15</time>
      </trkpt>
      <trkpt lat="42.434410095215" lon="90.293251037598">
        <ele>11308.08</ele>
        <time>2026-05-01T14:44:30</time>
      </trkpt>
      <trkpt lat="42.410610198975" lon="90.337463378906">
        <ele>11308.08</ele>
        <time>2026-05-01T14:44:50</time>
      </trkpt>
      <trkpt lat="42.389400482178" lon="90.376731872559">
        <ele>11308.08</ele>
        <time>2026-05-01T14:45:08</time>
      </trkpt>
      <trkpt lat="42.357040405273" lon="90.436828613281">
        <ele>11315.7</ele>
        <time>2026-05-01T14:45:33</time>
      </trkpt>
      <trkpt lat="42.338928222656" lon="90.470428466797">
        <ele>11315.7</ele>
        <time>2026-05-01T14:45:47</time>
      </trkpt>
      <trkpt lat="42.306198120117" lon="90.534088134766">
        <ele>11315.7</ele>
        <time>2026-05-01T14:46:09</time>
      </trkpt>
      <trkpt lat="42.286239624023" lon="90.575531005859">
        <ele>11323.32</ele>
        <time>2026-05-01T14:46:28</time>
      </trkpt>
      <trkpt lat="42.268520355225" lon="90.612182617188">
        <ele>11323.32</ele>
        <time>2026-05-01T14:46:43</time>
      </trkpt>
      <trkpt lat="42.255798339844" lon="90.638519287109">
        <ele>11323.32</ele>
        <time>2026-05-01T14:46:54</time>
      </trkpt>
      <trkpt lat="42.22380065918" lon="90.704811096191">
        <ele>11315.7</ele>
        <time>2026-05-01T14:47:21</time>
      </trkpt>
      <trkpt lat="42.205558776855" lon="90.742790222168">
        <ele>11308.08</ele>
        <time>2026-05-01T14:47:37</time>
      </trkpt>
      <trkpt lat="42.17435836792" lon="90.807060241699">
        <ele>11308.08</ele>
        <time>2026-05-01T14:48:03</time>
      </trkpt>
      <trkpt lat="42.148578643799" lon="90.860000610352">
        <ele>11308.08</ele>
        <time>2026-05-01T14:48:22</time>
      </trkpt>
      <trkpt lat="42.128681182861" lon="90.900939941406">
        <ele>11308.08</ele>
        <time>2026-05-01T14:48:36</time>
      </trkpt>
      <trkpt lat="42.111289978027" lon="90.936653137207">
        <ele>11308.08</ele>
        <time>2026-05-01T14:48:51</time>
      </trkpt>
      <trkpt lat="42.093021392822" lon="90.974098205566">
        <ele>11308.08</ele>
        <time>2026-05-01T14:49:06</time>
      </trkpt>
      <trkpt lat="42.079471588135" lon="91.001937866211">
        <ele>11308.08</ele>
        <time>2026-05-01T14:49:19</time>
      </trkpt>
      <trkpt lat="42.061199188232" lon="91.039138793945">
        <ele>11308.08</ele>
        <time>2026-05-01T14:49:35</time>
      </trkpt>
      <trkpt lat="42.041061401367" lon="91.079467773438">
        <ele>11300.46</ele>
        <time>2026-05-01T14:49:52</time>
      </trkpt>
      <trkpt lat="42.018188476562" lon="91.122520446777">
        <ele>11292.84</ele>
        <time>2026-05-01T14:50:11</time>
      </trkpt>
      <trkpt lat="41.997051239014" lon="91.162063598633">
        <ele>11300.46</ele>
        <time>2026-05-01T14:50:26</time>
      </trkpt>
      <trkpt lat="41.976341247559" lon="91.201019287109">
        <ele>11292.84</ele>
        <time>2026-05-01T14:50:40</time>
      </trkpt>
      <trkpt lat="41.957790374756" lon="91.236343383789">
        <ele>11292.84</ele>
        <time>2026-05-01T14:50:55</time>
      </trkpt>
      <trkpt lat="41.942779541016" lon="91.264801025391">
        <ele>11292.84</ele>
        <time>2026-05-01T14:51:10</time>
      </trkpt>
      <trkpt lat="41.922908782959" lon="91.302322387695">
        <ele>11292.84</ele>
        <time>2026-05-01T14:51:25</time>
      </trkpt>
      <trkpt lat="41.904510498047" lon="91.337089538574">
        <ele>11308.08</ele>
        <time>2026-05-01T14:51:39</time>
      </trkpt>
      <trkpt lat="41.884071350098" lon="91.375396728516">
        <ele>11308.08</ele>
        <time>2026-05-01T14:51:54</time>
      </trkpt>
      <trkpt lat="41.857315063477" lon="91.425415039062">
        <ele>11308.08</ele>
        <time>2026-05-01T14:52:19</time>
      </trkpt>
      <trkpt lat="41.838409423828" lon="91.460868835449">
        <ele>11308.08</ele>
        <time>2026-05-01T14:52:34</time>
      </trkpt>
      <trkpt lat="41.818084716797" lon="91.49925994873">
        <ele>11308.08</ele>
        <time>2026-05-01T14:52:49</time>
      </trkpt>
      <trkpt lat="41.798973083496" lon="91.535339355469">
        <ele>11308.08</ele>
        <time>2026-05-01T14:53:04</time>
      </trkpt>
      <trkpt lat="41.777889251709" lon="91.57479095459">
        <ele>11308.08</ele>
        <time>2026-05-01T14:53:19</time>
      </trkpt>
      <trkpt lat="41.762008666992" lon="91.604446411133">
        <ele>11308.08</ele>
        <time>2026-05-01T14:53:32</time>
      </trkpt>
      <trkpt lat="41.733428955078" lon="91.657791137695">
        <ele>11308.08</ele>
        <time>2026-05-01T14:53:51</time>
      </trkpt>
      <trkpt lat="41.717739105225" lon="91.687088012695">
        <ele>11308.08</ele>
        <time>2026-05-01T14:54:04</time>
      </trkpt>
      <trkpt lat="41.696559906006" lon="91.726509094238">
        <ele>11308.08</ele>
        <time>2026-05-01T14:54:19</time>
      </trkpt>
      <trkpt lat="41.681621551514" lon="91.754302978516">
        <ele>11308.08</ele>
        <time>2026-05-01T14:54:33</time>
      </trkpt>
      <trkpt lat="41.660995483398" lon="91.792495727539">
        <ele>11308.08</ele>
        <time>2026-05-01T14:54:47</time>
      </trkpt>
      <trkpt lat="41.642002105713" lon="91.827758789062">
        <ele>11308.08</ele>
        <time>2026-05-01T14:55:02</time>
      </trkpt>
      <trkpt lat="41.622501373291" lon="91.865699768066">
        <ele>11308.08</ele>
        <time>2026-05-01T14:55:16</time>
      </trkpt>
      <trkpt lat="41.603221893311" lon="91.90599822998">
        <ele>11300.46</ele>
        <time>2026-05-01T14:55:35</time>
      </trkpt>
      <trkpt lat="41.585311889648" lon="91.943397521973">
        <ele>11300.46</ele>
        <time>2026-05-01T14:55:50</time>
      </trkpt>
      <trkpt lat="41.567241668701" lon="91.980987548828">
        <ele>11300.46</ele>
        <time>2026-05-01T14:56:05</time>
      </trkpt>
      <trkpt lat="41.549011230469" lon="92.018737792969">
        <ele>11308.08</ele>
        <time>2026-05-01T14:56:20</time>
      </trkpt>
      <trkpt lat="41.530841827393" lon="92.056381225586">
        <ele>11308.08</ele>
        <time>2026-05-01T14:56:35</time>
      </trkpt>
      <trkpt lat="41.508270263672" lon="92.103256225586">
        <ele>11308.08</ele>
        <time>2026-05-01T14:56:54</time>
      </trkpt>
      <trkpt lat="41.489730834961" lon="92.141632080078">
        <ele>11315.7</ele>
        <time>2026-05-01T14:57:09</time>
      </trkpt>
      <trkpt lat="41.471340179443" lon="92.179702758789">
        <ele>11308.08</ele>
        <time>2026-05-01T14:57:24</time>
      </trkpt>
      <trkpt lat="41.453609466553" lon="92.216300964355">
        <ele>11308.08</ele>
        <time>2026-05-01T14:57:39</time>
      </trkpt>
      <trkpt lat="41.435260772705" lon="92.25431060791">
        <ele>11308.08</ele>
        <time>2026-05-01T14:57:54</time>
      </trkpt>
      <trkpt lat="41.416988372803" lon="92.292022705078">
        <ele>11315.7</ele>
        <time>2026-05-01T14:58:09</time>
      </trkpt>
      <trkpt lat="41.398769378662" lon="92.329536437988">
        <ele>11308.08</ele>
        <time>2026-05-01T14:58:24</time>
      </trkpt>
      <trkpt lat="41.379459381104" lon="92.369018554688">
        <ele>11300.46</ele>
        <time>2026-05-01T14:58:39</time>
      </trkpt>
      <trkpt lat="41.359039306641" lon="92.410766601562">
        <ele>11292.84</ele>
        <time>2026-05-01T14:58:54</time>
      </trkpt>
      <trkpt lat="41.340320587158" lon="92.449096679688">
        <ele>11292.84</ele>
        <time>2026-05-01T14:59:09</time>
      </trkpt>
      <trkpt lat="41.322738647461" lon="92.484992980957">
        <ele>11292.84</ele>
        <time>2026-05-01T14:59:24</time>
      </trkpt>
      <trkpt lat="41.308822631836" lon="92.513427734375">
        <ele>11292.84</ele>
        <time>2026-05-01T14:59:38</time>
      </trkpt>
      <trkpt lat="41.289779663086" lon="92.552490234375">
        <ele>11292.84</ele>
        <time>2026-05-01T14:59:53</time>
      </trkpt>
      <trkpt lat="41.274768829346" lon="92.583312988281">
        <ele>11300.46</ele>
        <time>2026-05-01T15:00:04</time>
      </trkpt>
      <trkpt lat="41.256500244141" lon="92.620666503906">
        <ele>11308.08</ele>
        <time>2026-05-01T15:00:18</time>
      </trkpt>
      <trkpt lat="41.241580963135" lon="92.651000976562">
        <ele>11315.7</ele>
        <time>2026-05-01T15:00:33</time>
      </trkpt>
      <trkpt lat="41.223178863525" lon="92.688293457031">
        <ele>11323.32</ele>
        <time>2026-05-01T15:00:48</time>
      </trkpt>
      <trkpt lat="41.203769683838" lon="92.727912902832">
        <ele>11315.7</ele>
        <time>2026-05-01T15:01:03</time>
      </trkpt>
      <trkpt lat="41.184860229492" lon="92.766166687012">
        <ele>11308.08</ele>
        <time>2026-05-01T15:01:18</time>
      </trkpt>
      <trkpt lat="41.165863037109" lon="92.804626464844">
        <ele>11308.08</ele>
        <time>2026-05-01T15:01:35</time>
      </trkpt>
      <trkpt lat="41.147571563721" lon="92.84171295166">
        <ele>11308.08</ele>
        <time>2026-05-01T15:01:50</time>
      </trkpt>
      <trkpt lat="41.128688812256" lon="92.879821777344">
        <ele>11308.08</ele>
        <time>2026-05-01T15:02:05</time>
      </trkpt>
      <trkpt lat="41.110466003418" lon="92.916618347168">
        <ele>11308.08</ele>
        <time>2026-05-01T15:02:20</time>
      </trkpt>
      <trkpt lat="41.091930389404" lon="92.9541015625">
        <ele>11308.08</ele>
        <time>2026-05-01T15:02:35</time>
      </trkpt>
      <trkpt lat="41.071876525879" lon="92.994270324707">
        <ele>11308.08</ele>
        <time>2026-05-01T15:02:50</time>
      </trkpt>
      <trkpt lat="41.053207397461" lon="93.031799316406">
        <ele>11308.08</ele>
        <time>2026-05-01T15:03:04</time>
      </trkpt>
      <trkpt lat="41.031929016113" lon="93.074546813965">
        <ele>11308.08</ele>
        <time>2026-05-01T15:03:23</time>
      </trkpt>
      <trkpt lat="41.013450622559" lon="93.111572265625">
        <ele>11300.46</ele>
        <time>2026-05-01T15:03:37</time>
      </trkpt>
      <trkpt lat="40.995059967041" lon="93.148391723633">
        <ele>11292.84</ele>
        <time>2026-05-01T15:03:52</time>
      </trkpt>
      <trkpt lat="40.975093841553" lon="93.188407897949">
        <ele>11300.46</ele>
        <time>2026-05-01T15:04:06</time>
      </trkpt>
      <trkpt lat="40.956665039062" lon="93.225341796875">
        <ele>11300.46</ele>
        <time>2026-05-01T15:04:21</time>
      </trkpt>
      <trkpt lat="40.936458587646" lon="93.265747070312">
        <ele>11300.46</ele>
        <time>2026-05-01T15:04:40</time>
      </trkpt>
      <trkpt lat="40.917850494385" lon="93.302856445312">
        <ele>11300.46</ele>
        <time>2026-05-01T15:04:55</time>
      </trkpt>
      <trkpt lat="40.898025512695" lon="93.342346191406">
        <ele>11308.08</ele>
        <time>2026-05-01T15:05:10</time>
      </trkpt>
      <trkpt lat="40.879169464111" lon="93.379760742188">
        <ele>11308.08</ele>
        <time>2026-05-01T15:05:25</time>
      </trkpt>
      <trkpt lat="40.860401153564" lon="93.4169921875">
        <ele>11308.08</ele>
        <time>2026-05-01T15:05:40</time>
      </trkpt>
      <trkpt lat="40.841808319092" lon="93.453918457031">
        <ele>11308.08</ele>
        <time>2026-05-01T15:05:55</time>
      </trkpt>
      <trkpt lat="40.823425292969" lon="93.49040222168">
        <ele>11308.08</ele>
        <time>2026-05-01T15:06:10</time>
      </trkpt>
      <trkpt lat="40.80419921875" lon="93.528419494629">
        <ele>11315.7</ele>
        <time>2026-05-01T15:06:24</time>
      </trkpt>
      <trkpt lat="40.785369873047" lon="93.565612792969">
        <ele>11315.7</ele>
        <time>2026-05-01T15:06:38</time>
      </trkpt>
      <trkpt lat="40.766651153564" lon="93.602226257324">
        <ele>11315.7</ele>
        <time>2026-05-01T15:06:53</time>
      </trkpt>
      <trkpt lat="40.745040893555" lon="93.640930175781">
        <ele>11315.7</ele>
        <time>2026-05-01T15:07:12</time>
      </trkpt>
      <trkpt lat="40.724720001221" lon="93.674797058105">
        <ele>11315.7</ele>
        <time>2026-05-01T15:07:26</time>
      </trkpt>
      <trkpt lat="40.702381134033" lon="93.711906433105">
        <ele>11308.08</ele>
        <time>2026-05-01T15:07:40</time>
      </trkpt>
      <trkpt lat="40.681461334229" lon="93.746772766113">
        <ele>11308.08</ele>
        <time>2026-05-01T15:07:55</time>
      </trkpt>
      <trkpt lat="40.659938812256" lon="93.782470703125">
        <ele>11300.46</ele>
        <time>2026-05-01T15:08:10</time>
      </trkpt>
      <trkpt lat="40.638980865479" lon="93.817199707031">
        <ele>11300.46</ele>
        <time>2026-05-01T15:08:25</time>
      </trkpt>
      <trkpt lat="40.61828994751" lon="93.851440429688">
        <ele>11308.08</ele>
        <time>2026-05-01T15:08:40</time>
      </trkpt>
      <trkpt lat="40.588809967041" lon="93.900093078613">
        <ele>11300.46</ele>
        <time>2026-05-01T15:09:05</time>
      </trkpt>
      <trkpt lat="40.567855834961" lon="93.934730529785">
        <ele>11308.08</ele>
        <time>2026-05-01T15:09:20</time>
      </trkpt>
      <trkpt lat="40.546649932861" lon="93.969848632812">
        <ele>11308.08</ele>
        <time>2026-05-01T15:09:35</time>
      </trkpt>
      <trkpt lat="40.526092529297" lon="94.003723144531">
        <ele>11308.08</ele>
        <time>2026-05-01T15:09:50</time>
      </trkpt>
      <trkpt lat="40.504943847656" lon="94.038391113281">
        <ele>11300.46</ele>
        <time>2026-05-01T15:10:04</time>
      </trkpt>
      <trkpt lat="40.48205947876" lon="94.076049804688">
        <ele>11308.08</ele>
        <time>2026-05-01T15:10:19</time>
      </trkpt>
      <trkpt lat="40.460784912109" lon="94.110946655273">
        <ele>11315.7</ele>
        <time>2026-05-01T15:10:32</time>
      </trkpt>
      <trkpt lat="40.43851852417" lon="94.147399902344">
        <ele>11308.08</ele>
        <time>2026-05-01T15:10:51</time>
      </trkpt>
      <trkpt lat="40.416839599609" lon="94.182922363281">
        <ele>11308.08</ele>
        <time>2026-05-01T15:11:05</time>
      </trkpt>
      <trkpt lat="40.395584106445" lon="94.217529296875">
        <ele>11300.46</ele>
        <time>2026-05-01T15:11:19</time>
      </trkpt>
      <trkpt lat="40.374340057373" lon="94.252082824707">
        <ele>11300.46</ele>
        <time>2026-05-01T15:11:34</time>
      </trkpt>
      <trkpt lat="40.352920532227" lon="94.286918640137">
        <ele>11308.08</ele>
        <time>2026-05-01T15:11:49</time>
      </trkpt>
      <trkpt lat="40.331741333008" lon="94.321502685547">
        <ele>11308.08</ele>
        <time>2026-05-01T15:12:04</time>
      </trkpt>
      <trkpt lat="40.310890197754" lon="94.355331420898">
        <ele>11308.08</ele>
        <time>2026-05-01T15:12:19</time>
      </trkpt>
      <trkpt lat="40.288280487061" lon="94.392028808594">
        <ele>11308.08</ele>
        <time>2026-05-01T15:12:37</time>
      </trkpt>
      <trkpt lat="40.267360687256" lon="94.425987243652">
        <ele>11308.08</ele>
        <time>2026-05-01T15:12:52</time>
      </trkpt>
      <trkpt lat="40.24654006958" lon="94.459663391113">
        <ele>11308.08</ele>
        <time>2026-05-01T15:13:07</time>
      </trkpt>
      <trkpt lat="40.224430084229" lon="94.495422363281">
        <ele>11308.08</ele>
        <time>2026-05-01T15:13:22</time>
      </trkpt>
      <trkpt lat="40.204509735107" lon="94.527679443359">
        <ele>11308.08</ele>
        <time>2026-05-01T15:13:37</time>
      </trkpt>
      <trkpt lat="40.182678222656" lon="94.56307220459">
        <ele>11308.08</ele>
        <time>2026-05-01T15:13:52</time>
      </trkpt>
      <trkpt lat="40.15991973877" lon="94.599838256836">
        <ele>11308.08</ele>
        <time>2026-05-01T15:14:10</time>
      </trkpt>
      <trkpt lat="40.13996887207" lon="94.632446289062">
        <ele>11308.08</ele>
        <time>2026-05-01T15:14:25</time>
      </trkpt>
      <trkpt lat="40.126258850098" lon="94.656463623047">
        <ele>11308.08</ele>
        <time>2026-05-01T15:14:36</time>
      </trkpt>
      <trkpt lat="40.096050262451" lon="94.716567993164">
        <ele>11308.08</ele>
        <time>2026-05-01T15:14:57</time>
      </trkpt>
      <trkpt lat="40.077388763428" lon="94.760131835938">
        <ele>11308.08</ele>
        <time>2026-05-01T15:15:17</time>
      </trkpt>
      <trkpt lat="40.062530517578" lon="94.799217224121">
        <ele>11308.08</ele>
        <time>2026-05-01T15:15:31</time>
      </trkpt>
      <trkpt lat="40.046173095703" lon="94.842651367188">
        <ele>11308.08</ele>
        <time>2026-05-01T15:15:49</time>
      </trkpt>
      <trkpt lat="40.031108856201" lon="94.882797241211">
        <ele>11308.08</ele>
        <time>2026-05-01T15:16:03</time>
      </trkpt>
      <trkpt lat="40.015869140625" lon="94.923217773438">
        <ele>11308.08</ele>
        <time>2026-05-01T15:16:17</time>
      </trkpt>
      <trkpt lat="40.000030517578" lon="94.965209960938">
        <ele>11308.08</ele>
        <time>2026-05-01T15:16:32</time>
      </trkpt>
      <trkpt lat="39.985290527344" lon="95.004272460938">
        <ele>11323.32</ele>
        <time>2026-05-01T15:16:47</time>
      </trkpt>
      <trkpt lat="39.973617553711" lon="95.035095214844">
        <ele>11323.32</ele>
        <time>2026-05-01T15:17:01</time>
      </trkpt>
      <trkpt lat="39.958393096924" lon="95.075370788574">
        <ele>11323.32</ele>
        <time>2026-05-01T15:17:16</time>
      </trkpt>
      <trkpt lat="39.944988250732" lon="95.110450744629">
        <ele>11323.32</ele>
        <time>2026-05-01T15:17:28</time>
      </trkpt>
      <trkpt lat="39.928119659424" lon="95.154846191406">
        <ele>11323.32</ele>
        <time>2026-05-01T15:17:47</time>
      </trkpt>
      <trkpt lat="39.913238525391" lon="95.194091796875">
        <ele>11323.32</ele>
        <time>2026-05-01T15:18:00</time>
      </trkpt>
      <trkpt lat="39.896991729736" lon="95.236877441406">
        <ele>11323.32</ele>
        <time>2026-05-01T15:18:15</time>
      </trkpt>
      <trkpt lat="39.885025024414" lon="95.268432617188">
        <ele>11315.7</ele>
        <time>2026-05-01T15:18:29</time>
      </trkpt>
      <trkpt lat="39.869110107422" lon="95.310302734375">
        <ele>11300.46</ele>
        <time>2026-05-01T15:18:44</time>
      </trkpt>
      <trkpt lat="39.858074188232" lon="95.339233398438">
        <ele>11300.46</ele>
        <time>2026-05-01T15:18:57</time>
      </trkpt>
      <trkpt lat="39.843181610107" lon="95.378227233887">
        <ele>11292.84</ele>
        <time>2026-05-01T15:19:12</time>
      </trkpt>
      <trkpt lat="39.828277587891" lon="95.417053222656">
        <ele>11292.84</ele>
        <time>2026-05-01T15:19:26</time>
      </trkpt>
      <trkpt lat="39.813663482666" lon="95.455444335938">
        <ele>11292.84</ele>
        <time>2026-05-01T15:19:41</time>
      </trkpt>
      <trkpt lat="39.795269012451" lon="95.503479003906">
        <ele>11292.84</ele>
        <time>2026-05-01T15:19:58</time>
      </trkpt>
      <trkpt lat="39.780395507812" lon="95.54224395752">
        <ele>11300.46</ele>
        <time>2026-05-01T15:20:12</time>
      </trkpt>
      <trkpt lat="39.76594543457" lon="95.580078125">
        <ele>11308.08</ele>
        <time>2026-05-01T15:20:27</time>
      </trkpt>
      <trkpt lat="39.748538970947" lon="95.625961303711">
        <ele>11308.08</ele>
        <time>2026-05-01T15:20:42</time>
      </trkpt>
      <trkpt lat="39.732280731201" lon="95.668411254883">
        <ele>11308.08</ele>
        <time>2026-05-01T15:21:00</time>
      </trkpt>
      <trkpt lat="39.717220306396" lon="95.707397460938">
        <ele>11315.7</ele>
        <time>2026-05-01T15:21:15</time>
      </trkpt>
      <trkpt lat="39.70193862915" lon="95.747009277344">
        <ele>11308.08</ele>
        <time>2026-05-01T15:21:30</time>
      </trkpt>
      <trkpt lat="39.686458587646" lon="95.786926269531">
        <ele>11308.08</ele>
        <time>2026-05-01T15:21:45</time>
      </trkpt>
      <trkpt lat="39.670928955078" lon="95.826972961426">
        <ele>11315.7</ele>
        <time>2026-05-01T15:22:00</time>
      </trkpt>
      <trkpt lat="39.655429840088" lon="95.86669921875">
        <ele>11330.94</ele>
        <time>2026-05-01T15:22:14</time>
      </trkpt>
      <trkpt lat="39.638248443604" lon="95.910827636719">
        <ele>11323.32</ele>
        <time>2026-05-01T15:22:29</time>
      </trkpt>
      <trkpt lat="39.625438690186" lon="95.943717956543">
        <ele>11323.32</ele>
        <time>2026-05-01T15:22:43</time>
      </trkpt>
      <trkpt lat="39.609149932861" lon="95.985641479492">
        <ele>11323.32</ele>
        <time>2026-05-01T15:22:57</time>
      </trkpt>
      <trkpt lat="39.5940284729" lon="96.024406433105">
        <ele>11315.7</ele>
        <time>2026-05-01T15:23:12</time>
      </trkpt>
      <trkpt lat="39.572570800781" lon="96.079650878906">
        <ele>11308.08</ele>
        <time>2026-05-01T15:23:37</time>
      </trkpt>
      <trkpt lat="39.555770874023" lon="96.122848510742">
        <ele>11308.08</ele>
        <time>2026-05-01T15:23:52</time>
      </trkpt>
      <trkpt lat="39.540851593018" lon="96.161117553711">
        <ele>11308.08</ele>
        <time>2026-05-01T15:24:06</time>
      </trkpt>
      <trkpt lat="39.523818969727" lon="96.204170227051">
        <ele>11308.08</ele>
        <time>2026-05-01T15:24:21</time>
      </trkpt>
      <trkpt lat="39.507751464844" lon="96.245071411133">
        <ele>11308.08</ele>
        <time>2026-05-01T15:24:36</time>
      </trkpt>
      <trkpt lat="39.492370605469" lon="96.284057617188">
        <ele>11308.08</ele>
        <time>2026-05-01T15:24:51</time>
      </trkpt>
      <trkpt lat="39.477081298828" lon="96.322570800781">
        <ele>11315.7</ele>
        <time>2026-05-01T15:25:06</time>
      </trkpt>
      <trkpt lat="39.44681930542" lon="96.398880004883">
        <ele>11315.7</ele>
        <time>2026-05-01T15:25:39</time>
      </trkpt>
      <trkpt lat="39.436538696289" lon="96.424682617188">
        <ele>11308.08</ele>
        <time>2026-05-01T15:25:50</time>
      </trkpt>
      <trkpt lat="39.419971466064" lon="96.466369628906">
        <ele>11300.46</ele>
        <time>2026-05-01T15:26:04</time>
      </trkpt>
      <trkpt lat="39.403930664062" lon="96.506591796875">
        <ele>11300.46</ele>
        <time>2026-05-01T15:26:18</time>
      </trkpt>
      <trkpt lat="39.388500213623" lon="96.545280456543">
        <ele>11308.08</ele>
        <time>2026-05-01T15:26:33</time>
      </trkpt>
      <trkpt lat="39.37239074707" lon="96.585693359375">
        <ele>11308.08</ele>
        <time>2026-05-01T15:26:52</time>
      </trkpt>
      <trkpt lat="39.357120513916" lon="96.623657226562">
        <ele>11300.46</ele>
        <time>2026-05-01T15:27:05</time>
      </trkpt>
      <trkpt lat="39.340671539307" lon="96.664817810059">
        <ele>11300.46</ele>
        <time>2026-05-01T15:27:20</time>
      </trkpt>
      <trkpt lat="39.324440002441" lon="96.705383300781">
        <ele>11292.84</ele>
        <time>2026-05-01T15:27:39</time>
      </trkpt>
      <trkpt lat="39.30936050415" lon="96.742980957031">
        <ele>11292.84</ele>
        <time>2026-05-01T15:27:54</time>
      </trkpt>
      <trkpt lat="39.293151855469" lon="96.783340454102">
        <ele>11300.46</ele>
        <time>2026-05-01T15:28:08</time>
      </trkpt>
      <trkpt lat="39.278270721436" lon="96.820419311523">
        <ele>11308.08</ele>
        <time>2026-05-01T15:28:23</time>
      </trkpt>
      <trkpt lat="39.262439727783" lon="96.859832763672">
        <ele>11300.46</ele>
        <time>2026-05-01T15:28:37</time>
      </trkpt>
      <trkpt lat="39.241580963135" lon="96.912658691406">
        <ele>11315.7</ele>
        <time>2026-05-01T15:29:02</time>
      </trkpt>
      <trkpt lat="39.225040435791" lon="96.954696655273">
        <ele>11315.7</ele>
        <time>2026-05-01T15:29:17</time>
      </trkpt>
      <trkpt lat="39.209011077881" lon="96.995246887207">
        <ele>11308.08</ele>
        <time>2026-05-01T15:29:32</time>
      </trkpt>
      <trkpt lat="39.19367980957" lon="97.03394317627">
        <ele>11308.08</ele>
        <time>2026-05-01T15:29:47</time>
      </trkpt>
      <trkpt lat="39.178081512451" lon="97.073432922363">
        <ele>11308.08</ele>
        <time>2026-05-01T15:30:01</time>
      </trkpt>
      <trkpt lat="39.161998748779" lon="97.113952636719">
        <ele>11308.08</ele>
        <time>2026-05-01T15:30:19</time>
      </trkpt>
      <trkpt lat="39.147079467773" lon="97.151496887207">
        <ele>11300.46</ele>
        <time>2026-05-01T15:30:34</time>
      </trkpt>
      <trkpt lat="39.127990722656" lon="97.199340820312">
        <ele>11292.84</ele>
        <time>2026-05-01T15:30:54</time>
      </trkpt>
      <trkpt lat="39.111328125" lon="97.241012573242">
        <ele>11292.84</ele>
        <time>2026-05-01T15:31:09</time>
      </trkpt>
      <trkpt lat="39.095169067383" lon="97.281433105469">
        <ele>11292.84</ele>
        <time>2026-05-01T15:31:24</time>
      </trkpt>
      <trkpt lat="39.078880310059" lon="97.321960449219">
        <ele>11292.84</ele>
        <time>2026-05-01T15:31:38</time>
      </trkpt>
      <trkpt lat="39.067890167236" lon="97.349609375">
        <ele>11292.84</ele>
        <time>2026-05-01T15:31:51</time>
      </trkpt>
      <trkpt lat="39.052639007568" lon="97.387649536133">
        <ele>11300.46</ele>
        <time>2026-05-01T15:32:06</time>
      </trkpt>
      <trkpt lat="39.037170410156" lon="97.426391601562">
        <ele>11308.08</ele>
        <time>2026-05-01T15:32:20</time>
      </trkpt>
      <trkpt lat="39.021621704102" lon="97.465087890625">
        <ele>11308.08</ele>
        <time>2026-05-01T15:32:35</time>
      </trkpt>
      <trkpt lat="39.004940032959" lon="97.506530761719">
        <ele>11308.08</ele>
        <time>2026-05-01T15:32:50</time>
      </trkpt>
      <trkpt lat="38.989639282227" lon="97.544486999512">
        <ele>11308.08</ele>
        <time>2026-05-01T15:33:05</time>
      </trkpt>
      <trkpt lat="38.972949981689" lon="97.585823059082">
        <ele>11308.08</ele>
        <time>2026-05-01T15:33:24</time>
      </trkpt>
      <trkpt lat="38.947559356689" lon="97.648498535156">
        <ele>11308.08</ele>
        <time>2026-05-01T15:33:47</time>
      </trkpt>
      <trkpt lat="38.929542541504" lon="97.692993164062">
        <ele>11300.46</ele>
        <time>2026-05-01T15:34:06</time>
      </trkpt>
      <trkpt lat="38.903377532959" lon="97.756286621094">
        <ele>11315.7</ele>
        <time>2026-05-01T15:34:29</time>
      </trkpt>
      <trkpt lat="38.873565673828" lon="97.828178405762">
        <ele>11323.32</ele>
        <time>2026-05-01T15:34:57</time>
      </trkpt>
      <trkpt lat="38.854930877686" lon="97.873138427734">
        <ele>11315.7</ele>
        <time>2026-05-01T15:35:12</time>
      </trkpt>
      <trkpt lat="38.834850311279" lon="97.921447753906">
        <ele>11315.7</ele>
        <time>2026-05-01T15:35:29</time>
      </trkpt>
      <trkpt lat="38.817398071289" lon="97.963317871094">
        <ele>11323.32</ele>
        <time>2026-05-01T15:35:48</time>
      </trkpt>
      <trkpt lat="38.803344726562" lon="97.996971130371">
        <ele>11315.7</ele>
        <time>2026-05-01T15:35:59</time>
      </trkpt>
      <trkpt lat="38.786766052246" lon="98.036682128906">
        <ele>11315.7</ele>
        <time>2026-05-01T15:36:14</time>
      </trkpt>
      <trkpt lat="38.768829345703" lon="98.079788208008">
        <ele>11315.7</ele>
        <time>2026-05-01T15:36:34</time>
      </trkpt>
      <trkpt lat="38.745193481445" lon="98.136535644531">
        <ele>11315.7</ele>
        <time>2026-05-01T15:36:53</time>
      </trkpt>
      <trkpt lat="38.727691650391" lon="98.178283691406">
        <ele>11308.08</ele>
        <time>2026-05-01T15:37:12</time>
      </trkpt>
      <trkpt lat="38.712608337402" lon="98.214050292969">
        <ele>11308.08</ele>
        <time>2026-05-01T15:37:26</time>
      </trkpt>
      <trkpt lat="38.696220397949" lon="98.253051757812">
        <ele>11308.08</ele>
        <time>2026-05-01T15:37:40</time>
      </trkpt>
      <trkpt lat="38.677646636963" lon="98.297241210938">
        <ele>11308.08</ele>
        <time>2026-05-01T15:37:59</time>
      </trkpt>
      <trkpt lat="38.653720855713" lon="98.354370117188">
        <ele>11308.08</ele>
        <time>2026-05-01T15:38:18</time>
      </trkpt>
      <trkpt lat="38.635192871094" lon="98.398376464844">
        <ele>11308.08</ele>
        <time>2026-05-01T15:38:38</time>
      </trkpt>
      <trkpt lat="38.622859954834" lon="98.427551269531">
        <ele>11308.08</ele>
        <time>2026-05-01T15:38:51</time>
      </trkpt>
      <trkpt lat="38.605773925781" lon="98.4677734375">
        <ele>11308.08</ele>
        <time>2026-05-01T15:39:06</time>
      </trkpt>
      <trkpt lat="38.589385986328" lon="98.506523132324">
        <ele>11315.7</ele>
        <time>2026-05-01T15:39:21</time>
      </trkpt>
      <trkpt lat="38.570995330811" lon="98.549987792969">
        <ele>11323.32</ele>
        <time>2026-05-01T15:39:37</time>
      </trkpt>
      <trkpt lat="38.555145263672" lon="98.587364196777">
        <ele>11323.32</ele>
        <time>2026-05-01T15:39:52</time>
      </trkpt>
      <trkpt lat="38.534545898438" lon="98.635986328125">
        <ele>11323.32</ele>
        <time>2026-05-01T15:40:11</time>
      </trkpt>
      <trkpt lat="38.508941650391" lon="98.696044921875">
        <ele>11323.32</ele>
        <time>2026-05-01T15:40:31</time>
      </trkpt>
      <trkpt lat="38.492462158203" lon="98.734741210938">
        <ele>11315.7</ele>
        <time>2026-05-01T15:40:46</time>
      </trkpt>
      <trkpt lat="38.476028442383" lon="98.773315429688">
        <ele>11308.08</ele>
        <time>2026-05-01T15:41:01</time>
      </trkpt>
      <trkpt lat="38.458850860596" lon="98.813415527344">
        <ele>11315.7</ele>
        <time>2026-05-01T15:41:16</time>
      </trkpt>
      <trkpt lat="38.441486358643" lon="98.854125976562">
        <ele>11308.08</ele>
        <time>2026-05-01T15:41:34</time>
      </trkpt>
      <trkpt lat="38.41584777832" lon="98.913970947266">
        <ele>11308.08</ele>
        <time>2026-05-01T15:41:57</time>
      </trkpt>
      <trkpt lat="38.399047851562" lon="98.95304107666">
        <ele>11308.08</ele>
        <time>2026-05-01T15:42:11</time>
      </trkpt>
      <trkpt lat="38.380737304688" lon="98.995758056641">
        <ele>11300.46</ele>
        <time>2026-05-01T15:42:25</time>
      </trkpt>
      <trkpt lat="38.36311340332" lon="99.036895751953">
        <ele>11308.08</ele>
        <time>2026-05-01T15:42:44</time>
      </trkpt>
      <trkpt lat="38.349014282227" lon="99.069625854492">
        <ele>11315.7</ele>
        <time>2026-05-01T15:42:55</time>
      </trkpt>
      <trkpt lat="38.331115722656" lon="99.111175537109">
        <ele>11308.08</ele>
        <time>2026-05-01T15:43:10</time>
      </trkpt>
      <trkpt lat="38.314498901367" lon="99.149566650391">
        <ele>11292.84</ele>
        <time>2026-05-01T15:43:29</time>
      </trkpt>
      <trkpt lat="38.295547485352" lon="99.193290710449">
        <ele>11292.84</ele>
        <time>2026-05-01T15:43:44</time>
      </trkpt>
      <trkpt lat="38.279022216797" lon="99.231262207031">
        <ele>11300.46</ele>
        <time>2026-05-01T15:43:58</time>
      </trkpt>
      <trkpt lat="38.261444091797" lon="99.271820068359">
        <ele>11308.08</ele>
        <time>2026-05-01T15:44:17</time>
      </trkpt>
      <trkpt lat="38.24694442749" lon="99.305297851562">
        <ele>11308.08</ele>
        <time>2026-05-01T15:44:29</time>
      </trkpt>
      <trkpt lat="38.229858398438" lon="99.344635009766">
        <ele>11315.7</ele>
        <time>2026-05-01T15:44:43</time>
      </trkpt>
      <trkpt lat="38.213516235352" lon="99.382385253906">
        <ele>11315.7</ele>
        <time>2026-05-01T15:44:58</time>
      </trkpt>
      <trkpt lat="38.188896179199" lon="99.438926696777">
        <ele>11315.7</ele>
        <time>2026-05-01T15:45:23</time>
      </trkpt>
      <trkpt lat="38.170040130615" lon="99.482154846191">
        <ele>11308.08</ele>
        <time>2026-05-01T15:45:38</time>
      </trkpt>
      <trkpt lat="38.15950012207" lon="99.506851196289">
        <ele>11300.46</ele>
        <time>2026-05-01T15:45:49</time>
      </trkpt>
      <trkpt lat="38.141555786133" lon="99.5498046875">
        <ele>11300.46</ele>
        <time>2026-05-01T15:46:06</time>
      </trkpt>
      <trkpt lat="38.121952056885" lon="99.596618652344">
        <ele>11308.08</ele>
        <time>2026-05-01T15:46:25</time>
      </trkpt>
      <trkpt lat="38.106170654297" lon="99.634056091309">
        <ele>11308.08</ele>
        <time>2026-05-01T15:46:39</time>
      </trkpt>
      <trkpt lat="38.090240478516" lon="99.671943664551">
        <ele>11300.46</ele>
        <time>2026-05-01T15:46:54</time>
      </trkpt>
      <trkpt lat="38.073440551758" lon="99.71167755127">
        <ele>11292.84</ele>
        <time>2026-05-01T15:47:08</time>
      </trkpt>
      <trkpt lat="38.057739257812" lon="99.748611450195">
        <ele>11300.46</ele>
        <time>2026-05-01T15:47:23</time>
      </trkpt>
      <trkpt lat="38.040618896484" lon="99.788932800293">
        <ele>11292.84</ele>
        <time>2026-05-01T15:47:42</time>
      </trkpt>
      <trkpt lat="38.023956298828" lon="99.82820892334">
        <ele>11292.84</ele>
        <time>2026-05-01T15:47:57</time>
      </trkpt>
      <trkpt lat="38.00798034668" lon="99.865547180176">
        <ele>11308.08</ele>
        <time>2026-05-01T15:48:11</time>
      </trkpt>
      <trkpt lat="37.992462158203" lon="99.901840209961">
        <ele>11308.08</ele>
        <time>2026-05-01T15:48:26</time>
      </trkpt>
      <trkpt lat="37.980422973633" lon="99.930061340332">
        <ele>11308.08</ele>
        <time>2026-05-01T15:48:39</time>
      </trkpt>
      <trkpt lat="37.964466094971" lon="99.967643737793">
        <ele>11308.08</ele>
        <time>2026-05-01T15:48:54</time>
      </trkpt>
      <trkpt lat="37.948791503906" lon="100.00444793701">
        <ele>11308.08</ele>
        <time>2026-05-01T15:49:09</time>
      </trkpt>
      <trkpt lat="37.931602478027" lon="100.04460906982">
        <ele>11308.08</ele>
        <time>2026-05-01T15:49:24</time>
      </trkpt>
      <trkpt lat="37.915878295898" lon="100.08124542236">
        <ele>11308.08</ele>
        <time>2026-05-01T15:49:39</time>
      </trkpt>
      <trkpt lat="37.899620056152" lon="100.11906433105">
        <ele>11308.08</ele>
        <time>2026-05-01T15:49:53</time>
      </trkpt>
      <trkpt lat="37.882629394531" lon="100.15865325928">
        <ele>11308.08</ele>
        <time>2026-05-01T15:50:08</time>
      </trkpt>
      <trkpt lat="37.865219116211" lon="100.19924926758">
        <ele>11315.7</ele>
        <time>2026-05-01T15:50:27</time>
      </trkpt>
      <trkpt lat="37.848644256592" lon="100.23770904541">
        <ele>11315.7</ele>
        <time>2026-05-01T15:50:42</time>
      </trkpt>
      <trkpt lat="37.830184936523" lon="100.28045654297">
        <ele>11308.08</ele>
        <time>2026-05-01T15:50:57</time>
      </trkpt>
      <trkpt lat="37.814010620117" lon="100.31795501709">
        <ele>11308.08</ele>
        <time>2026-05-01T15:51:12</time>
      </trkpt>
      <trkpt lat="37.797317504883" lon="100.35665893555">
        <ele>11300.46</ele>
        <time>2026-05-01T15:51:31</time>
      </trkpt>
      <trkpt lat="37.780838012695" lon="100.39469909668">
        <ele>11300.46</ele>
        <time>2026-05-01T15:51:45</time>
      </trkpt>
      <trkpt lat="37.764526367188" lon="100.43235778809">
        <ele>11300.46</ele>
        <time>2026-05-01T15:51:59</time>
      </trkpt>
      <trkpt lat="37.748657226562" lon="100.46891784668">
        <ele>11300.46</ele>
        <time>2026-05-01T15:52:14</time>
      </trkpt>
      <trkpt lat="37.732818603516" lon="100.5054397583">
        <ele>11300.46</ele>
        <time>2026-05-01T15:52:29</time>
      </trkpt>
      <trkpt lat="37.716762542725" lon="100.54239654541">
        <ele>11292.84</ele>
        <time>2026-05-01T15:52:43</time>
      </trkpt>
      <trkpt lat="37.700592041016" lon="100.57959747314">
        <ele>11300.46</ele>
        <time>2026-05-01T15:52:58</time>
      </trkpt>
      <trkpt lat="37.688690185547" lon="100.60694885254">
        <ele>11308.08</ele>
        <time>2026-05-01T15:53:11</time>
      </trkpt>
      <trkpt lat="37.672027587891" lon="100.64533233643">
        <ele>11315.7</ele>
        <time>2026-05-01T15:53:26</time>
      </trkpt>
      <trkpt lat="37.65559387207" lon="100.68300628662">
        <ele>11315.7</ele>
        <time>2026-05-01T15:53:41</time>
      </trkpt>
      <trkpt lat="37.643814086914" lon="100.71017456055">
        <ele>11315.7</ele>
        <time>2026-05-01T15:53:54</time>
      </trkpt>
      <trkpt lat="37.627891540527" lon="100.7483291626">
        <ele>11315.7</ele>
        <time>2026-05-01T15:54:09</time>
      </trkpt>
      <trkpt lat="37.612518310547" lon="100.78524017334">
        <ele>11323.32</ele>
        <time>2026-05-01T15:54:24</time>
      </trkpt>
      <trkpt lat="37.597137451172" lon="100.82194519043">
        <ele>11323.32</ele>
        <time>2026-05-01T15:54:39</time>
      </trkpt>
      <trkpt lat="37.581573486328" lon="100.85893249512">
        <ele>11323.32</ele>
        <time>2026-05-01T15:54:53</time>
      </trkpt>
      <trkpt lat="37.565979003906" lon="100.89569091797">
        <ele>11315.7</ele>
        <time>2026-05-01T15:55:08</time>
      </trkpt>
      <trkpt lat="37.550216674805" lon="100.93297576904">
        <ele>11300.46</ele>
        <time>2026-05-01T15:55:22</time>
      </trkpt>
      <trkpt lat="37.533782958984" lon="100.97183227539">
        <ele>11292.84</ele>
        <time>2026-05-01T15:55:37</time>
      </trkpt>
      <trkpt lat="37.517990112305" lon="101.00917816162">
        <ele>11292.84</ele>
        <time>2026-05-01T15:55:52</time>
      </trkpt>
      <trkpt lat="37.501365661621" lon="101.04842376709">
        <ele>11292.84</ele>
        <time>2026-05-01T15:56:11</time>
      </trkpt>
      <trkpt lat="37.485675811768" lon="101.08532714844">
        <ele>11292.84</ele>
        <time>2026-05-01T15:56:26</time>
      </trkpt>
      <trkpt lat="37.46849822998" lon="101.12580871582">
        <ele>11292.84</ele>
        <time>2026-05-01T15:56:40</time>
      </trkpt>
      <trkpt lat="37.452857971191" lon="101.16246795654">
        <ele>11300.46</ele>
        <time>2026-05-01T15:56:55</time>
      </trkpt>
      <trkpt lat="37.43586730957" lon="101.20246887207">
        <ele>11308.08</ele>
        <time>2026-05-01T15:57:10</time>
      </trkpt>
      <trkpt lat="37.418518066406" lon="101.24310302734">
        <ele>11308.08</ele>
        <time>2026-05-01T15:57:29</time>
      </trkpt>
      <trkpt lat="37.40185546875" lon="101.28214263916">
        <ele>11308.08</ele>
        <time>2026-05-01T15:57:44</time>
      </trkpt>
      <trkpt lat="37.38542175293" lon="101.3205871582">
        <ele>11308.08</ele>
        <time>2026-05-01T15:57:58</time>
      </trkpt>
      <trkpt lat="37.367568969727" lon="101.36225891113">
        <ele>11308.08</ele>
        <time>2026-05-01T15:58:17</time>
      </trkpt>
      <trkpt lat="37.350860595703" lon="101.40123748779">
        <ele>11308.08</ele>
        <time>2026-05-01T15:58:31</time>
      </trkpt>
      <trkpt lat="37.33512878418" lon="101.4377822876">
        <ele>11308.08</ele>
        <time>2026-05-01T15:58:46</time>
      </trkpt>
      <trkpt lat="37.318740844727" lon="101.47838592529">
        <ele>11308.08</ele>
        <time>2026-05-01T15:59:01</time>
      </trkpt>
      <trkpt lat="37.304718017578" lon="101.51793670654">
        <ele>11308.08</ele>
        <time>2026-05-01T15:59:15</time>
      </trkpt>
      <trkpt lat="37.29504776001" lon="101.54848480225">
        <ele>11308.08</ele>
        <time>2026-05-01T15:59:29</time>
      </trkpt>
      <trkpt lat="37.28352355957" lon="101.58963775635">
        <ele>11300.46</ele>
        <time>2026-05-01T15:59:44</time>
      </trkpt>
      <trkpt lat="37.273406982422" lon="101.63188934326">
        <ele>11300.46</ele>
        <time>2026-05-01T15:59:57</time>
      </trkpt>
      <trkpt lat="37.26383972168" lon="101.67385101318">
        <ele>11300.46</ele>
        <time>2026-05-01T16:00:11</time>
      </trkpt>
      <trkpt lat="37.253288269043" lon="101.71990203857">
        <ele>11300.46</ele>
        <time>2026-05-01T16:00:30</time>
      </trkpt>
      <trkpt lat="37.243560791016" lon="101.76226806641">
        <ele>11300.46</ele>
        <time>2026-05-01T16:00:45</time>
      </trkpt>
      <trkpt lat="37.233856201172" lon="101.80434417725">
        <ele>11300.46</ele>
        <time>2026-05-01T16:01:00</time>
      </trkpt>
      <trkpt lat="37.220260620117" lon="101.86354064941">
        <ele>11315.7</ele>
        <time>2026-05-01T16:01:21</time>
      </trkpt>
      <trkpt lat="37.210319519043" lon="101.9066696167">
        <ele>11315.7</ele>
        <time>2026-05-01T16:01:36</time>
      </trkpt>
      <trkpt lat="37.200263977051" lon="101.94995880127">
        <ele>11315.7</ele>
        <time>2026-05-01T16:01:51</time>
      </trkpt>
      <trkpt lat="37.190578460693" lon="101.99176025391">
        <ele>11315.7</ele>
        <time>2026-05-01T16:02:06</time>
      </trkpt>
      <trkpt lat="37.179969787598" lon="102.03731536865">
        <ele>11315.7</ele>
        <time>2026-05-01T16:02:20</time>
      </trkpt>
      <trkpt lat="37.170009613037" lon="102.08023834229">
        <ele>11315.7</ele>
        <time>2026-05-01T16:02:35</time>
      </trkpt>
      <trkpt lat="37.160064697266" lon="102.12300109863">
        <ele>11323.32</ele>
        <time>2026-05-01T16:02:49</time>
      </trkpt>
      <trkpt lat="37.14990234375" lon="102.16648101807">
        <ele>11323.32</ele>
        <time>2026-05-01T16:03:04</time>
      </trkpt>
      <trkpt lat="37.1393699646" lon="102.21112823486">
        <ele>11323.32</ele>
        <time>2026-05-01T16:03:23</time>
      </trkpt>
      <trkpt lat="37.127426147461" lon="102.25518798828">
        <ele>11323.32</ele>
        <time>2026-05-01T16:03:38</time>
      </trkpt>
      <trkpt lat="37.114841461182" lon="102.29483795166">
        <ele>11323.32</ele>
        <time>2026-05-01T16:03:53</time>
      </trkpt>
      <trkpt lat="37.100646972656" lon="102.33408355713">
        <ele>11315.7</ele>
        <time>2026-05-01T16:04:08</time>
      </trkpt>
      <trkpt lat="37.084854125977" lon="102.37271118164">
        <ele>11315.7</ele>
        <time>2026-05-01T16:04:23</time>
      </trkpt>
      <trkpt lat="37.06787109375" lon="102.40969848633">
        <ele>11315.7</ele>
        <time>2026-05-01T16:04:37</time>
      </trkpt>
      <trkpt lat="37.050842285156" lon="102.44394683838">
        <ele>11308.08</ele>
        <time>2026-05-01T16:04:51</time>
      </trkpt>
      <trkpt lat="37.032718658447" lon="102.48034667969">
        <ele>11308.08</ele>
        <time>2026-05-01T16:05:06</time>
      </trkpt>
      <trkpt lat="37.01549911499" lon="102.51483154297">
        <ele>11308.08</ele>
        <time>2026-05-01T16:05:21</time>
      </trkpt>
      <trkpt lat="36.997924804688" lon="102.55001068115">
        <ele>11308.08</ele>
        <time>2026-05-01T16:05:36</time>
      </trkpt>
      <trkpt lat="36.979339599609" lon="102.58723449707">
        <ele>11308.08</ele>
        <time>2026-05-01T16:05:54</time>
      </trkpt>
      <trkpt lat="36.960521697998" lon="102.62478637695">
        <ele>11300.46</ele>
        <time>2026-05-01T16:06:09</time>
      </trkpt>
      <trkpt lat="36.942123413086" lon="102.66156768799">
        <ele>11300.46</ele>
        <time>2026-05-01T16:06:24</time>
      </trkpt>
      <trkpt lat="36.92866897583" lon="102.68839263916">
        <ele>11300.46</ele>
        <time>2026-05-01T16:06:38</time>
      </trkpt>
      <trkpt lat="36.911041259766" lon="102.72357177734">
        <ele>11308.08</ele>
        <time>2026-05-01T16:06:53</time>
      </trkpt>
      <trkpt lat="36.894138336182" lon="102.75721740723">
        <ele>11308.08</ele>
        <time>2026-05-01T16:07:07</time>
      </trkpt>
      <trkpt lat="36.874969482422" lon="102.79515838623">
        <ele>11300.46</ele>
        <time>2026-05-01T16:07:21</time>
      </trkpt>
      <trkpt lat="36.857593536377" lon="102.82964324951">
        <ele>11300.46</ele>
        <time>2026-05-01T16:07:36</time>
      </trkpt>
      <trkpt lat="36.838882446289" lon="102.86668395996">
        <ele>11300.46</ele>
        <time>2026-05-01T16:07:55</time>
      </trkpt>
      <trkpt lat="36.82177734375" lon="102.90201568604">
        <ele>11300.46</ele>
        <time>2026-05-01T16:08:10</time>
      </trkpt>
      <trkpt lat="36.804885864258" lon="102.9412612915">
        <ele>11308.08</ele>
        <time>2026-05-01T16:08:24</time>
      </trkpt>
      <trkpt lat="36.793350219727" lon="102.97093963623">
        <ele>11315.7</ele>
        <time>2026-05-01T16:08:37</time>
      </trkpt>
      <trkpt lat="36.778827667236" lon="103.00857543945">
        <ele>11308.08</ele>
        <time>2026-05-01T16:08:52</time>
      </trkpt>
      <trkpt lat="36.763187408447" lon="103.04912567139">
        <ele>11315.7</ele>
        <time>2026-05-01T16:09:07</time>
      </trkpt>
      <trkpt lat="36.748901367188" lon="103.08591461182">
        <ele>11315.7</ele>
        <time>2026-05-01T16:09:21</time>
      </trkpt>
      <trkpt lat="36.73441696167" lon="103.12316894531">
        <ele>11308.08</ele>
        <time>2026-05-01T16:09:36</time>
      </trkpt>
      <trkpt lat="36.718589782715" lon="103.16407775879">
        <ele>11308.08</ele>
        <time>2026-05-01T16:09:55</time>
      </trkpt>
      <trkpt lat="36.702342987061" lon="103.20580291748">
        <ele>11308.08</ele>
        <time>2026-05-01T16:10:10</time>
      </trkpt>
      <trkpt lat="36.687789916992" lon="103.24310302734">
        <ele>11308.08</ele>
        <time>2026-05-01T16:10:24</time>
      </trkpt>
      <trkpt lat="36.673419952393" lon="103.28000640869">
        <ele>11308.08</ele>
        <time>2026-05-01T16:10:39</time>
      </trkpt>
      <trkpt lat="36.658447265625" lon="103.31829071045">
        <ele>11308.08</ele>
        <time>2026-05-01T16:10:54</time>
      </trkpt>
      <trkpt lat="36.643455505371" lon="103.35668945312">
        <ele>11308.08</ele>
        <time>2026-05-01T16:11:13</time>
      </trkpt>
      <trkpt lat="36.629058837891" lon="103.39347839355">
        <ele>11308.08</ele>
        <time>2026-05-01T16:11:28</time>
      </trkpt>
      <trkpt lat="36.614410400391" lon="103.43090057373">
        <ele>11308.08</ele>
        <time>2026-05-01T16:11:43</time>
      </trkpt>
      <trkpt lat="36.599899291992" lon="103.46781158447">
        <ele>11300.46</ele>
        <time>2026-05-01T16:11:58</time>
      </trkpt>
      <trkpt lat="36.585571289062" lon="103.50443267822">
        <ele>11308.08</ele>
        <time>2026-05-01T16:12:13</time>
      </trkpt>
      <trkpt lat="36.570922851562" lon="103.54179382324">
        <ele>11308.08</ele>
        <time>2026-05-01T16:12:28</time>
      </trkpt>
      <trkpt lat="36.55696105957" lon="103.57758331299">
        <ele>11308.08</ele>
        <time>2026-05-01T16:12:42</time>
      </trkpt>
      <trkpt lat="36.543411254883" lon="103.61614990234">
        <ele>11308.08</ele>
        <time>2026-05-01T16:12:57</time>
      </trkpt>
      <trkpt lat="36.530796051025" lon="103.65354919434">
        <ele>11300.46</ele>
        <time>2026-05-01T16:13:12</time>
      </trkpt>
      <trkpt lat="36.516597747803" lon="103.69515991211">
        <ele>11308.08</ele>
        <time>2026-05-01T16:13:27</time>
      </trkpt>
      <trkpt lat="36.503860473633" lon="103.73233795166">
        <ele>11308.08</ele>
        <time>2026-05-01T16:13:42</time>
      </trkpt>
      <trkpt lat="36.490718841553" lon="103.77084350586">
        <ele>11300.46</ele>
        <time>2026-05-01T16:13:56</time>
      </trkpt>
      <trkpt lat="36.477729797363" lon="103.80882263184">
        <ele>11300.46</ele>
        <time>2026-05-01T16:14:11</time>
      </trkpt>
      <trkpt lat="36.462520599365" lon="103.85307312012">
        <ele>11300.46</ele>
        <time>2026-05-01T16:14:30</time>
      </trkpt>
      <trkpt lat="36.449237823486" lon="103.89179992676">
        <ele>11300.46</ele>
        <time>2026-05-01T16:14:45</time>
      </trkpt>
      <trkpt lat="36.436294555664" lon="103.92958068848">
        <ele>11300.46</ele>
        <time>2026-05-01T16:15:00</time>
      </trkpt>
      <trkpt lat="36.423217773438" lon="103.96742248535">
        <ele>11300.46</ele>
        <time>2026-05-01T16:15:15</time>
      </trkpt>
      <trkpt lat="36.409484863281" lon="104.00727844238">
        <ele>11308.08</ele>
        <time>2026-05-01T16:15:30</time>
      </trkpt>
      <trkpt lat="36.396682739258" lon="104.04438018799">
        <ele>11308.08</ele>
        <time>2026-05-01T16:15:45</time>
      </trkpt>
      <trkpt lat="36.382415771484" lon="104.08584594727">
        <ele>11315.7</ele>
        <time>2026-05-01T16:16:00</time>
      </trkpt>
      <trkpt lat="36.369049072266" lon="104.1245880127">
        <ele>11323.32</ele>
        <time>2026-05-01T16:16:14</time>
      </trkpt>
      <trkpt lat="36.358787536621" lon="104.15419006348">
        <ele>11323.32</ele>
        <time>2026-05-01T16:16:28</time>
      </trkpt>
      <trkpt lat="36.347194671631" lon="104.18755340576">
        <ele>11323.32</ele>
        <time>2026-05-01T16:16:43</time>
      </trkpt>
      <trkpt lat="36.325839996338" lon="104.24903869629">
        <ele>11323.32</ele>
        <time>2026-05-01T16:17:05</time>
      </trkpt>
      <trkpt lat="36.312377929688" lon="104.28788757324">
        <ele>11323.32</ele>
        <time>2026-05-01T16:17:20</time>
      </trkpt>
      <trkpt lat="36.298828125" lon="104.32675933838">
        <ele>11315.7</ele>
        <time>2026-05-01T16:17:33</time>
      </trkpt>
      <trkpt lat="36.285369873047" lon="104.36544036865">
        <ele>11315.7</ele>
        <time>2026-05-01T16:17:48</time>
      </trkpt>
      <trkpt lat="36.272247314453" lon="104.40313720703">
        <ele>11315.7</ele>
        <time>2026-05-01T16:18:03</time>
      </trkpt>
      <trkpt lat="36.25846862793" lon="104.44264221191">
        <ele>11315.7</ele>
        <time>2026-05-01T16:18:17</time>
      </trkpt>
      <trkpt lat="36.245040893555" lon="104.48111724854">
        <ele>11308.08</ele>
        <time>2026-05-01T16:18:32</time>
      </trkpt>
      <trkpt lat="36.231628417969" lon="104.51934814453">
        <ele>11308.08</ele>
        <time>2026-05-01T16:18:47</time>
      </trkpt>
      <trkpt lat="36.218338012695" lon="104.55712127686">
        <ele>11300.46</ele>
        <time>2026-05-01T16:19:02</time>
      </trkpt>
      <trkpt lat="36.204437255859" lon="104.596824646">
        <ele>11300.46</ele>
        <time>2026-05-01T16:19:21</time>
      </trkpt>
      <trkpt lat="36.191104888916" lon="104.63489532471">
        <ele>11300.46</ele>
        <time>2026-05-01T16:19:36</time>
      </trkpt>
      <trkpt lat="36.177558898926" lon="104.67329406738">
        <ele>11292.84</ele>
        <time>2026-05-01T16:19:51</time>
      </trkpt>
      <trkpt lat="36.164016723633" lon="104.71160888672">
        <ele>11239.5</ele>
        <time>2026-05-01T16:20:06</time>
      </trkpt>
      <trkpt lat="36.150650024414" lon="104.74948883057">
        <ele>11132.82</ele>
        <time>2026-05-01T16:20:21</time>
      </trkpt>
      <trkpt lat="36.137283325195" lon="104.78730773926">
        <ele>11018.52</ele>
        <time>2026-05-01T16:20:36</time>
      </trkpt>
      <trkpt lat="36.124328613281" lon="104.82398986816">
        <ele>10911.84</ele>
        <time>2026-05-01T16:20:51</time>
      </trkpt>
      <trkpt lat="36.109920501709" lon="104.86461639404">
        <ele>10797.54</ele>
        <time>2026-05-01T16:21:06</time>
      </trkpt>
      <trkpt lat="36.09646987915" lon="104.90271759033">
        <ele>10675.62</ele>
        <time>2026-05-01T16:21:21</time>
      </trkpt>
      <trkpt lat="36.083339691162" lon="104.93971252441">
        <ele>10568.94</ele>
        <time>2026-05-01T16:21:36</time>
      </trkpt>
      <trkpt lat="36.070068359375" lon="104.97717285156">
        <ele>10447.02</ele>
        <time>2026-05-01T16:21:50</time>
      </trkpt>
      <trkpt lat="36.057315826416" lon="105.01299285889">
        <ele>10332.72</ele>
        <time>2026-05-01T16:22:05</time>
      </trkpt>
      <trkpt lat="36.043849945068" lon="105.05081176758">
        <ele>10233.66</ele>
        <time>2026-05-01T16:22:19</time>
      </trkpt>
      <trkpt lat="36.03044128418" lon="105.08834838867">
        <ele>10165.08</ele>
        <time>2026-05-01T16:22:34</time>
      </trkpt>
      <trkpt lat="36.016536712646" lon="105.12712097168">
        <ele>10104.12</ele>
        <time>2026-05-01T16:22:49</time>
      </trkpt>
      <trkpt lat="36.000549316406" lon="105.17182922363">
        <ele>10088.88</ele>
        <time>2026-05-01T16:23:08</time>
      </trkpt>
      <trkpt lat="35.98649597168" lon="105.21114349365">
        <ele>10088.88</ele>
        <time>2026-05-01T16:23:23</time>
      </trkpt>
      <trkpt lat="35.973056793213" lon="105.24878692627">
        <ele>10088.88</ele>
        <time>2026-05-01T16:23:38</time>
      </trkpt>
      <trkpt lat="35.957412719727" lon="105.29238128662">
        <ele>10081.26</ele>
        <time>2026-05-01T16:23:52</time>
      </trkpt>
      <trkpt lat="35.943508148193" lon="105.33107757568">
        <ele>10020.3</ele>
        <time>2026-05-01T16:24:07</time>
      </trkpt>
      <trkpt lat="35.929321289062" lon="105.37049865723">
        <ele>9944.1</ele>
        <time>2026-05-01T16:24:22</time>
      </trkpt>
      <trkpt lat="35.914627075195" lon="105.4114151001">
        <ele>9860.28</ele>
        <time>2026-05-01T16:24:41</time>
      </trkpt>
      <trkpt lat="35.898712158203" lon="105.45554351807">
        <ele>9776.46</ele>
        <time>2026-05-01T16:24:56</time>
      </trkpt>
      <trkpt lat="35.884559631348" lon="105.49487304688">
        <ele>9707.88</ele>
        <time>2026-05-01T16:25:11</time>
      </trkpt>
      <trkpt lat="35.870410919189" lon="105.53398132324">
        <ele>9631.68</ele>
        <time>2026-05-01T16:25:26</time>
      </trkpt>
      <trkpt lat="35.856578826904" lon="105.57209014893">
        <ele>9547.86</ele>
        <time>2026-05-01T16:25:41</time>
      </trkpt>
      <trkpt lat="35.842849731445" lon="105.61005401611">
        <ele>9464.04</ele>
        <time>2026-05-01T16:25:56</time>
      </trkpt>
      <trkpt lat="35.828521728516" lon="105.64951324463">
        <ele>9403.08</ele>
        <time>2026-05-01T16:26:11</time>
      </trkpt>
      <trkpt lat="35.8147315979" lon="105.68742370605">
        <ele>9326.88</ele>
        <time>2026-05-01T16:26:26</time>
      </trkpt>
      <trkpt lat="35.800506591797" lon="105.72664642334">
        <ele>9250.68</ele>
        <time>2026-05-01T16:26:41</time>
      </trkpt>
      <trkpt lat="35.786636352539" lon="105.76463317871">
        <ele>9189.72</ele>
        <time>2026-05-01T16:26:56</time>
      </trkpt>
      <trkpt lat="35.775470733643" lon="105.79518890381">
        <ele>9128.76</ele>
        <time>2026-05-01T16:27:10</time>
      </trkpt>
      <trkpt lat="35.761688232422" lon="105.83296203613">
        <ele>9044.94</ele>
        <time>2026-05-01T16:27:25</time>
      </trkpt>
      <trkpt lat="35.747741699219" lon="105.87109375">
        <ele>8968.74</ele>
        <time>2026-05-01T16:27:40</time>
      </trkpt>
      <trkpt lat="35.733310699463" lon="105.91048431396">
        <ele>8892.54</ele>
        <time>2026-05-01T16:27:55</time>
      </trkpt>
      <trkpt lat="35.717903137207" lon="105.9525604248">
        <ele>8808.72</ele>
        <time>2026-05-01T16:28:10</time>
      </trkpt>
      <trkpt lat="35.70389175415" lon="105.99089050293">
        <ele>8732.52</ele>
        <time>2026-05-01T16:28:25</time>
      </trkpt>
      <trkpt lat="35.690250396729" lon="106.02806091309">
        <ele>8656.32</ele>
        <time>2026-05-01T16:28:40</time>
      </trkpt>
      <trkpt lat="35.676315307617" lon="106.06596374512">
        <ele>8587.74</ele>
        <time>2026-05-01T16:28:55</time>
      </trkpt>
      <trkpt lat="35.662490844727" lon="106.10350036621">
        <ele>8519.16</ele>
        <time>2026-05-01T16:29:10</time>
      </trkpt>
      <trkpt lat="35.646450042725" lon="106.14681243896">
        <ele>8435.34</ele>
        <time>2026-05-01T16:29:25</time>
      </trkpt>
      <trkpt lat="35.632049560547" lon="106.18589019775">
        <ele>8359.14</ele>
        <time>2026-05-01T16:29:44</time>
      </trkpt>
      <trkpt lat="35.617446899414" lon="106.22531890869">
        <ele>8267.7</ele>
        <time>2026-05-01T16:29:59</time>
      </trkpt>
      <trkpt lat="35.602840423584" lon="106.26473999023">
        <ele>8191.5</ele>
        <time>2026-05-01T16:30:14</time>
      </trkpt>
      <trkpt lat="35.592960357666" lon="106.29135131836">
        <ele>8138.16</ele>
        <time>2026-05-01T16:30:26</time>
      </trkpt>
      <trkpt lat="35.576240539551" lon="106.33644104004">
        <ele>8039.1</ele>
        <time>2026-05-01T16:30:43</time>
      </trkpt>
      <trkpt lat="35.560501098633" lon="106.37866973877">
        <ele>7955.28</ele>
        <time>2026-05-01T16:30:58</time>
      </trkpt>
      <trkpt lat="35.545989990234" lon="106.41790008545">
        <ele>7871.46</ele>
        <time>2026-05-01T16:31:17</time>
      </trkpt>
      <trkpt lat="35.532619476318" lon="106.45374298096">
        <ele>7802.88</ele>
        <time>2026-05-01T16:31:31</time>
      </trkpt>
      <trkpt lat="35.518848419189" lon="106.4906463623">
        <ele>7734.3</ele>
        <time>2026-05-01T16:31:46</time>
      </trkpt>
      <trkpt lat="35.503971099854" lon="106.530418396">
        <ele>7650.48</ele>
        <time>2026-05-01T16:32:00</time>
      </trkpt>
      <trkpt lat="35.490779876709" lon="106.56567382812">
        <ele>7581.9</ele>
        <time>2026-05-01T16:32:15</time>
      </trkpt>
      <trkpt lat="35.471588134766" lon="106.61688232422">
        <ele>7505.7</ele>
        <time>2026-05-01T16:32:40</time>
      </trkpt>
      <trkpt lat="35.456790924072" lon="106.65627288818">
        <ele>7498.08</ele>
        <time>2026-05-01T16:32:54</time>
      </trkpt>
      <trkpt lat="35.442031860352" lon="106.69555664062">
        <ele>7498.08</ele>
        <time>2026-05-01T16:33:09</time>
      </trkpt>
      <trkpt lat="35.428951263428" lon="106.73036956787">
        <ele>7498.08</ele>
        <time>2026-05-01T16:33:24</time>
      </trkpt>
      <trkpt lat="35.41003036499" lon="106.78070068359">
        <ele>7498.08</ele>
        <time>2026-05-01T16:33:49</time>
      </trkpt>
      <trkpt lat="35.395530700684" lon="106.81912994385">
        <ele>7498.08</ele>
        <time>2026-05-01T16:34:04</time>
      </trkpt>
      <trkpt lat="35.381610870361" lon="106.85600280762">
        <ele>7498.08</ele>
        <time>2026-05-01T16:34:19</time>
      </trkpt>
      <trkpt lat="35.35950088501" lon="106.91483306885">
        <ele>7498.08</ele>
        <time>2026-05-01T16:34:44</time>
      </trkpt>
      <trkpt lat="35.346130371094" lon="106.95539093018">
        <ele>7498.08</ele>
        <time>2026-05-01T16:34:59</time>
      </trkpt>
      <trkpt lat="35.335189819336" lon="107.0020904541">
        <ele>7498.08</ele>
        <time>2026-05-01T16:35:19</time>
      </trkpt>
      <trkpt lat="35.328819274902" lon="107.04125976562">
        <ele>7490.46</ele>
        <time>2026-05-01T16:35:34</time>
      </trkpt>
      <trkpt lat="35.321601867676" lon="107.08631134033">
        <ele>7490.46</ele>
        <time>2026-05-01T16:35:49</time>
      </trkpt>
      <trkpt lat="35.315181732178" lon="107.12599182129">
        <ele>7490.46</ele>
        <time>2026-05-01T16:36:03</time>
      </trkpt>
      <trkpt lat="35.306381225586" lon="107.16380310059">
        <ele>7482.84</ele>
        <time>2026-05-01T16:36:17</time>
      </trkpt>
      <trkpt lat="35.293029785156" lon="107.19966888428">
        <ele>7482.84</ele>
        <time>2026-05-01T16:36:32</time>
      </trkpt>
      <trkpt lat="35.276123046875" lon="107.2333984375">
        <ele>7490.46</ele>
        <time>2026-05-01T16:36:47</time>
      </trkpt>
      <trkpt lat="35.257228851318" lon="107.27011108398">
        <ele>7490.46</ele>
        <time>2026-05-01T16:37:07</time>
      </trkpt>
      <trkpt lat="35.240840911865" lon="107.30181121826">
        <ele>7490.46</ele>
        <time>2026-05-01T16:37:22</time>
      </trkpt>
      <trkpt lat="35.223308563232" lon="107.33570098877">
        <ele>7490.46</ele>
        <time>2026-05-01T16:37:37</time>
      </trkpt>
      <trkpt lat="35.206199645996" lon="107.36881256104">
        <ele>7490.46</ele>
        <time>2026-05-01T16:37:51</time>
      </trkpt>
      <trkpt lat="35.188980102539" lon="107.40212249756">
        <ele>7490.46</ele>
        <time>2026-05-01T16:38:06</time>
      </trkpt>
      <trkpt lat="35.170490264893" lon="107.43788146973">
        <ele>7490.46</ele>
        <time>2026-05-01T16:38:21</time>
      </trkpt>
      <trkpt lat="35.150440216064" lon="107.4765625">
        <ele>7490.46</ele>
        <time>2026-05-01T16:38:41</time>
      </trkpt>
      <trkpt lat="35.133110046387" lon="107.50991821289">
        <ele>7490.46</ele>
        <time>2026-05-01T16:38:56</time>
      </trkpt>
      <trkpt lat="35.115798950195" lon="107.54322052002">
        <ele>7498.08</ele>
        <time>2026-05-01T16:39:09</time>
      </trkpt>
      <trkpt lat="35.102710723877" lon="107.56828308105">
        <ele>7498.08</ele>
        <time>2026-05-01T16:39:20</time>
      </trkpt>
      <trkpt lat="35.085479736328" lon="107.60144042969">
        <ele>7505.7</ele>
        <time>2026-05-01T16:39:34</time>
      </trkpt>
      <trkpt lat="35.067718505859" lon="107.63558197021">
        <ele>7505.7</ele>
        <time>2026-05-01T16:39:48</time>
      </trkpt>
      <trkpt lat="35.050670623779" lon="107.66819000244">
        <ele>7513.32</ele>
        <time>2026-05-01T16:40:03</time>
      </trkpt>
      <trkpt lat="35.036769866943" lon="107.69483184814">
        <ele>7513.32</ele>
        <time>2026-05-01T16:40:17</time>
      </trkpt>
      <trkpt lat="35.018501281738" lon="107.72975921631">
        <ele>7513.32</ele>
        <time>2026-05-01T16:40:32</time>
      </trkpt>
      <trkpt lat="35.001159667969" lon="107.76287078857">
        <ele>7513.32</ele>
        <time>2026-05-01T16:40:47</time>
      </trkpt>
      <trkpt lat="34.983856201172" lon="107.79583740234">
        <ele>7505.7</ele>
        <time>2026-05-01T16:41:02</time>
      </trkpt>
      <trkpt lat="34.966503143311" lon="107.82886505127">
        <ele>7505.7</ele>
        <time>2026-05-01T16:41:16</time>
      </trkpt>
      <trkpt lat="34.949661254883" lon="107.86102294922">
        <ele>7498.08</ele>
        <time>2026-05-01T16:41:31</time>
      </trkpt>
      <trkpt lat="34.931209564209" lon="107.89611053467">
        <ele>7498.08</ele>
        <time>2026-05-01T16:41:50</time>
      </trkpt>
      <trkpt lat="34.913909912109" lon="107.92896270752">
        <ele>7498.08</ele>
        <time>2026-05-01T16:42:05</time>
      </trkpt>
      <trkpt lat="34.896331787109" lon="107.96241760254">
        <ele>7498.08</ele>
        <time>2026-05-01T16:42:20</time>
      </trkpt>
      <trkpt lat="34.879501342773" lon="107.99434661865">
        <ele>7505.7</ele>
        <time>2026-05-01T16:42:35</time>
      </trkpt>
      <trkpt lat="34.862087249756" lon="108.02742004395">
        <ele>7505.7</ele>
        <time>2026-05-01T16:42:50</time>
      </trkpt>
      <trkpt lat="34.845096588135" lon="108.05952453613">
        <ele>7505.7</ele>
        <time>2026-05-01T16:43:05</time>
      </trkpt>
      <trkpt lat="34.82791519165" lon="108.09202575684">
        <ele>7505.7</ele>
        <time>2026-05-01T16:43:20</time>
      </trkpt>
      <trkpt lat="34.809391021729" lon="108.12698364258">
        <ele>7505.7</ele>
        <time>2026-05-01T16:43:35</time>
      </trkpt>
      <trkpt lat="34.792465209961" lon="108.15899658203">
        <ele>7505.7</ele>
        <time>2026-05-01T16:43:50</time>
      </trkpt>
      <trkpt lat="34.775405883789" lon="108.1911315918">
        <ele>7498.08</ele>
        <time>2026-05-01T16:44:05</time>
      </trkpt>
      <trkpt lat="34.757217407227" lon="108.22559356689">
        <ele>7498.08</ele>
        <time>2026-05-01T16:44:20</time>
      </trkpt>
      <trkpt lat="34.739959716797" lon="108.25810241699">
        <ele>7498.08</ele>
        <time>2026-05-01T16:44:35</time>
      </trkpt>
      <trkpt lat="34.722702026367" lon="108.29055786133">
        <ele>7490.46</ele>
        <time>2026-05-01T16:44:50</time>
      </trkpt>
      <trkpt lat="34.706089019775" lon="108.32176208496">
        <ele>7490.46</ele>
        <time>2026-05-01T16:45:05</time>
      </trkpt>
      <trkpt lat="34.688961029053" lon="108.35391998291">
        <ele>7490.46</ele>
        <time>2026-05-01T16:45:20</time>
      </trkpt>
      <trkpt lat="34.672012329102" lon="108.38556671143">
        <ele>7490.46</ele>
        <time>2026-05-01T16:45:35</time>
      </trkpt>
      <trkpt lat="34.654838562012" lon="108.41783905029">
        <ele>7490.46</ele>
        <time>2026-05-01T16:45:50</time>
      </trkpt>
      <trkpt lat="34.637878417969" lon="108.44957733154">
        <ele>7490.46</ele>
        <time>2026-05-01T16:46:05</time>
      </trkpt>
      <trkpt lat="34.620059967041" lon="108.48078155518">
        <ele>7482.84</ele>
        <time>2026-05-01T16:46:20</time>
      </trkpt>
      <trkpt lat="34.598831176758" lon="108.50714111328">
        <ele>7482.84</ele>
        <time>2026-05-01T16:46:35</time>
      </trkpt>
      <trkpt lat="34.573089599609" lon="108.52758026123">
        <ele>7490.46</ele>
        <time>2026-05-01T16:46:50</time>
      </trkpt>
      <trkpt lat="34.544311523438" lon="108.53998565674">
        <ele>7498.08</ele>
        <time>2026-05-01T16:47:04</time>
      </trkpt>
      <trkpt lat="34.515609741211" lon="108.54800415039">
        <ele>7505.7</ele>
        <time>2026-05-01T16:47:19</time>
      </trkpt>
      <trkpt lat="34.486640930176" lon="108.5560836792">
        <ele>7505.7</ele>
        <time>2026-05-01T16:47:34</time>
      </trkpt>
      <trkpt lat="34.457828521729" lon="108.56426239014">
        <ele>7505.7</ele>
        <time>2026-05-01T16:47:49</time>
      </trkpt>
      <trkpt lat="34.42679977417" lon="108.57317352295">
        <ele>7498.08</ele>
        <time>2026-05-01T16:48:09</time>
      </trkpt>
      <trkpt lat="34.397911071777" lon="108.58142852783">
        <ele>7498.08</ele>
        <time>2026-05-01T16:48:24</time>
      </trkpt>
      <trkpt lat="34.368679046631" lon="108.58966827393">
        <ele>7498.08</ele>
        <time>2026-05-01T16:48:39</time>
      </trkpt>
      <trkpt lat="34.339256286621" lon="108.59802246094">
        <ele>7490.46</ele>
        <time>2026-05-01T16:48:54</time>
      </trkpt>
      <trkpt lat="34.310489654541" lon="108.60608673096">
        <ele>7482.84</ele>
        <time>2026-05-01T16:49:09</time>
      </trkpt>
      <trkpt lat="34.281108856201" lon="108.61432647705">
        <ele>7482.84</ele>
        <time>2026-05-01T16:49:24</time>
      </trkpt>
      <trkpt lat="34.251659393311" lon="108.62261199951">
        <ele>7482.84</ele>
        <time>2026-05-01T16:49:39</time>
      </trkpt>
      <trkpt lat="34.222229003906" lon="108.63085174561">
        <ele>7482.84</ele>
        <time>2026-05-01T16:49:54</time>
      </trkpt>
      <trkpt lat="34.193408966064" lon="108.63887786865">
        <ele>7498.08</ele>
        <time>2026-05-01T16:50:09</time>
      </trkpt>
      <trkpt lat="34.163040161133" lon="108.64738464355">
        <ele>7498.08</ele>
        <time>2026-05-01T16:50:24</time>
      </trkpt>
      <trkpt lat="34.133514404297" lon="108.6556854248">
        <ele>7505.7</ele>
        <time>2026-05-01T16:50:39</time>
      </trkpt>
      <trkpt lat="34.104309082031" lon="108.66381072998">
        <ele>7505.7</ele>
        <time>2026-05-01T16:50:54</time>
      </trkpt>
      <trkpt lat="34.074886322021" lon="108.67527008057">
        <ele>7505.7</ele>
        <time>2026-05-01T16:51:09</time>
      </trkpt>
      <trkpt lat="34.047981262207" lon="108.69335174561">
        <ele>7513.32</ele>
        <time>2026-05-01T16:51:24</time>
      </trkpt>
      <trkpt lat="34.024890899658" lon="108.71875762939">
        <ele>7513.32</ele>
        <time>2026-05-01T16:51:39</time>
      </trkpt>
      <trkpt lat="34.003105163574" lon="108.74908447266">
        <ele>7513.32</ele>
        <time>2026-05-01T16:51:54</time>
      </trkpt>
      <trkpt lat="33.982250213623" lon="108.7783203125">
        <ele>7513.32</ele>
        <time>2026-05-01T16:52:09</time>
      </trkpt>
      <trkpt lat="33.961162567139" lon="108.80779266357">
        <ele>7513.32</ele>
        <time>2026-05-01T16:52:24</time>
      </trkpt>
      <trkpt lat="33.940246582031" lon="108.83701324463">
        <ele>7505.7</ele>
        <time>2026-05-01T16:52:39</time>
      </trkpt>
      <trkpt lat="33.918228149414" lon="108.86779022217">
        <ele>7498.08</ele>
        <time>2026-05-01T16:52:53</time>
      </trkpt>
      <trkpt lat="33.897800445557" lon="108.89630889893">
        <ele>7498.08</ele>
        <time>2026-05-01T16:53:08</time>
      </trkpt>
      <trkpt lat="33.882480621338" lon="108.91767120361">
        <ele>7498.08</ele>
        <time>2026-05-01T16:53:21</time>
      </trkpt>
      <trkpt lat="33.864170074463" lon="108.94322967529">
        <ele>7498.08</ele>
        <time>2026-05-01T16:53:33</time>
      </trkpt>
      <trkpt lat="33.834140777588" lon="108.98509979248">
        <ele>7498.08</ele>
        <time>2026-05-01T16:53:55</time>
      </trkpt>
      <trkpt lat="33.812118530273" lon="109.01570892334">
        <ele>7498.08</ele>
        <time>2026-05-01T16:54:10</time>
      </trkpt>
      <trkpt lat="33.791011810303" lon="109.04508972168">
        <ele>7498.08</ele>
        <time>2026-05-01T16:54:25</time>
      </trkpt>
      <trkpt lat="33.770389556885" lon="109.07375335693">
        <ele>7498.08</ele>
        <time>2026-05-01T16:54:40</time>
      </trkpt>
      <trkpt lat="33.748138427734" lon="109.10471343994">
        <ele>7498.08</ele>
        <time>2026-05-01T16:54:55</time>
      </trkpt>
      <trkpt lat="33.726100921631" lon="109.13526916504">
        <ele>7505.7</ele>
        <time>2026-05-01T16:55:10</time>
      </trkpt>
      <trkpt lat="33.697021484375" lon="109.17561340332">
        <ele>7498.08</ele>
        <time>2026-05-01T16:55:35</time>
      </trkpt>
      <trkpt lat="33.675380706787" lon="109.20565032959">
        <ele>7505.7</ele>
        <time>2026-05-01T16:55:50</time>
      </trkpt>
      <trkpt lat="33.652660369873" lon="109.23712158203">
        <ele>7505.7</ele>
        <time>2026-05-01T16:56:05</time>
      </trkpt>
      <trkpt lat="33.629943847656" lon="109.26847839355">
        <ele>7505.7</ele>
        <time>2026-05-01T16:56:20</time>
      </trkpt>
      <trkpt lat="33.609550476074" lon="109.29667663574">
        <ele>7498.08</ele>
        <time>2026-05-01T16:56:35</time>
      </trkpt>
      <trkpt lat="33.590324401855" lon="109.32437896729">
        <ele>7498.08</ele>
        <time>2026-05-01T16:56:49</time>
      </trkpt>
      <trkpt lat="33.57389831543" lon="109.35729217529">
        <ele>7498.08</ele>
        <time>2026-05-01T16:57:04</time>
      </trkpt>
      <trkpt lat="33.563606262207" lon="109.39413452148">
        <ele>7498.08</ele>
        <time>2026-05-01T16:57:19</time>
      </trkpt>
      <trkpt lat="33.560710906982" lon="109.42488861084">
        <ele>7498.08</ele>
        <time>2026-05-01T16:57:32</time>
      </trkpt>
      <trkpt lat="33.563827514648" lon="109.46710205078">
        <ele>7505.7</ele>
        <time>2026-05-01T16:57:47</time>
      </trkpt>
      <trkpt lat="33.568725585938" lon="109.50617218018">
        <ele>7505.7</ele>
        <time>2026-05-01T16:58:02</time>
      </trkpt>
      <trkpt lat="33.574264526367" lon="109.55068969727">
        <ele>7505.7</ele>
        <time>2026-05-01T16:58:20</time>
      </trkpt>
      <trkpt lat="33.579250335693" lon="109.59102630615">
        <ele>7505.7</ele>
        <time>2026-05-01T16:58:35</time>
      </trkpt>
      <trkpt lat="33.58597946167" lon="109.64562988281">
        <ele>7498.08</ele>
        <time>2026-05-01T16:58:58</time>
      </trkpt>
      <trkpt lat="33.591720581055" lon="109.69207763672">
        <ele>7490.46</ele>
        <time>2026-05-01T16:59:13</time>
      </trkpt>
      <trkpt lat="33.595729827881" lon="109.72441101074">
        <ele>7482.84</ele>
        <time>2026-05-01T16:59:27</time>
      </trkpt>
      <trkpt lat="33.599403381348" lon="109.75416564941">
        <ele>7482.84</ele>
        <time>2026-05-01T16:59:41</time>
      </trkpt>
      <trkpt lat="33.603790283203" lon="109.78980255127">
        <ele>7482.84</ele>
        <time>2026-05-01T16:59:53</time>
      </trkpt>
      <trkpt lat="33.608688354492" lon="109.82975769043">
        <ele>7482.84</ele>
        <time>2026-05-01T17:00:10</time>
      </trkpt>
      <trkpt lat="33.617294311523" lon="109.90022277832">
        <ele>7482.84</ele>
        <time>2026-05-01T17:00:38</time>
      </trkpt>
      <trkpt lat="33.621936798096" lon="109.93869781494">
        <ele>7482.84</ele>
        <time>2026-05-01T17:00:52</time>
      </trkpt>
      <trkpt lat="33.626998901367" lon="109.98037719727">
        <ele>7482.84</ele>
        <time>2026-05-01T17:01:07</time>
      </trkpt>
      <trkpt lat="33.631896972656" lon="110.02073669434">
        <ele>7490.46</ele>
        <time>2026-05-01T17:01:22</time>
      </trkpt>
      <trkpt lat="33.636692047119" lon="110.06028747559">
        <ele>7498.08</ele>
        <time>2026-05-01T17:01:37</time>
      </trkpt>
      <trkpt lat="33.641906738281" lon="110.10298156738">
        <ele>7498.08</ele>
        <time>2026-05-01T17:01:51</time>
      </trkpt>
      <trkpt lat="33.646591186523" lon="110.14197540283">
        <ele>7498.08</ele>
        <time>2026-05-01T17:02:06</time>
      </trkpt>
      <trkpt lat="33.651397705078" lon="110.18227386475">
        <ele>7498.08</ele>
        <time>2026-05-01T17:02:21</time>
      </trkpt>
      <trkpt lat="33.656478881836" lon="110.22462463379">
        <ele>7498.08</ele>
        <time>2026-05-01T17:02:40</time>
      </trkpt>
      <trkpt lat="33.661457061768" lon="110.26634216309">
        <ele>7513.32</ele>
        <time>2026-05-01T17:02:54</time>
      </trkpt>
      <trkpt lat="33.666229248047" lon="110.30665588379">
        <ele>7513.32</ele>
        <time>2026-05-01T17:03:09</time>
      </trkpt>
      <trkpt lat="33.670989990234" lon="110.34629058838">
        <ele>7513.32</ele>
        <time>2026-05-01T17:03:24</time>
      </trkpt>
      <trkpt lat="33.675933837891" lon="110.38826751709">
        <ele>7513.32</ele>
        <time>2026-05-01T17:03:39</time>
      </trkpt>
      <trkpt lat="33.680824279785" lon="110.4298248291">
        <ele>7513.32</ele>
        <time>2026-05-01T17:03:54</time>
      </trkpt>
      <trkpt lat="33.68575668335" lon="110.47176361084">
        <ele>7513.32</ele>
        <time>2026-05-01T17:04:13</time>
      </trkpt>
      <trkpt lat="33.691501617432" lon="110.52056121826">
        <ele>7505.7</ele>
        <time>2026-05-01T17:04:32</time>
      </trkpt>
      <trkpt lat="33.696029663086" lon="110.55950927734">
        <ele>7505.7</ele>
        <time>2026-05-01T17:04:47</time>
      </trkpt>
      <trkpt lat="33.70121383667" lon="110.60411834717">
        <ele>7505.7</ele>
        <time>2026-05-01T17:05:02</time>
      </trkpt>
      <trkpt lat="33.705867767334" lon="110.64434051514">
        <ele>7505.7</ele>
        <time>2026-05-01T17:05:16</time>
      </trkpt>
      <trkpt lat="33.710475921631" lon="110.68405151367">
        <ele>7498.08</ele>
        <time>2026-05-01T17:05:31</time>
      </trkpt>
      <trkpt lat="33.715038299561" lon="110.72353363037">
        <ele>7490.46</ele>
        <time>2026-05-01T17:05:45</time>
      </trkpt>
      <trkpt lat="33.719650268555" lon="110.76309204102">
        <ele>7490.46</ele>
        <time>2026-05-01T17:06:00</time>
      </trkpt>
      <trkpt lat="33.72416305542" lon="110.80267333984">
        <ele>7490.46</ele>
        <time>2026-05-01T17:06:15</time>
      </trkpt>
      <trkpt lat="33.728942871094" lon="110.84465026855">
        <ele>7490.46</ele>
        <time>2026-05-01T17:06:34</time>
      </trkpt>
      <trkpt lat="33.734710693359" lon="110.89537811279">
        <ele>7498.08</ele>
        <time>2026-05-01T17:06:53</time>
      </trkpt>
      <trkpt lat="33.739154815674" lon="110.93467712402">
        <ele>7490.46</ele>
        <time>2026-05-01T17:07:08</time>
      </trkpt>
      <trkpt lat="33.743774414062" lon="110.9750289917">
        <ele>7490.46</ele>
        <time>2026-05-01T17:07:23</time>
      </trkpt>
      <trkpt lat="33.747894287109" lon="111.0110168457">
        <ele>7490.46</ele>
        <time>2026-05-01T17:07:37</time>
      </trkpt>
      <trkpt lat="33.753158569336" lon="111.05737304688">
        <ele>7490.46</ele>
        <time>2026-05-01T17:07:52</time>
      </trkpt>
      <trkpt lat="33.757099151611" lon="111.0920715332">
        <ele>7498.08</ele>
        <time>2026-05-01T17:08:06</time>
      </trkpt>
      <trkpt lat="33.761405944824" lon="111.13008880615">
        <ele>7498.08</ele>
        <time>2026-05-01T17:08:21</time>
      </trkpt>
      <trkpt lat="33.766159057617" lon="111.17262268066">
        <ele>7498.08</ele>
        <time>2026-05-01T17:08:36</time>
      </trkpt>
      <trkpt lat="33.771461486816" lon="111.22044372559">
        <ele>7498.08</ele>
        <time>2026-05-01T17:08:55</time>
      </trkpt>
      <trkpt lat="33.775695800781" lon="111.25746154785">
        <ele>7498.08</ele>
        <time>2026-05-01T17:09:10</time>
      </trkpt>
      <trkpt lat="33.78165435791" lon="111.29614257812">
        <ele>7498.08</ele>
        <time>2026-05-01T17:09:24</time>
      </trkpt>
      <trkpt lat="33.792221069336" lon="111.34654998779">
        <ele>7444.74</ele>
        <time>2026-05-01T17:09:44</time>
      </trkpt>
      <trkpt lat="33.810562133789" lon="111.42110443115">
        <ele>7338.06</ele>
        <time>2026-05-01T17:10:14</time>
      </trkpt>
      <trkpt lat="33.827091217041" lon="111.48890686035">
        <ele>7239.0</ele>
        <time>2026-05-01T17:10:39</time>
      </trkpt>
      <trkpt lat="33.84114074707" lon="111.54665374756">
        <ele>7147.56</ele>
        <time>2026-05-01T17:11:00</time>
      </trkpt>
      <trkpt lat="33.852088928223" lon="111.59162139893">
        <ele>7078.98</ele>
        <time>2026-05-01T17:11:18</time>
      </trkpt>
      <trkpt lat="33.862701416016" lon="111.63549804688">
        <ele>7002.78</ele>
        <time>2026-05-01T17:11:40</time>
      </trkpt>
      <trkpt lat="33.894329071045" lon="111.76672363281">
        <ele>6797.04</ele>
        <time>2026-05-01T17:12:29</time>
      </trkpt>
      <trkpt lat="33.947849273682" lon="111.98925018311">
        <ele>6347.46</ele>
        <time>2026-05-01T17:14:01</time>
      </trkpt>
      <trkpt lat="33.979198455811" lon="112.12079620361">
        <ele>5989.32</ele>
        <time>2026-05-01T17:14:58</time>
      </trkpt>
      <trkpt lat="33.98876953125" lon="112.16121673584">
        <ele>5882.64</ele>
        <time>2026-05-01T17:15:13</time>
      </trkpt>
      <trkpt lat="33.995449066162" lon="112.18958282471">
        <ele>5806.44</ele>
        <time>2026-05-01T17:15:28</time>
      </trkpt>
      <trkpt lat="34.036834716797" lon="112.36474609375">
        <ele>5433.06</ele>
        <time>2026-05-01T17:16:42</time>
      </trkpt>
      <trkpt lat="34.135345458984" lon="112.78715515137">
        <ele>5433.06</ele>
        <time>2026-05-01T17:19:50</time>
      </trkpt>
      <trkpt lat="34.155750274658" lon="112.86157226562">
        <ele>4305.3</ele>
        <time>2026-05-01T17:20:24</time>
      </trkpt>
      <trkpt lat="34.187732696533" lon="112.94700622559">
        <ele>4099.56</ele>
        <time>2026-05-01T17:21:06</time>
      </trkpt>
      <trkpt lat="34.230045318604" lon="113.0608215332">
        <ele>3817.62</ele>
        <time>2026-05-01T17:22:05</time>
      </trkpt>
      <trkpt lat="34.247314453125" lon="113.1072769165">
        <ele>3688.08</ele>
        <time>2026-05-01T17:22:25</time>
      </trkpt>
      <trkpt lat="34.258026123047" lon="113.13612365723">
        <ele>3619.5</ele>
        <time>2026-05-01T17:22:40</time>
      </trkpt>
      <trkpt lat="34.267799377441" lon="113.16261291504">
        <ele>3596.64</ele>
        <time>2026-05-01T17:22:55</time>
      </trkpt>
      <trkpt lat="34.278030395508" lon="113.19023132324">
        <ele>3596.64</ele>
        <time>2026-05-01T17:23:10</time>
      </trkpt>
      <trkpt lat="34.303833007812" lon="113.25982666016">
        <ele>3596.64</ele>
        <time>2026-05-01T17:23:55</time>
      </trkpt>
      <trkpt lat="34.339096069336" lon="113.34616851807">
        <ele>3596.64</ele>
        <time>2026-05-01T17:24:47</time>
      </trkpt>
      <trkpt lat="34.371002197266" lon="113.37492370605">
        <ele>3596.64</ele>
        <time>2026-05-01T17:25:10</time>
      </trkpt>
      <trkpt lat="34.391372680664" lon="113.38495635986">
        <ele>3596.64</ele>
        <time>2026-05-01T17:25:24</time>
      </trkpt>
      <trkpt lat="34.405242919922" lon="113.39168548584">
        <ele>3596.64</ele>
        <time>2026-05-01T17:25:37</time>
      </trkpt>
      <trkpt lat="34.426914215088" lon="113.40242767334">
        <ele>3596.64</ele>
        <time>2026-05-01T17:25:52</time>
      </trkpt>
      <trkpt lat="34.450565338135" lon="113.41432952881">
        <ele>3589.02</ele>
        <time>2026-05-01T17:26:11</time>
      </trkpt>
      <trkpt lat="34.473129272461" lon="113.42744445801">
        <ele>3596.64</ele>
        <time>2026-05-01T17:26:28</time>
      </trkpt>
      <trkpt lat="34.496417999268" lon="113.45426940918">
        <ele>3596.64</ele>
        <time>2026-05-01T17:26:54</time>
      </trkpt>
      <trkpt lat="34.507591247559" lon="113.48339080811">
        <ele>3596.64</ele>
        <time>2026-05-01T17:27:10</time>
      </trkpt>
      <trkpt lat="34.510250091553" lon="113.50923156738">
        <ele>3596.64</ele>
        <time>2026-05-01T17:27:30</time>
      </trkpt>
      <trkpt lat="34.506851196289" lon="113.53649139404">
        <ele>3596.64</ele>
        <time>2026-05-01T17:27:45</time>
      </trkpt>
      <trkpt lat="34.498653411865" lon="113.56172943115">
        <ele>3596.64</ele>
        <time>2026-05-01T17:28:04</time>
      </trkpt>
      <trkpt lat="34.490982055664" lon="113.58422851562">
        <ele>3596.64</ele>
        <time>2026-05-01T17:28:19</time>
      </trkpt>
      <trkpt lat="34.482788085938" lon="113.60883331299">
        <ele>3596.64</ele>
        <time>2026-05-01T17:28:34</time>
      </trkpt>
      <trkpt lat="34.476169586182" lon="113.62856292725">
        <ele>3596.64</ele>
        <time>2026-05-01T17:28:49</time>
      </trkpt>
      <trkpt lat="34.468185424805" lon="113.65216064453">
        <ele>3543.3</ele>
        <time>2026-05-01T17:29:04</time>
      </trkpt>
      <trkpt lat="34.461090087891" lon="113.67324066162">
        <ele>3459.48</ele>
        <time>2026-05-01T17:29:19</time>
      </trkpt>
      <trkpt lat="34.453029632568" lon="113.69705200195">
        <ele>3383.28</ele>
        <time>2026-05-01T17:29:34</time>
      </trkpt>
      <trkpt lat="34.445209503174" lon="113.72010040283">
        <ele>3299.46</ele>
        <time>2026-05-01T17:29:49</time>
      </trkpt>
      <trkpt lat="34.437900543213" lon="113.74150848389">
        <ele>3230.88</ele>
        <time>2026-05-01T17:30:04</time>
      </trkpt>
      <trkpt lat="34.430549621582" lon="113.7629699707">
        <ele>3154.68</ele>
        <time>2026-05-01T17:30:19</time>
      </trkpt>
      <trkpt lat="34.423332214355" lon="113.78397369385">
        <ele>3086.1</ele>
        <time>2026-05-01T17:30:34</time>
      </trkpt>
      <trkpt lat="34.416351318359" lon="113.80422973633">
        <ele>3017.52</ele>
        <time>2026-05-01T17:30:49</time>
      </trkpt>
      <trkpt lat="34.40657043457" lon="113.8228225708">
        <ele>2941.32</ele>
        <time>2026-05-01T17:31:04</time>
      </trkpt>
      <trkpt lat="34.391399383545" lon="113.83792877197">
        <ele>2849.88</ele>
        <time>2026-05-01T17:31:19</time>
      </trkpt>
      <trkpt lat="34.376453399658" lon="113.84576416016">
        <ele>2796.54</ele>
        <time>2026-05-01T17:31:34</time>
      </trkpt>
      <trkpt lat="34.361434936523" lon="113.85260772705">
        <ele>2750.82</ele>
        <time>2026-05-01T17:31:49</time>
      </trkpt>
      <trkpt lat="34.346332550049" lon="113.85967254639">
        <ele>2674.62</ele>
        <time>2026-05-01T17:32:04</time>
      </trkpt>
      <trkpt lat="34.332870483398" lon="113.86605834961">
        <ele>2590.8</ele>
        <time>2026-05-01T17:32:19</time>
      </trkpt>
      <trkpt lat="34.317440032959" lon="113.87322998047">
        <ele>2491.74</ele>
        <time>2026-05-01T17:32:39</time>
      </trkpt>
      <trkpt lat="34.303691864014" lon="113.87958526611">
        <ele>2407.92</ele>
        <time>2026-05-01T17:32:54</time>
      </trkpt>
      <trkpt lat="34.288841247559" lon="113.88651275635">
        <ele>2331.72</ele>
        <time>2026-05-01T17:33:09</time>
      </trkpt>
      <trkpt lat="34.27515411377" lon="113.89274597168">
        <ele>2255.52</ele>
        <time>2026-05-01T17:33:24</time>
      </trkpt>
      <trkpt lat="34.260719299316" lon="113.90041351318">
        <ele>2179.32</ele>
        <time>2026-05-01T17:33:39</time>
      </trkpt>
      <trkpt lat="34.251689910889" lon="113.91203308105">
        <ele>2133.6</ele>
        <time>2026-05-01T17:33:54</time>
      </trkpt>
      <trkpt lat="34.248279571533" lon="113.92978668213">
        <ele>2103.12</ele>
        <time>2026-05-01T17:34:09</time>
      </trkpt>
      <trkpt lat="34.253082275391" lon="113.94649505615">
        <ele>2065.02</ele>
        <time>2026-05-01T17:34:24</time>
      </trkpt>
      <trkpt lat="34.26708984375" lon="113.9616317749">
        <ele>2019.3</ele>
        <time>2026-05-01T17:34:39</time>
      </trkpt>
      <trkpt lat="34.279998779297" lon="113.97406005859">
        <ele>1981.2</ele>
        <time>2026-05-01T17:34:54</time>
      </trkpt>
      <trkpt lat="34.292613983154" lon="113.98698425293">
        <ele>1935.48</ele>
        <time>2026-05-01T17:35:09</time>
      </trkpt>
      <trkpt lat="34.305130004883" lon="114.00007629395">
        <ele>1866.9</ele>
        <time>2026-05-01T17:35:24</time>
      </trkpt>
      <trkpt lat="34.317558288574" lon="114.01302337646">
        <ele>1798.32</ele>
        <time>2026-05-01T17:35:39</time>
      </trkpt>
      <trkpt lat="34.329898834229" lon="114.02577972412">
        <ele>1737.36</ele>
        <time>2026-05-01T17:35:54</time>
      </trkpt>
      <trkpt lat="34.341800689697" lon="114.03813934326">
        <ele>1668.78</ele>
        <time>2026-05-01T17:36:09</time>
      </trkpt>
      <trkpt lat="34.354293823242" lon="114.05103302002">
        <ele>1615.44</ele>
        <time>2026-05-01T17:36:24</time>
      </trkpt>
      <trkpt lat="34.363838195801" lon="114.06092071533">
        <ele>1577.34</ele>
        <time>2026-05-01T17:36:39</time>
      </trkpt>
      <trkpt lat="34.375431060791" lon="114.07288360596">
        <ele>1524.0</ele>
        <time>2026-05-01T17:36:54</time>
      </trkpt>
      <trkpt lat="34.386890411377" lon="114.08460998535">
        <ele>1478.28</ele>
        <time>2026-05-01T17:37:09</time>
      </trkpt>
      <trkpt lat="34.399360656738" lon="114.09741973877">
        <ele>1409.7</ele>
        <time>2026-05-01T17:37:24</time>
      </trkpt>
      <trkpt lat="34.413509368896" lon="114.11097717285">
        <ele>1318.26</ele>
        <time>2026-05-01T17:37:44</time>
      </trkpt>
      <trkpt lat="34.434085845947" lon="114.11338806152">
        <ele>1226.82</ele>
        <time>2026-05-01T17:38:02</time>
      </trkpt>
      <trkpt lat="34.451728820801" lon="114.09313201904">
        <ele>1203.96</ele>
        <time>2026-05-01T17:38:27</time>
      </trkpt>
      <trkpt lat="34.456466674805" lon="114.08208465576">
        <ele>1203.96</ele>
        <time>2026-05-01T17:38:42</time>
      </trkpt>
      <trkpt lat="34.468627929688" lon="114.04850006104">
        <ele>1066.8</ele>
        <time>2026-05-01T17:39:14</time>
      </trkpt>
    </trkseg>
  </trk>
</gpx>