Time,"UTC TIME",Anum,Fnum,Height,Speed,Angle,Longitude,Latitude
1783666218,"2026-07-10 06:50:18",B228X,HU430,0,5.5559998,104,100.75229644775,13.686779975891
1783666341,"2026-07-10 06:52:21",B228X,HU430,0,1.852,194,100.75171661377,13.687390327454
1783666342,"2026-07-10 06:52:22",B228X,HU430,0,1.852,194,100.75171661377,13.687399864197
1783666358,"2026-07-10 06:52:38",B228X,HU430,0,1.852,194,100.75171661377,13.687390327454
1783666363,"2026-07-10 06:52:43",B228X,HU430,0,1.852,194,100.75171661377,13.687399864197
1783666438,"2026-07-10 06:53:58",B228X,HU430,0,0,194,100.75171661377,13.687399864197
1783666579,"2026-07-10 06:56:19",B228X,HU430,0,0,194,100.75170898438,13.687419891357
1783666580,"2026-07-10 06:56:20",B228X,HU430,0,0,194,100.75171661377,13.687419891357
1783666634,"2026-07-10 06:57:14",B228X,HU430,0,0,194,100.75170898438,13.687419891357
1783666660,"2026-07-10 06:57:40",B228X,HU430,0,0,194,100.75171661377,13.687399864197
1783666687,"2026-07-10 06:58:07",B228X,HU430,0,7.408,194,100.75169372559,13.687239646912
1783666698,"2026-07-10 06:58:18",B228X,HU430,0,12.964,196,100.75158691406,13.686860084534
1783666703,"2026-07-10 06:58:23",B228X,HU430,0,12.964,196,100.75155639648,13.686719894409
1783666708,"2026-07-10 06:58:28",B228X,HU430,0,14.816,194,100.75151824951,13.686559677124
1783666719,"2026-07-10 06:58:39",B228X,HU430,0,14.816,202,100.75140380859,13.686180114746
1783666735,"2026-07-10 06:58:55",B228X,HU430,0,16.668,281,100.75081634521,13.685970306396
1783666740,"2026-07-10 06:59:00",B228X,HU430,0,18.52,284,100.7505569458,13.686030387878
1783666751,"2026-07-10 06:59:11",B228X,HU430,0,24.076,284,100.74996948242,13.686200141907
1783666772,"2026-07-10 06:59:32",B228X,HU430,0,29.632,284,100.74870300293,13.686519622803
1783666777,"2026-07-10 06:59:37",B228X,HU430,0,29.632,284,100.74842071533,13.686579704285
1783666782,"2026-07-10 06:59:42",B228X,HU430,0,31.484,284,100.74775695801,13.68673992157
1783666804,"2026-07-10 07:00:04",B228X,HU430,0,27.78,284,100.74619293213,13.687160491943
1783666814,"2026-07-10 07:00:14",B228X,HU430,0,24.076,284,100.74552154541,13.687319755554
1783666819,"2026-07-10 07:00:19",B228X,HU430,0,24.076,284,100.74517822266,13.687410354614
1783666825,"2026-07-10 07:00:25",B228X,HU430,0,22.224,284,100.7448425293,13.6875
1783666841,"2026-07-10 07:00:41",B228X,HU430,0,12.964,284,100.74420166016,13.687660217285
1783666846,"2026-07-10 07:00:46",B228X,HU430,0,11.112,284,100.74404144287,13.687689781189
1783666868,"2026-07-10 07:01:08",B228X,HU430,0,7.408,284,100.74353027344,13.68782043457
1783666894,"2026-07-10 07:01:34",B228X,HU430,0,3.704,284,100.74336242676,13.687860488892
1783666905,"2026-07-10 07:01:45",B228X,HU430,0,9.26,284,100.74317932129,13.687919616699
1783666916,"2026-07-10 07:01:56",B228X,HU430,0,16.668,284,100.74278259277,13.687999725342
1783666921,"2026-07-10 07:02:01",B228X,HU430,0,20.372,284,100.74252319336,13.688079833984
1783666927,"2026-07-10 07:02:07",B228X,HU430,0,22.224,284,100.74224090576,13.688139915466
1783666938,"2026-07-10 07:02:18",B228X,HU430,0,22.224,286,100.74156951904,13.688300132751
1783666943,"2026-07-10 07:02:23",B228X,HU430,0,18.52,298,100.74134063721,13.688389778137
1783666949,"2026-07-10 07:02:29",B228X,HU430,0,18.52,331,100.74121856689,13.688579559326
1783666954,"2026-07-10 07:02:34",B228X,HU430,0,18.52,354,100.74121856689,13.688779830933
1783666959,"2026-07-10 07:02:39",B228X,HU430,0,18.52,14,100.74125671387,13.689080238342
1783666970,"2026-07-10 07:02:50",B228X,HU430,0,20.372,14,100.74141693115,13.689620018005
1783666975,"2026-07-10 07:02:55",B228X,HU430,0,22.224,14,100.74147796631,13.689869880676
1783666980,"2026-07-10 07:03:00",B228X,HU430,0,24.076,14,100.74156951904,13.69021987915
1783666991,"2026-07-10 07:03:11",B228X,HU430,0,27.78,14,100.74173736572,13.690850257874
1783666996,"2026-07-10 07:03:16",B228X,HU430,0,29.632,14,100.74183654785,13.691220283508
1783667001,"2026-07-10 07:03:21",B228X,HU430,0,31.484,14,100.74195098877,13.691670417786
1783667006,"2026-07-10 07:03:26",B228X,HU430,0,33.336,14,100.74207305908,13.692079544067
1783667012,"2026-07-10 07:03:32",B228X,HU430,0,35.188,14,100.74220275879,13.692620277405
1783667017,"2026-07-10 07:03:37",B228X,HU430,0,37.04,14,100.74231719971,13.693079948425
1783667023,"2026-07-10 07:03:43",B228X,HU430,0,37.04,14,100.7424621582,13.693539619446
1783667028,"2026-07-10 07:03:48",B228X,HU430,0,38.892,14,100.74257659912,13.694060325623
1783667038,"2026-07-10 07:03:58",B228X,HU430,0,38.892,14,100.74284362793,13.695019721985
1783667071,"2026-07-10 07:04:31",B228X,HU430,0,44.448,14,100.74375152588,13.698539733887
1783667077,"2026-07-10 07:04:37",B228X,HU430,0,38.892,14,100.74389648438,13.699119567871
1783667093,"2026-07-10 07:04:53",B228X,HU430,0,37.04,14,100.74430084229,13.70059967041
1783667098,"2026-07-10 07:04:58",B228X,HU430,0,29.632,14,100.74440002441,13.700980186462
1783667109,"2026-07-10 07:05:09",B228X,HU430,0,16.668,14,100.7445602417,13.701580047607
1783667114,"2026-07-10 07:05:14",B228X,HU430,0,14.816,11,100.74459075928,13.701800346375
1783667125,"2026-07-10 07:05:25",B228X,HU430,0,12.964,331,100.74452209473,13.702159881592
1783667135,"2026-07-10 07:05:35",B228X,HU430,0,5.5559998,284,100.74429321289,13.702260017395
1783667157,"2026-07-10 07:05:57",B228X,HU430,0,1.852,284,100.74423980713,13.702280044556
1783667162,"2026-07-10 07:06:02",B228X,HU430,0,1.852,284,100.74423980713,13.702280044556
1783667167,"2026-07-10 07:06:07",B228X,HU430,0,0,284,100.74424743652,13.702260017395
1783667234,"2026-07-10 07:07:14",B228X,HU430,0,0,284,100.74392700195,13.702340126038
1783667236,"2026-07-10 07:07:16",B228X,HU430,0,18.52,284,100.74371337891,13.70240020752
1783667267,"2026-07-10 07:07:47",B228X,HU430,0,12.964,194,100.74278259277,13.702039718628
1783667273,"2026-07-10 07:07:53",B228X,HU430,0,14.816,194,100.74272155762,13.701840400696
1783667310,"2026-07-10 07:08:30",B228X,HU430,60.96,262.984,194,100.73966217041,13.690250396729
1783667327,"2026-07-10 07:08:47",B228X,HU430,121.92,318.544,194,100.73638916016,13.677749633789
1783667356,"2026-07-10 07:09:16",B228X,HU430,502.92,322.248,195,100.7303314209,13.65431022644
1783667372,"2026-07-10 07:09:32",B228X,HU430,617.22,325.952,196,100.72763061523,13.644559860229
1783667386,"2026-07-10 07:09:46",B228X,HU430,723.9,337.064,194,100.72444152832,13.631850242615
1783667401,"2026-07-10 07:10:01",B228X,HU430,838.2,340.768,197,100.72080993652,13.619110107422
1783667412,"2026-07-10 07:10:12",B228X,HU430,937.26,342.62,195,100.71817016602,13.609920501709
1783667426,"2026-07-10 07:10:26",B228X,HU430,1066.8,351.88,194,100.71475219727,13.596590042114
1783667441,"2026-07-10 07:10:41",B228X,HU430,1127.76,359.288,194,100.7120513916,13.586009979248
1783667463,"2026-07-10 07:11:03",B228X,HU430,1226.82,400.032,194,100.70703887939,13.567469596863
1783667482,"2026-07-10 07:11:22",B228X,HU430,1348.74,411.144,219,100.69776153564,13.547360420227
1783667496,"2026-07-10 07:11:36",B228X,HU430,1402.08,411.144,219,100.68681335449,13.538450241089
1783667512,"2026-07-10 07:11:52",B228X,HU430,1546.86,433.368,266,100.66752624512,13.533340454102
1783667526,"2026-07-10 07:12:06",B228X,HU430,1600.2,451.888,284,100.65370178223,13.535059928894
1783667541,"2026-07-10 07:12:21",B228X,HU430,1760.22,463,284,100.63558197021,13.539529800415
1783667556,"2026-07-10 07:12:36",B228X,HU430,1950.72,463,284,100.61714935303,13.543990135193
1783667571,"2026-07-10 07:12:51",B228X,HU430,2133.6,461.148,299,100.6000213623,13.549819946289
1783667586,"2026-07-10 07:13:06",B228X,HU430,2331.72,474.112,334,100.58721923828,13.563719749451
1783667601,"2026-07-10 07:13:21",B228X,HU430,2491.74,503.744,1,100.58354187012,13.581009864807
1783667621,"2026-07-10 07:13:41",B228X,HU430,2644.14,537.08,27,100.58930206299,13.601079940796
1783667636,"2026-07-10 07:13:56",B228X,HU430,2788.92,538.932,24,100.5987701416,13.619600296021
1783667651,"2026-07-10 07:14:11",B228X,HU430,2910.84,548.192,22,100.60724639893,13.63893032074
1783667666,"2026-07-10 07:14:26",B228X,HU430,3048,555.6,22,100.61567687988,13.658889770508
1783667681,"2026-07-10 07:14:41",B228X,HU430,3185.16,561.156,23,100.62441253662,13.678910255432
1783667692,"2026-07-10 07:14:52",B228X,HU430,3291.84,561.156,23,100.62993621826,13.691209793091
1783667706,"2026-07-10 07:15:06",B228X,HU430,3459.48,557.452,24,100.63871765137,13.710240364075
1783667721,"2026-07-10 07:15:21",B228X,HU430,3596.64,559.304,24,100.64758300781,13.729559898376
1783667736,"2026-07-10 07:15:36",B228X,HU430,3741.42,563.008,24,100.65654754639,13.748970031738
1783667747,"2026-07-10 07:15:47",B228X,HU430,3817.62,566.712,24,100.6628112793,13.762700080872
1783667761,"2026-07-10 07:16:01",B228X,HU430,3931.92,572.268,23,100.67127990723,13.781299591064
1783667775,"2026-07-10 07:16:15",B228X,HU430,4046.22,577.824,23,100.68019866943,13.800970077515
1783667790,"2026-07-10 07:16:30",B228X,HU430,4122.42,592.64,23,100.68974304199,13.822039604187
1783667805,"2026-07-10 07:16:45",B228X,HU430,4198.62,607.456,23,100.69892883301,13.842359542847
1783667820,"2026-07-10 07:17:00",B228X,HU430,4274.82,620.42,24,100.70825195312,13.862879753113
1783667835,"2026-07-10 07:17:15",B228X,HU430,4358.64,631.532,24,100.71839141846,13.884980201721
1783667850,"2026-07-10 07:17:30",B228X,HU430,4434.84,644.496,24,100.72839355469,13.906809806824
1783667865,"2026-07-10 07:17:45",B228X,HU430,4526.28,655.608,23,100.73934173584,13.930899620056
1783667880,"2026-07-10 07:18:00",B228X,HU430,4602.48,666.72,24,100.74949645996,13.953100204468
1783667895,"2026-07-10 07:18:15",B228X,HU430,4678.68,677.832,23,100.76045227051,13.977129936218
1783667910,"2026-07-10 07:18:30",B228X,HU430,4762.5,688.944,23,100.77152252197,14.001420021057
1783667925,"2026-07-10 07:18:45",B228X,HU430,4831.08,696.352,23,100.78086090088,14.021909713745
1783667940,"2026-07-10 07:19:00",B228X,HU430,4907.28,703.76,24,100.79203796387,14.046489715576
1783667955,"2026-07-10 07:19:15",B228X,HU430,4983.48,711.168,24,100.80335235596,14.071200370789
1783667970,"2026-07-10 07:19:30",B228X,HU430,5082.54,718.576,23,100.81627655029,14.09939956665
1783667990,"2026-07-10 07:19:50",B228X,HU430,5166.36,722.28,24,100.82842254639,14.125900268555
1783668010,"2026-07-10 07:20:10",B228X,HU430,5288.28,729.688,24,100.84648895264,14.165329933167
1783668025,"2026-07-10 07:20:25",B228X,HU430,5356.86,733.392,23,100.85710144043,14.188570022583
1783668040,"2026-07-10 07:20:40",B228X,HU430,5433.06,738.948,23,100.86846160889,14.21356010437
1783668060,"2026-07-10 07:21:00",B228X,HU430,5509.26,744.504,23,100.88157653809,14.242309570312
1783668075,"2026-07-10 07:21:15",B228X,HU430,5577.84,748.208,23,100.89362335205,14.26881980896
1783668090,"2026-07-10 07:21:30",B228X,HU430,5661.66,751.912,24,100.90644073486,14.296750068665
1783668119,"2026-07-10 07:21:59",B228X,HU430,5798.82,763.024,23,100.92942047119,14.347069740295
1783668135,"2026-07-10 07:22:15",B228X,HU430,5875.02,766.728,23,100.94100952148,14.372539520264
1783668149,"2026-07-10 07:22:29",B228X,HU430,5951.22,768.58,23,100.95350646973,14.399919509888
1783668165,"2026-07-10 07:22:45",B228X,HU430,6035.04,770.432,23,100.96743774414,14.430359840393
1783668184,"2026-07-10 07:23:04",B228X,HU430,6126.48,772.284,24,100.98190307617,14.461870193481
1783668198,"2026-07-10 07:23:18",B228X,HU430,6210.3,770.432,24,100.99490356445,14.490229606628
1783668213,"2026-07-10 07:23:33",B228X,HU430,6347.46,761.172,24,101.00550842285,14.513310432434
1783668227,"2026-07-10 07:23:47",B228X,HU430,6438.9,755.616,24,101.01564025879,14.535369873047
1783668242,"2026-07-10 07:24:02",B228X,HU430,6537.96,755.616,23,101.02932739258,14.56521987915
1783668257,"2026-07-10 07:24:17",B228X,HU430,6598.92,761.172,23,101.04116821289,14.591130256653
1783668277,"2026-07-10 07:24:37",B228X,HU430,6652.26,770.432,24,101.0559387207,14.623350143433
1783668297,"2026-07-10 07:24:57",B228X,HU430,6743.7,774.136,24,101.07369995117,14.662039756775
1783668319,"2026-07-10 07:25:19",B228X,HU430,6880.86,770.432,23,101.09094238281,14.699660301208
1783668334,"2026-07-10 07:25:34",B228X,HU430,6934.2,775.988,24,101.10215759277,14.724289894104
1783668354,"2026-07-10 07:25:54",B228X,HU430,7002.78,787.1,24,101.12158966064,14.766320228577
1783668384,"2026-07-10 07:26:24",B228X,HU430,7132.32,792.656,24,101.14586639404,14.818969726562
1783668399,"2026-07-10 07:26:39",B228X,HU430,7185.66,796.36,24,101.15765380859,14.844679832458
1783668416,"2026-07-10 07:26:56",B228X,HU430,7254.24,800.064,24,101.17172241211,14.875220298767
1783668461,"2026-07-10 07:27:41",B228X,HU430,7406.64,814.88,24,101.20793151855,14.953989982605
1783668472,"2026-07-10 07:27:52",B228X,HU430,7437.12,818.584,24,101.21719360352,14.974040031433
1783668490,"2026-07-10 07:28:10",B228X,HU430,7520.94,824.14,24,101.23564147949,15.014200210571
1783668509,"2026-07-10 07:28:29",B228X,HU430,7589.52,829.696,24,101.25034332275,15.046059608459
1783668529,"2026-07-10 07:28:49",B228X,HU430,7680.96,833.4,24,101.26864624023,15.085689544678
1783668571,"2026-07-10 07:29:31",B228X,HU430,7886.7,837.104,24,101.30612182617,15.167140007019
1783668582,"2026-07-10 07:29:42",B228X,HU430,7947.66,835.252,24,101.31571960449,15.187999725342
1783668609,"2026-07-10 07:30:09",B228X,HU430,8077.2,837.104,24,101.34018707275,15.241160392761
1783668620,"2026-07-10 07:30:20",B228X,HU430,8130.54,837.104,24,101.34956359863,15.261500358582
1783668631,"2026-07-10 07:30:31",B228X,HU430,8183.88,837.104,24,101.35868835449,15.281200408936
1783668646,"2026-07-10 07:30:46",B228X,HU430,8260.08,835.252,24,101.37168121338,15.309359550476
1783668668,"2026-07-10 07:31:08",B228X,HU430,8382,829.696,24,101.39071655273,15.350509643555
1783668679,"2026-07-10 07:31:19",B228X,HU430,8450.58,829.696,24,101.40043640137,15.371520042419
1783668700,"2026-07-10 07:31:40",B228X,HU430,8557.26,824.14,24,101.41921234131,15.412190437317
1783668716,"2026-07-10 07:31:56",B228X,HU430,8633.46,825.992,24,101.43347930908,15.443059921265
1783668728,"2026-07-10 07:32:08",B228X,HU430,8686.8,822.288,24,101.44316101074,15.463859558105
1783668749,"2026-07-10 07:32:29",B228X,HU430,8770.62,822.288,24,101.46153259277,15.503600120544
1783668765,"2026-07-10 07:32:45",B228X,HU430,8839.2,822.288,24,101.47638702393,15.535690307617
1783668810,"2026-07-10 07:33:30",B228X,HU430,8915.4,824.14,24,101.51068115234,15.609560012817
1783668827,"2026-07-10 07:33:47",B228X,HU430,8915.4,825.992,24,101.52578735352,15.642160415649
1783668870,"2026-07-10 07:34:30",B228X,HU430,9281.16,822.288,24,101.56787872314,15.732879638672
1783668904,"2026-07-10 07:35:04",B228X,HU430,9403.08,822.288,26,101.59377288818,15.788559913635
1783668918,"2026-07-10 07:35:18",B228X,HU430,9441.18,824.14,23,101.60415649414,15.810959815979
1783668947,"2026-07-10 07:35:47",B228X,HU430,9547.86,825.992,24,101.63226318359,15.871399879456
1783668981,"2026-07-10 07:36:21",B228X,HU430,9685.02,829.696,24,101.66674041748,15.945440292358
1783668992,"2026-07-10 07:36:32",B228X,HU430,9723.12,829.696,24,101.67630004883,15.965970039368
1783669006,"2026-07-10 07:36:46",B228X,HU430,9776.46,829.696,24,101.6893081665,15.994090080261
1783669031,"2026-07-10 07:37:11",B228X,HU430,9867.9,829.696,24,101.70867919922,16.035839080811
1783669046,"2026-07-10 07:37:26",B228X,HU430,9928.86,829.696,24,101.72290039062,16.066389083862
1783669057,"2026-07-10 07:37:37",B228X,HU430,9974.58,829.696,24,101.73349761963,16.089199066162
1783669076,"2026-07-10 07:37:56",B228X,HU430,10035.54,829.696,24,101.74742889404,16.119129180908
1783669091,"2026-07-10 07:38:11",B228X,HU430,10058.4,829.696,24,101.7612991333,16.148899078369
1783669116,"2026-07-10 07:38:36",B228X,HU430,10058.4,829.696,24,101.78289031982,16.195379257202
1783669131,"2026-07-10 07:38:51",B228X,HU430,10058.4,829.696,24,101.79637908936,16.224380493164
1783669146,"2026-07-10 07:39:06",B228X,HU430,10058.4,829.696,24,101.80972290039,16.252990722656
1783669161,"2026-07-10 07:39:21",B228X,HU430,10058.4,827.844,24,101.82334899902,16.282060623169
1783669177,"2026-07-10 07:39:37",B228X,HU430,10058.4,827.844,24,101.83772277832,16.312789916992
1783669192,"2026-07-10 07:39:52",B228X,HU430,10058.4,827.844,24,101.85260772705,16.344680786133
1783669207,"2026-07-10 07:40:07",B228X,HU430,10058.4,825.992,24,101.86533355713,16.371829986572
1783669223,"2026-07-10 07:40:23",B228X,HU430,10058.4,827.844,24,101.87686157227,16.396299362183
1783669235,"2026-07-10 07:40:35",B228X,HU430,10058.4,827.844,24,101.88819122314,16.420509338379
1783669259,"2026-07-10 07:40:59",B228X,HU430,10058.4,825.992,24,101.9107208252,16.468460083008
1783669310,"2026-07-10 07:41:50",B228X,HU430,10058.4,827.844,25,101.95162963867,16.555570602417
1783669342,"2026-07-10 07:42:22",B228X,HU430,10058.4,825.992,29,101.97939300537,16.612110137939
1783669387,"2026-07-10 07:43:07",B228X,HU430,10058.4,829.696,44,102.05111694336,16.695039749146
1783669398,"2026-07-10 07:43:18",B228X,HU430,10058.4,831.548,44,102.06775665283,16.711120605469
1783669441,"2026-07-10 07:44:01",B228X,HU430,10058.4,835.252,22,102.1206817627,16.785419464111
1783669457,"2026-07-10 07:44:17",B228X,HU430,10058.4,837.104,17,102.13150787354,16.815540313721
1783669473,"2026-07-10 07:44:33",B228X,HU430,10058.4,838.956,18,102.14199829102,16.846559524536
1783669499,"2026-07-10 07:44:59",B228X,HU430,10058.4,842.66,18,102.16004943848,16.899209976196
1783669521,"2026-07-10 07:45:21",B228X,HU430,10058.4,848.216,18,102.17559814453,16.944599151611
1783669532,"2026-07-10 07:45:32",B228X,HU430,10058.4,846.364,18,102.18329620361,16.967180252075
1783669567,"2026-07-10 07:46:07",B228X,HU430,10058.4,850.068,17,102.2042388916,17.028760910034
1783669583,"2026-07-10 07:46:23",B228X,HU430,10058.4,850.068,18,102.21449279785,17.058790206909
1783669628,"2026-07-10 07:47:08",B228X,HU430,10058.4,853.772,18,102.24942016602,17.160919189453
1783669659,"2026-07-10 07:47:39",B228X,HU430,10058.4,855.624,17,102.26780700684,17.215200424194
1783669686,"2026-07-10 07:48:06",B228X,HU430,10058.4,855.624,18,102.28993988037,17.280029296875
1783669712,"2026-07-10 07:48:32",B228X,HU430,10058.4,855.624,18,102.30815887451,17.333499908447
1783669723,"2026-07-10 07:48:43",B228X,HU430,10058.4,855.624,18,102.31553649902,17.355060577393
1783669738,"2026-07-10 07:48:58",B228X,HU430,10058.4,855.624,18,102.32611846924,17.386199951172
1783669775,"2026-07-10 07:49:35",B228X,HU430,10058.4,855.624,18,102.3512802124,17.459659576416
1783669786,"2026-07-10 07:49:46",B228X,HU430,10058.4,855.624,18,102.35870361328,17.481199264526
1783669797,"2026-07-10 07:49:57",B228X,HU430,10058.4,853.772,18,102.36669921875,17.504619598389
1783669842,"2026-07-10 07:50:42",B228X,HU430,10058.4,853.772,18,102.39367675781,17.583120346069
1783669858,"2026-07-10 07:50:58",B228X,HU430,10058.4,853.772,18,102.40458679199,17.614950180054
1783669876,"2026-07-10 07:51:16",B228X,HU430,10058.4,851.92,18,102.41562652588,17.64720916748
1783669932,"2026-07-10 07:52:12",B228X,HU430,10058.4,850.068,18,102.45762634277,17.769380569458
1783669947,"2026-07-10 07:52:27",B228X,HU430,10058.4,850.068,18,102.46727752686,17.797529220581
1783669963,"2026-07-10 07:52:43",B228X,HU430,10058.4,850.068,18,102.4790725708,17.831680297852
1783669978,"2026-07-10 07:52:58",B228X,HU430,10058.4,850.068,18,102.48860931396,17.859470367432
1783670023,"2026-07-10 07:53:43",B228X,HU430,10058.4,850.068,18,102.52014923096,17.951330184937
1783670037,"2026-07-10 07:53:57",B228X,HU430,10058.4,850.068,22,102.5315322876,17.982009887695
1783670077,"2026-07-10 07:54:37",B228X,HU430,10058.4,846.364,35,102.58016204834,18.063180923462
1783670098,"2026-07-10 07:54:58",B228X,HU430,10058.4,844.512,35,102.60749816895,18.099880218506
1783670128,"2026-07-10 07:55:28",B228X,HU430,10058.4,846.364,36,102.6388092041,18.141820907593
1783670167,"2026-07-10 07:56:07",B228X,HU430,10058.4,842.66,35,102.69686126709,18.219379425049
1783670183,"2026-07-10 07:56:23",B228X,HU430,10058.4,842.66,35,102.7180480957,18.247520446777
1783670205,"2026-07-10 07:56:45",B228X,HU430,10058.4,840.808,35,102.74653625488,18.285350799561
1783670216,"2026-07-10 07:56:56",B228X,HU430,10058.4,840.808,35,102.76011657715,18.30345916748
1783670250,"2026-07-10 07:57:30",B228X,HU430,10058.4,840.808,35,102.7961730957,18.351360321045
1783670295,"2026-07-10 07:58:15",B228X,HU430,10058.4,838.956,35,102.84851074219,18.420949935913
1783670354,"2026-07-10 07:59:14",B228X,HU430,10058.4,838.956,35,102.93311309814,18.533050537109
1783670383,"2026-07-10 07:59:43",B228X,HU430,10058.4,837.104,35,102.97622680664,18.590299606323
1783670430,"2026-07-10 08:00:30",B228X,HU430,10058.4,838.956,35,103.02693939209,18.657440185547
1783670463,"2026-07-10 08:01:03",B228X,HU430,10058.4,840.808,36,103.0665435791,18.709899902344
1783670519,"2026-07-10 08:01:59",B228X,HU430,10058.4,842.66,38,103.14430999756,18.81270980835
1783670546,"2026-07-10 08:02:26",B228X,HU430,10058.4,844.512,35,103.18594360352,18.86762046814
1783670572,"2026-07-10 08:02:52",B228X,HU430,10058.4,846.364,35,103.21974182129,18.912200927734
1783670593,"2026-07-10 08:03:13",B228X,HU430,10058.4,846.364,35,103.24823760986,18.949859619141
1783670613,"2026-07-10 08:03:33",B228X,HU430,10058.4,848.216,36,103.27192687988,18.981069564819
1783670640,"2026-07-10 08:04:00",B228X,HU430,10058.4,848.216,36,103.30523681641,19.025020599365
1783670654,"2026-07-10 08:04:14",B228X,HU430,10058.4,850.068,36,103.32627105713,19.052709579468
1783670669,"2026-07-10 08:04:29",B228X,HU430,10058.4,850.068,36,103.34903717041,19.082740783691
1783670693,"2026-07-10 08:04:53",B228X,HU430,10058.4,851.92,36,103.3754119873,19.117330551147
1783670713,"2026-07-10 08:05:13",B228X,HU430,10058.4,851.92,36,103.40557861328,19.156860351562
1783670727,"2026-07-10 08:05:27",B228X,HU430,10058.4,851.92,36,103.42320251465,19.179990768433
1783670742,"2026-07-10 08:05:42",B228X,HU430,10058.4,851.92,36,103.44271850586,19.205539703369
1783670757,"2026-07-10 08:05:57",B228X,HU430,10058.4,851.92,36,103.46360015869,19.232990264893
1783670772,"2026-07-10 08:06:12",B228X,HU430,10058.4,851.92,36,103.48042297363,19.255079269409
1783670794,"2026-07-10 08:06:34",B228X,HU430,10058.4,851.92,29,103.51287841797,19.299579620361
1783670825,"2026-07-10 08:07:05",B228X,HU430,10058.4,851.92,23,103.53959655762,19.355360031128
1783670844,"2026-07-10 08:07:24",B228X,HU430,10058.4,851.92,24,103.55603027344,19.390869140625
1783670866,"2026-07-10 08:07:46",B228X,HU430,10058.4,851.92,24,103.57411193848,19.429740905762
1783670893,"2026-07-10 08:08:13",B228X,HU430,10058.4,848.216,23,103.60122680664,19.488399505615
1783670908,"2026-07-10 08:08:28",B228X,HU430,10058.4,848.216,23,103.61645507812,19.521448135376
1783670940,"2026-07-10 08:09:00",B228X,HU430,10058.4,848.216,23,103.64453125,19.583084106445
1783670959,"2026-07-10 08:09:19",B228X,HU430,10058.4,848.216,23,103.66020202637,19.617671966553
1783670974,"2026-07-10 08:09:34",B228X,HU430,10058.4,848.216,23,103.67184448242,19.643463134766
1783670988,"2026-07-10 08:09:48",B228X,HU430,10058.4,848.216,23,103.68533325195,19.673446655273
1783671008,"2026-07-10 08:10:08",B228X,HU430,10058.4,846.364,23,103.70156860352,19.709701538086
1783671038,"2026-07-10 08:10:38",B228X,HU430,10058.4,846.364,27,103.72883605957,19.768295288086
1783671051,"2026-07-10 08:10:51",B228X,HU430,10058.4,846.364,28,103.74494171143,19.797317504883
1783671067,"2026-07-10 08:11:07",B228X,HU430,10058.4,846.364,28,103.75978088379,19.823860168457
1783671085,"2026-07-10 08:11:25",B228X,HU430,10058.4,846.364,28,103.77830505371,19.856950759888
1783671096,"2026-07-10 08:11:36",B228X,HU430,10058.4,848.216,28,103.79183959961,19.881156921387
1783671116,"2026-07-10 08:11:56",B228X,HU430,10058.4,848.216,27,103.80992126465,19.913639068604
1783671148,"2026-07-10 08:12:28",B228X,HU430,10058.4,848.216,27,103.8473815918,19.980560302734
1783671169,"2026-07-10 08:12:49",B228X,HU430,10058.4,846.364,28,103.8664932251,20.014528274536
1783671185,"2026-07-10 08:13:05",B228X,HU430,10058.4,846.364,28,103.88626861572,20.049722671509
1783671197,"2026-07-10 08:13:17",B228X,HU430,10058.4,842.66,28,103.89932250977,20.072799682617
1783671223,"2026-07-10 08:13:43",B228X,HU430,10058.4,837.104,28,103.92462158203,20.117460250854
1783671241,"2026-07-10 08:14:01",B228X,HU430,10058.4,835.252,28,103.94287872314,20.149749755859
1783671259,"2026-07-10 08:14:19",B228X,HU430,10058.4,833.4,28,103.96465301514,20.188613891602
1783671274,"2026-07-10 08:14:34",B228X,HU430,10058.4,829.696,28,103.97915649414,20.214052200317
1783671285,"2026-07-10 08:14:45",B228X,HU430,10066.02,831.548,28,103.99118804932,20.235372543335
1783671301,"2026-07-10 08:15:01",B228X,HU430,10058.4,831.548,28,104.00776672363,20.264747619629
1783671319,"2026-07-10 08:15:19",B228X,HU430,10058.4,831.548,28,104.02429962158,20.294214248657
1783671338,"2026-07-10 08:15:38",B228X,HU430,10058.4,829.696,28,104.04106903076,20.324249267578
1783671352,"2026-07-10 08:15:52",B228X,HU430,10058.4,831.548,27,104.05686187744,20.352951049805
1783671367,"2026-07-10 08:16:07",B228X,HU430,10058.4,829.696,30,104.07353210449,20.381698608398
1783671378,"2026-07-10 08:16:18",B228X,HU430,10058.4,829.696,33,104.08866882324,20.404451370239
1783671397,"2026-07-10 08:16:37",B228X,HU430,10058.4,829.696,33,104.10964202881,20.435501098633
1783671410,"2026-07-10 08:16:50",B228X,HU430,10058.4,831.548,32,104.12253570557,20.454620361328
1783671424,"2026-07-10 08:17:04",B228X,HU430,10058.4,831.548,32,104.14080047607,20.48192024231
1783671443,"2026-07-10 08:17:23",B228X,HU430,10058.4,833.4,32,104.16064453125,20.511520385742
1783671459,"2026-07-10 08:17:39",B228X,HU430,10058.4,837.104,33,104.18084716797,20.541595458984
1783671473,"2026-07-10 08:17:53",B228X,HU430,10058.4,837.104,33,104.1971282959,20.565660476685
1783671488,"2026-07-10 08:18:08",B228X,HU430,10058.4,838.956,33,104.21730804443,20.595314025879
1783671503,"2026-07-10 08:18:23",B228X,HU430,10058.4,842.66,33,104.23802947998,20.625900268555
1783671528,"2026-07-10 08:18:48",B228X,HU430,10058.4,844.512,38,104.26849365234,20.666725158691
1783671543,"2026-07-10 08:19:03",B228X,HU430,10058.4,844.512,38,104.28595733643,20.687942504883
1783671558,"2026-07-10 08:19:18",B228X,HU430,10058.4,846.364,38,104.30836486816,20.714950561523
1783671573,"2026-07-10 08:19:33",B228X,HU430,10058.4,844.512,38,104.33191680908,20.743305206299
1783671588,"2026-07-10 08:19:48",B228X,HU430,10058.4,846.364,38,104.34907531738,20.76383972168
1783671612,"2026-07-10 08:20:12",B228X,HU430,10058.4,846.364,39,104.3826751709,20.803756713867
1783671627,"2026-07-10 08:20:27",B228X,HU430,10058.4,846.364,38,104.40776824951,20.833429336548
1783671647,"2026-07-10 08:20:47",B228X,HU430,10058.4,844.512,39,104.43486022949,20.865417480469
1783671661,"2026-07-10 08:21:01",B228X,HU430,10058.4,846.364,39,104.45305633545,20.886840820312
1783671675,"2026-07-10 08:21:15",B228X,HU430,10058.4,844.512,39,104.47383880615,20.911405563354
1783671690,"2026-07-10 08:21:30",B228X,HU430,10058.4,844.512,38,104.49156951904,20.932306289673
1783671705,"2026-07-10 08:21:45",B228X,HU430,10058.4,842.66,39,104.51298522949,20.957473754883
1783671720,"2026-07-10 08:22:00",B228X,HU430,10058.4,835.252,38,104.53321075439,20.981279373169
1783671735,"2026-07-10 08:22:15",B228X,HU430,10058.4,829.696,39,104.55633544922,21.008558273315
1783671751,"2026-07-10 08:22:31",B228X,HU430,10058.4,825.992,39,104.57920837402,21.035293579102
1783671764,"2026-07-10 08:22:44",B228X,HU430,10058.4,827.844,39,104.60033416748,21.059967041016
1783671779,"2026-07-10 08:22:59",B228X,HU430,10058.4,829.696,38,104.61980438232,21.082992553711
1783671799,"2026-07-10 08:23:19",B228X,HU430,10058.4,829.696,38,104.64202880859,21.109760284424
1783671814,"2026-07-10 08:23:34",B228X,HU430,10058.4,827.844,38,104.66239929199,21.134399414062
1783671829,"2026-07-10 08:23:49",B228X,HU430,10058.4,827.844,38,104.68419647217,21.160598754883
1783671844,"2026-07-10 08:24:04",B228X,HU430,10058.4,829.696,38,104.70735168457,21.188507080078
1783671859,"2026-07-10 08:24:19",B228X,HU430,10058.4,829.696,37,104.72707366943,21.212450027466
1783671877,"2026-07-10 08:24:37",B228X,HU430,10058.4,831.548,37,104.74868774414,21.238620758057
1783671888,"2026-07-10 08:24:48",B228X,HU430,10058.4,831.548,38,104.76262664795,21.255477905273
1783671902,"2026-07-10 08:25:02",B228X,HU430,10058.4,833.4,38,104.78350067139,21.280750274658
1783671916,"2026-07-10 08:25:16",B228X,HU430,10058.4,833.4,38,104.80560302734,21.307470321655
1783671941,"2026-07-10 08:25:41",B228X,HU430,10058.4,833.4,38,104.8359375,21.344284057617
1783671960,"2026-07-10 08:26:00",B228X,HU430,10058.4,833.4,41,104.86630249023,21.378707885742
1783671975,"2026-07-10 08:26:15",B228X,HU430,10058.4,833.4,41,104.88764190674,21.401926040649
1783671994,"2026-07-10 08:26:34",B228X,HU430,10058.4,837.104,41,104.91114044189,21.427436828613
1783672014,"2026-07-10 08:26:54",B228X,HU430,10058.4,837.104,41,104.94085693359,21.459686279297
1783672039,"2026-07-10 08:27:19",B228X,HU430,10058.4,840.808,41,104.98320770264,21.505599975586
1783672053,"2026-07-10 08:27:33",B228X,HU430,10058.4,842.66,40,105.00350952148,21.527803421021
1783672073,"2026-07-10 08:27:53",B228X,HU430,10058.4,842.66,40,105.02994537354,21.556777954102
1783672087,"2026-07-10 08:28:07",B228X,HU430,10058.4,842.66,40,105.0521697998,21.580860137939
1783672102,"2026-07-10 08:28:22",B228X,HU430,10058.4,844.512,40,105.07404327393,21.604709625244
1783672117,"2026-07-10 08:28:37",B228X,HU430,10058.4,844.512,40,105.09576416016,21.628646850586
1783672132,"2026-07-10 08:28:52",B228X,HU430,10058.4,842.66,47,105.1209487915,21.653770446777
1783672151,"2026-07-10 08:29:11",B228X,HU430,10058.4,842.66,58,105.14943695068,21.67388343811
1783672165,"2026-07-10 08:29:25",B228X,HU430,10058.4,842.66,66,105.18000793457,21.68879699707
1783672179,"2026-07-10 08:29:39",B228X,HU430,10058.4,840.808,71,105.21147155762,21.699869155884
1783672194,"2026-07-10 08:29:54",B228X,HU430,10058.4,837.104,75,105.24459838867,21.708518981934
1783672209,"2026-07-10 08:30:09",B228X,HU430,10058.4,837.104,76,105.27858734131,21.716857910156
1783672224,"2026-07-10 08:30:24",B228X,HU430,10058.4,833.4,78,105.31173706055,21.724069595337
1783672245,"2026-07-10 08:30:45",B228X,HU430,10058.4,833.4,78,105.34922027588,21.731609344482
1783672259,"2026-07-10 08:30:59",B228X,HU430,10058.4,833.4,78,105.38080596924,21.737892150879
1783672274,"2026-07-10 08:31:14",B228X,HU430,10058.4,833.4,78,105.41342163086,21.744459152222
1783672289,"2026-07-10 08:31:29",B228X,HU430,10058.4,831.548,78,105.44702911377,21.751346588135
1783672304,"2026-07-10 08:31:44",B228X,HU430,10058.4,827.844,77,105.48345184326,21.758890151978
1783672319,"2026-07-10 08:31:59",B228X,HU430,10058.4,827.844,77,105.51579284668,21.765563964844
1783672330,"2026-07-10 08:32:10",B228X,HU430,10058.4,827.844,77,105.53812408447,21.770246505737
1783672348,"2026-07-10 08:32:28",B228X,HU430,10058.4,827.844,77,105.57714080811,21.778490066528
1783672363,"2026-07-10 08:32:43",B228X,HU430,10058.4,827.844,77,105.61376953125,21.786209106445
1783672382,"2026-07-10 08:33:02",B228X,HU430,10058.4,827.844,77,105.65032196045,21.793899536133
1783672395,"2026-07-10 08:33:15",B228X,HU430,10058.4,829.696,78,105.68268585205,21.800628662109
1783672421,"2026-07-10 08:33:41",B228X,HU430,10058.4,831.548,78,105.7296295166,21.810329437256
1783672439,"2026-07-10 08:33:59",B228X,HU430,10058.4,831.548,77,105.77616119385,21.819965362549
1783672458,"2026-07-10 08:34:18",B228X,HU430,10058.4,833.4,78,105.81613922119,21.82825088501
1783672473,"2026-07-10 08:34:33",B228X,HU430,10058.4,833.4,78,105.85092926025,21.835420608521
1783672489,"2026-07-10 08:34:49",B228X,HU430,10058.4,835.252,78,105.8826675415,21.841938018799
1783672508,"2026-07-10 08:35:08",B228X,HU430,10058.4,837.104,77,105.92010498047,21.84966468811
1783672523,"2026-07-10 08:35:23",B228X,HU430,10058.4,838.956,77,105.9528503418,21.856430053711
1783672543,"2026-07-10 08:35:43",B228X,HU430,10058.4,840.808,77,105.99758911133,21.865629196167
1783672563,"2026-07-10 08:36:03",B228X,HU430,10058.4,840.808,78,106.0407409668,21.874465942383
1783672582,"2026-07-10 08:36:22",B228X,HU430,10058.4,842.66,77,106.08927154541,21.884393692017
1783672602,"2026-07-10 08:36:42",B228X,HU430,10058.4,844.512,77,106.12777709961,21.892213821411
1783672622,"2026-07-10 08:37:02",B228X,HU430,10058.4,844.512,78,106.17372131348,21.901569366455
1783672637,"2026-07-10 08:37:17",B228X,HU430,10058.4,846.364,77,106.20793151855,21.908569335938
1783672652,"2026-07-10 08:37:32",B228X,HU430,10058.4,850.068,78,106.24018859863,21.915119171143
1783672667,"2026-07-10 08:37:47",B228X,HU430,10058.4,850.068,77,106.27616119385,21.922479629517
1783672686,"2026-07-10 08:38:06",B228X,HU430,10058.4,850.068,77,106.31439971924,21.930358886719
1783672701,"2026-07-10 08:38:21",B228X,HU430,10058.4,851.92,78,106.34755706787,21.937129974365
1783672716,"2026-07-10 08:38:36",B228X,HU430,10058.4,850.068,77,106.38584899902,21.944910049438
1783672731,"2026-07-10 08:38:51",B228X,HU430,10058.4,850.068,77,106.4213104248,21.952129364014
1783672746,"2026-07-10 08:39:06",B228X,HU430,10058.4,850.068,68,106.45690917969,21.961019515991
1783672765,"2026-07-10 08:39:25",B228X,HU430,10058.4,842.66,50,106.48777770996,21.977920532227
1783672780,"2026-07-10 08:39:40",B228X,HU430,10058.4,840.808,33,106.51159667969,22.002729415894
1783672795,"2026-07-10 08:39:55",B228X,HU430,10050.78,838.956,30,106.52938079834,22.029649734497
1783672810,"2026-07-10 08:40:10",B228X,HU430,10058.4,838.956,29,106.54637908936,22.057149887085
1783672824,"2026-07-10 08:40:24",B228X,HU430,10058.4,837.104,28,106.56269073486,22.084669113159
1783672839,"2026-07-10 08:40:39",B228X,HU430,10058.4,837.104,28,106.57891845703,22.112369537354
1783672854,"2026-07-10 08:40:54",B228X,HU430,10058.4,835.252,22,106.59519958496,22.142200469971
1783672869,"2026-07-10 08:41:09",B228X,HU430,10058.4,835.252,19,106.60678100586,22.172239303589
1783672884,"2026-07-10 08:41:24",B228X,HU430,10058.4,833.4,17,106.61753082275,22.202112197876
1783672899,"2026-07-10 08:41:39",B228X,HU430,10058.4,833.4,8,106.62461090088,22.23203086853
1783672914,"2026-07-10 08:41:54",B228X,HU430,10058.4,831.548,8,106.6296081543,22.263429641724
1783672929,"2026-07-10 08:42:09",B228X,HU430,10058.4,833.4,8,106.63455200195,22.294050216675
1783672944,"2026-07-10 08:42:24",B228X,HU430,10058.4,835.252,7,106.63945770264,22.325849533081
1783672959,"2026-07-10 08:42:39",B228X,HU430,10058.4,837.104,11,106.64424133301,22.356149673462
1783672979,"2026-07-10 08:42:59",B228X,HU430,10058.4,835.252,20,106.6547164917,22.388740539551
1783672994,"2026-07-10 08:43:14",B228X,HU430,10058.4,835.252,20,106.66635894775,22.417879104614
1783673009,"2026-07-10 08:43:29",B228X,HU430,10043.16,835.252,21,106.67826080322,22.447303771973
1783673024,"2026-07-10 08:43:44",B228X,HU430,9966.96,829.696,20,106.69072723389,22.478439331055
1783673039,"2026-07-10 08:43:59",B228X,HU430,9898.38,831.548,20,106.70227050781,22.507680892944
1783673053,"2026-07-10 08:44:13",B228X,HU430,9822.18,831.548,20,106.71401977539,22.537570953369
1783673068,"2026-07-10 08:44:28",B228X,HU430,9753.6,833.4,20,106.72535705566,22.566520690918
1783673083,"2026-07-10 08:44:43",B228X,HU430,9677.4,831.548,28,106.73872375488,22.595439910889
1783673098,"2026-07-10 08:44:58",B228X,HU430,9601.2,835.252,36,106.75779724121,22.621580123901
1783673113,"2026-07-10 08:45:13",B228X,HU430,9532.62,835.252,37,106.77825927734,22.646829605103
1783673128,"2026-07-10 08:45:28",B228X,HU430,9471.66,831.548,36,106.79974365234,22.673259735107
1783673143,"2026-07-10 08:45:43",B228X,HU430,9479.28,829.696,36,106.81996917725,22.698299407959
1783673163,"2026-07-10 08:46:03",B228X,HU430,9479.28,829.696,36,106.84239196777,22.726230621338
1783673178,"2026-07-10 08:46:18",B228X,HU430,9479.28,827.844,42,106.86396026611,22.750539779663
1783673193,"2026-07-10 08:46:33",B228X,HU430,9479.28,824.14,50,106.88952636719,22.773380279541
1783673208,"2026-07-10 08:46:48",B228X,HU430,9479.28,818.584,58,106.91674804688,22.791641235352
1783673223,"2026-07-10 08:47:03",B228X,HU430,9479.28,814.88,68,106.94456481934,22.80436706543
1783673238,"2026-07-10 08:47:18",B228X,HU430,9479.28,814.88,74,106.97605895996,22.813899993896
1783673253,"2026-07-10 08:47:33",B228X,HU430,9479.28,814.88,74,107.00888061523,22.822219848633
1783673268,"2026-07-10 08:47:48",B228X,HU430,9479.28,814.88,74,107.04168701172,22.830549240112
1783673283,"2026-07-10 08:48:03",B228X,HU430,9479.28,814.88,74,107.07433319092,22.838850021362
1783673297,"2026-07-10 08:48:17",B228X,HU430,9479.28,813.028,74,107.10771179199,22.847400665283
1783673312,"2026-07-10 08:48:32",B228X,HU430,9479.28,813.028,74,107.14050292969,22.855751037598
1783673327,"2026-07-10 08:48:47",B228X,HU430,9479.28,811.176,74,107.1745300293,22.864410400391
1783673342,"2026-07-10 08:49:02",B228X,HU430,9479.28,809.324,74,107.20509338379,22.87220954895
1783673357,"2026-07-10 08:49:17",B228X,HU430,9479.28,809.324,74,107.237449646,22.880470275879
1783673372,"2026-07-10 08:49:32",B228X,HU430,9479.28,807.472,74,107.26876068115,22.888460159302
1783673391,"2026-07-10 08:49:51",B228X,HU430,9479.28,807.472,74,107.30760955811,22.898439407349
1783673406,"2026-07-10 08:50:06",B228X,HU430,9479.28,807.472,78,107.34032440186,22.906402587891
1783673426,"2026-07-10 08:50:26",B228X,HU430,9479.28,809.324,85,107.37558746338,22.910259246826
1783673441,"2026-07-10 08:50:41",B228X,HU430,9479.28,811.176,94,107.40986633301,22.910259246826
1783673456,"2026-07-10 08:50:56",B228X,HU430,9479.28,813.028,99,107.44598388672,22.906074523926
1783673471,"2026-07-10 08:51:11",B228X,HU430,9479.28,811.176,100,107.47940063477,22.900020599365
1783673486,"2026-07-10 08:51:26",B228X,HU430,9479.28,811.176,100,107.51235961914,22.894109725952
1783673500,"2026-07-10 08:51:40",B228X,HU430,9479.28,811.176,98,107.54491424561,22.888757705688
1783673515,"2026-07-10 08:51:55",B228X,HU430,9479.28,811.176,89,107.57653045654,22.887079238892
1783673534,"2026-07-10 08:52:14",B228X,HU430,9479.28,811.176,81,107.61164093018,22.889919281006
1783673549,"2026-07-10 08:52:29",B228X,HU430,9479.28,814.88,74,107.64771270752,22.897790908813
1783673563,"2026-07-10 08:52:43",B228X,HU430,9479.28,814.88,75,107.67864990234,22.905439376831
1783673574,"2026-07-10 08:52:54",B228X,HU430,9479.28,818.584,75,107.70076751709,22.910890579224
1783673588,"2026-07-10 08:53:08",B228X,HU430,9479.28,820.436,75,107.73243713379,22.918739318848
1783673603,"2026-07-10 08:53:23",B228X,HU430,9479.28,822.288,74,107.76342010498,22.926469802856
1783673618,"2026-07-10 08:53:38",B228X,HU430,9479.28,822.288,74,107.7974395752,22.934980392456
1783673633,"2026-07-10 08:53:53",B228X,HU430,9479.28,822.288,74,107.83020782471,22.943210601807
1783673648,"2026-07-10 08:54:08",B228X,HU430,9479.28,822.288,75,107.86270141602,22.951370239258
1783673673,"2026-07-10 08:54:33",B228X,HU430,9479.28,825.992,75,107.90796661377,22.962730407715
1783673688,"2026-07-10 08:54:48",B228X,HU430,9479.28,824.14,74,107.94078063965,22.970920562744
1783673702,"2026-07-10 08:55:02",B228X,HU430,9479.28,824.14,74,107.97277069092,22.978929519653
1783673717,"2026-07-10 08:55:17",B228X,HU430,9479.28,824.14,74,108.00453948975,22.986879348755
1783673732,"2026-07-10 08:55:32",B228X,HU430,9479.28,824.14,75,108.03684997559,22.994890213013
1783673747,"2026-07-10 08:55:47",B228X,HU430,9479.28,825.992,74,108.0690536499,23.002899169922
1783673762,"2026-07-10 08:56:02",B228X,HU430,9479.28,825.992,74,108.10252380371,23.01123046875
1783673777,"2026-07-10 08:56:17",B228X,HU430,9479.28,825.992,74,108.13613128662,23.019609451294
1783673792,"2026-07-10 08:56:32",B228X,HU430,9479.28,827.844,74,108.17134094238,23.028350830078
1783673807,"2026-07-10 08:56:47",B228X,HU430,9479.28,829.696,75,108.20314788818,23.036220550537
1783673821,"2026-07-10 08:57:01",B228X,HU430,9479.28,829.696,75,108.23610687256,23.044370651245
1783673836,"2026-07-10 08:57:16",B228X,HU430,9479.28,829.696,75,108.26872253418,23.052379608154
1783673851,"2026-07-10 08:57:31",B228X,HU430,9479.28,829.696,75,108.30171966553,23.060489654541
1783673866,"2026-07-10 08:57:46",B228X,HU430,9479.28,829.696,75,108.33408355713,23.068450927734
1783673881,"2026-07-10 08:58:01",B228X,HU430,9479.28,833.4,75,108.36689758301,23.076549530029
1783673896,"2026-07-10 08:58:16",B228X,HU430,9479.28,833.4,75,108.39904785156,23.084470748901
1783673911,"2026-07-10 08:58:31",B228X,HU430,9479.28,835.252,75,108.43241119385,23.092670440674
1783673930,"2026-07-10 08:58:50",B228X,HU430,9479.28,835.252,75,108.46732330322,23.101270675659
1783673945,"2026-07-10 08:59:05",B228X,HU430,9479.28,837.104,75,108.50276947021,23.109970092773
1783673960,"2026-07-10 08:59:20",B228X,HU430,9479.28,837.104,75,108.53546142578,23.118030548096
1783673975,"2026-07-10 08:59:35",B228X,HU430,9479.28,837.104,75,108.56823730469,23.126039505005
1783673990,"2026-07-10 08:59:50",B228X,HU430,9479.28,837.104,75,108.6024017334,23.134410858154
1783674004,"2026-07-10 09:00:04",B228X,HU430,9479.28,838.956,75,108.6368637085,23.142879486084
1783674019,"2026-07-10 09:00:19",B228X,HU430,9479.28,837.104,75,108.6692276001,23.150749206543
1783674034,"2026-07-10 09:00:34",B228X,HU430,9479.28,838.956,75,108.70204162598,23.158760070801
1783674048,"2026-07-10 09:00:48",B228X,HU430,9479.28,838.956,68,108.72686004639,23.16607093811
1783674063,"2026-07-10 09:01:03",B228X,HU430,9479.28,838.956,55,108.75756072998,23.181659698486
1783674077,"2026-07-10 09:01:17",B228X,HU430,9479.28,840.808,43,108.78408050537,23.203260421753
1783674092,"2026-07-10 09:01:32",B228X,HU430,9479.28,842.66,38,108.80503082275,23.227289199829
1783674112,"2026-07-10 09:01:52",B228X,HU430,9479.28,844.512,38,108.82887268066,23.255079269409
1783674127,"2026-07-10 09:02:07",B228X,HU430,9479.28,842.66,38,108.85188293457,23.281839370728
1783674142,"2026-07-10 09:02:22",B228X,HU430,9479.28,842.66,38,108.87306213379,23.306629180908
1783674157,"2026-07-10 09:02:37",B228X,HU430,9479.28,846.364,38,108.89404296875,23.331209182739
1783674172,"2026-07-10 09:02:52",B228X,HU430,9479.28,844.512,38,108.91663360596,23.357719421387
1783674187,"2026-07-10 09:03:07",B228X,HU430,9479.28,844.512,38,108.93966674805,23.384859085083
1783674202,"2026-07-10 09:03:22",B228X,HU430,9479.28,846.364,38,108.96183776855,23.410890579224
1783674222,"2026-07-10 09:03:42",B228X,HU430,9479.28,842.66,38,108.98757171631,23.441207885742
1783674237,"2026-07-10 09:03:57",B228X,HU430,9479.28,842.66,38,109.01052093506,23.468240737915
1783674252,"2026-07-10 09:04:12",B228X,HU430,9479.28,840.808,38,109.03206634521,23.493619918823
1783674267,"2026-07-10 09:04:27",B228X,HU430,9479.28,842.66,38,109.05403900146,23.51948928833
1783674286,"2026-07-10 09:04:46",B228X,HU430,9479.28,840.808,38,109.07694244385,23.546360015869
1783674301,"2026-07-10 09:05:01",B228X,HU430,9479.28,837.104,38,109.09734344482,23.570297241211
1783674316,"2026-07-10 09:05:16",B228X,HU430,9479.28,837.104,38,109.11988830566,23.596769332886
1783674331,"2026-07-10 09:05:31",B228X,HU430,9479.28,837.104,38,109.14098358154,23.621570587158
1783674346,"2026-07-10 09:05:46",B228X,HU430,9479.28,838.956,38,109.16255187988,23.646789550781
1783674361,"2026-07-10 09:06:01",B228X,HU430,9479.28,837.104,38,109.1837387085,23.671630859375
1783674375,"2026-07-10 09:06:15",B228X,HU430,9479.28,835.252,38,109.20496368408,23.696502685547
1783674390,"2026-07-10 09:06:30",B228X,HU430,9471.66,829.696,35,109.22467803955,23.720460891724
1783674404,"2026-07-10 09:06:44",B228X,HU430,9486.9,818.584,34,109.24385070801,23.746761322021
1783674419,"2026-07-10 09:06:59",B228X,HU430,9479.28,818.584,34,109.26229858398,23.772085189819
1783674438,"2026-07-10 09:07:18",B228X,HU430,9479.28,820.436,34,109.28207397461,23.799041748047
1783674453,"2026-07-10 09:07:33",B228X,HU430,9479.28,820.436,34,109.30130004883,23.825225830078
1783674468,"2026-07-10 09:07:48",B228X,HU430,9479.28,822.288,34,109.31996917725,23.850631713867
1783674483,"2026-07-10 09:08:03",B228X,HU430,9479.28,822.288,34,109.33863067627,23.876129150391
1783674498,"2026-07-10 09:08:18",B228X,HU430,9479.28,824.14,34,109.35713195801,23.901315689087
1783674513,"2026-07-10 09:08:33",B228X,HU430,9479.28,824.14,34,109.37635803223,23.927570343018
1783674528,"2026-07-10 09:08:48",B228X,HU430,9479.28,824.14,34,109.39529418945,23.953399658203
1783674543,"2026-07-10 09:09:03",B228X,HU430,9479.28,822.288,41,109.41605377197,23.977754592896
1783674558,"2026-07-10 09:09:18",B228X,HU430,9479.28,822.288,48,109.44010162354,23.999359130859
1783674573,"2026-07-10 09:09:33",B228X,HU430,9479.28,824.14,52,109.46575164795,24.017980575562
1783674588,"2026-07-10 09:09:48",B228X,HU430,9479.28,825.992,52,109.49279785156,24.037078857422
1783674603,"2026-07-10 09:10:03",B228X,HU430,9479.28,825.992,51,109.51928710938,24.05591583252
1783674618,"2026-07-10 09:10:18",B228X,HU430,9479.28,825.992,45,109.54473114014,24.077142715454
1783674633,"2026-07-10 09:10:33",B228X,HU430,9479.28,825.992,39,109.56756591797,24.100479125977
1783674648,"2026-07-10 09:10:48",B228X,HU430,9479.28,825.992,34,109.58724975586,24.125106811523
1783674663,"2026-07-10 09:11:03",B228X,HU430,9479.28,824.14,34,109.6058807373,24.150323867798
1783674678,"2026-07-10 09:11:18",B228X,HU430,9479.28,825.992,34,109.625,24.176160812378
1783674693,"2026-07-10 09:11:33",B228X,HU430,9479.28,824.14,34,109.64412689209,24.201950073242
1783674708,"2026-07-10 09:11:48",B228X,HU430,9479.28,824.14,34,109.66335296631,24.227832794189
1783674723,"2026-07-10 09:12:03",B228X,HU430,9479.28,825.992,34,109.68225860596,24.253509521484
1783674738,"2026-07-10 09:12:18",B228X,HU430,9479.28,825.992,34,109.70108032227,24.278993606567
1783674753,"2026-07-10 09:12:33",B228X,HU430,9479.28,824.14,34,109.71999359131,24.304689407349
1783674768,"2026-07-10 09:12:48",B228X,HU430,9479.28,825.992,34,109.73867034912,24.330001831055
1783674783,"2026-07-10 09:13:03",B228X,HU430,9479.28,824.14,34,109.75794219971,24.356002807617
1783674798,"2026-07-10 09:13:18",B228X,HU430,9479.28,825.992,34,109.77715301514,24.381874084473
1783674813,"2026-07-10 09:13:33",B228X,HU430,9479.28,824.14,34,109.79589080811,24.406997680664
1783674828,"2026-07-10 09:13:48",B228X,HU430,9479.28,825.992,34,109.81511688232,24.432815551758
1783674843,"2026-07-10 09:14:03",B228X,HU430,9479.28,824.14,34,109.83419036865,24.458404541016
1783674857,"2026-07-10 09:14:17",B228X,HU430,9479.28,825.992,34,109.85327911377,24.484102249146
1783674872,"2026-07-10 09:14:32",B228X,HU430,9479.28,825.992,34,109.87217712402,24.509540557861
1783674887,"2026-07-10 09:14:47",B228X,HU430,9479.28,824.14,34,109.89135742188,24.535263061523
1783674902,"2026-07-10 09:15:02",B228X,HU430,9479.28,824.14,34,109.91007232666,24.560390472412
1783674917,"2026-07-10 09:15:17",B228X,HU430,9479.28,825.992,34,109.92951202393,24.586563110352
1783674932,"2026-07-10 09:15:32",B228X,HU430,9479.28,825.992,34,109.94882965088,24.612487792969
1783674947,"2026-07-10 09:15:47",B228X,HU430,9479.28,825.992,34,109.96730041504,24.637340545654
1783674962,"2026-07-10 09:16:02",B228X,HU430,9479.28,825.992,34,109.98693084717,24.663795471191
1783674977,"2026-07-10 09:16:17",B228X,HU430,9479.28,827.844,34,110.00605010986,24.689575195312
1783674992,"2026-07-10 09:16:32",B228X,HU430,9479.28,829.696,34,110.0245513916,24.714630126953
1783675007,"2026-07-10 09:16:47",B228X,HU430,9479.28,831.548,34,110.04377746582,24.7405128479
1783675022,"2026-07-10 09:17:02",B228X,HU430,9479.28,831.548,34,110.06286621094,24.766159057617
1783675037,"2026-07-10 09:17:17",B228X,HU430,9479.28,833.4,34,110.08238220215,24.792417526245
1783675052,"2026-07-10 09:17:32",B228X,HU430,9479.28,833.4,34,110.10157012939,24.818206787109
1783675067,"2026-07-10 09:17:47",B228X,HU430,9479.28,833.4,34,110.12064361572,24.843887329102
1783675081,"2026-07-10 09:18:01",B228X,HU430,9479.28,835.252,34,110.14002227783,24.869890213013
1783675096,"2026-07-10 09:18:16",B228X,HU430,9479.28,835.252,34,110.15935516357,24.895843505859
1783675111,"2026-07-10 09:18:31",B228X,HU430,9479.28,837.104,34,110.17893218994,24.922250747681
1783675125,"2026-07-10 09:18:45",B228X,HU430,9479.28,837.104,34,110.19836425781,24.948348999023
1783675140,"2026-07-10 09:19:00",B228X,HU430,9479.28,837.104,34,110.21733093262,24.973926544189
1783675155,"2026-07-10 09:19:15",B228X,HU430,9479.28,835.252,34,110.23686981201,25.000213623047
1783675170,"2026-07-10 09:19:30",B228X,HU430,9479.28,833.4,34,110.25578308105,25.025644302368
1783675185,"2026-07-10 09:19:45",B228X,HU430,9479.28,835.252,34,110.27563476562,25.052225112915
1783675200,"2026-07-10 09:20:00",B228X,HU430,9479.28,837.104,34,110.29485321045,25.077941894531
1783675215,"2026-07-10 09:20:15",B228X,HU430,9479.28,837.104,34,110.31444549561,25.104085922241
1783675230,"2026-07-10 09:20:30",B228X,HU430,9479.28,837.104,34,110.33393096924,25.129968643188
1783675245,"2026-07-10 09:20:45",B228X,HU430,9479.28,838.956,34,110.35321044922,25.155759811401
1783675260,"2026-07-10 09:21:00",B228X,HU430,9479.28,838.956,34,110.37256622314,25.181762695312
1783675275,"2026-07-10 09:21:15",B228X,HU430,9479.28,840.808,34,110.39194488525,25.207717895508
1783675290,"2026-07-10 09:21:30",B228X,HU430,9479.28,840.808,34,110.41173553467,25.234313964844
1783675309,"2026-07-10 09:21:49",B228X,HU430,9479.28,837.104,34,110.43238830566,25.26203918457
1783675324,"2026-07-10 09:22:04",B228X,HU430,9479.28,837.104,34,110.45171356201,25.287963867188
1783675339,"2026-07-10 09:22:19",B228X,HU430,9479.28,834.6964,34.1,110.47088623047,25.31364440918
1783675354,"2026-07-10 09:22:34",B228X,HU430,9479.28,829.696,34,110.49053955078,25.34001159668
1783675369,"2026-07-10 09:22:49",B228X,HU430,9479.28,827.844,34,110.50959014893,25.365600585938
1783675384,"2026-07-10 09:23:04",B228X,HU430,9479.28,825.992,34,110.52899169922,25.391777038574
1783675399,"2026-07-10 09:23:19",B228X,HU430,9479.28,826.5476,33.8,110.54873657227,25.418685913086
1783675414,"2026-07-10 09:23:34",B228X,HU430,9479.28,827.844,34,110.56772613525,25.444473266602
1783675429,"2026-07-10 09:23:49",B228X,HU430,9479.28,825.992,34,110.58770751953,25.471662521362
1783675444,"2026-07-10 09:24:04",B228X,HU430,9479.28,827.844,34,110.60584259033,25.496288299561
1783675459,"2026-07-10 09:24:19",B228X,HU430,9479.28,827.844,32,110.62459564209,25.522613525391
1783675474,"2026-07-10 09:24:34",B228X,HU430,9479.28,827.844,32,110.64263916016,25.548845291138
1783675488,"2026-07-10 09:24:48",B228X,HU430,9479.28,824.14,32,110.66051483154,25.575193405151
1783675499,"2026-07-10 09:24:59",B228X,HU430,9479.28,822.288,32,110.67279815674,25.593210220337
1783675513,"2026-07-10 09:25:13",B228X,HU430,9479.28,822.288,32,110.69031524658,25.618860244751
1783675528,"2026-07-10 09:25:28",B228X,HU430,9479.28,820.436,32,110.70841217041,25.645065307617
1783675544,"2026-07-10 09:25:44",B228X,HU430,9479.28,818.584,32,110.72637939453,25.670999526978
1783675558,"2026-07-10 09:25:58",B228X,HU430,9479.28,816.732,32,110.74579620361,25.69889831543
1783675577,"2026-07-10 09:26:17",B228X,HU430,9479.28,816.732,32,110.76486968994,25.726959228516
1783675592,"2026-07-10 09:26:32",B228X,HU430,9479.28,814.88,31,110.78262329102,25.753143310547
1783675607,"2026-07-10 09:26:47",B228X,HU430,9479.28,813.028,31,110.8002243042,25.779186248779
1783675622,"2026-07-10 09:27:02",B228X,HU430,9479.28,813.028,31,110.81802368164,25.805557250977
1783675636,"2026-07-10 09:27:16",B228X,HU430,9479.28,811.176,31,110.8366317749,25.833139419556
1783675651,"2026-07-10 09:27:31",B228X,HU430,9479.28,813.028,31,110.8550567627,25.860399246216
1783675666,"2026-07-10 09:27:46",B228X,HU430,9479.28,811.176,32,110.87265014648,25.886396408081
1783675685,"2026-07-10 09:28:05",B228X,HU430,9479.28,809.324,32,110.89189910889,25.914640426636
1783675700,"2026-07-10 09:28:20",B228X,HU430,9479.28,807.472,32,110.9093170166,25.940185546875
1783675715,"2026-07-10 09:28:35",B228X,HU430,9479.28,809.324,32,110.92879486084,25.968654632568
1783675730,"2026-07-10 09:28:50",B228X,HU430,9479.28,809.324,32,110.94589996338,25.99365234375
1783675745,"2026-07-10 09:29:05",B228X,HU430,9479.28,809.324,32,110.96575164795,26.02262878418
1783675760,"2026-07-10 09:29:20",B228X,HU430,9479.28,809.324,32,110.97984313965,26.043365478516
1783675780,"2026-07-10 09:29:40",B228X,HU430,9479.28,809.324,31,111.00254058838,26.076736450195
1783675810,"2026-07-10 09:30:10",B228X,HU430,9479.28,811.176,31,111.03775787354,26.128370285034
1783675830,"2026-07-10 09:30:30",B228X,HU430,9479.28,813.028,31,111.06575775146,26.169290542603
1783675850,"2026-07-10 09:30:50",B228X,HU430,9479.28,813.028,31,111.08529663086,26.19787979126
1783675865,"2026-07-10 09:31:05",B228X,HU430,9479.28,814.88,31,111.10394287109,26.225160598755
1783675880,"2026-07-10 09:31:20",B228X,HU430,9479.28,814.88,31,111.12210845947,26.251739501953
1783675894,"2026-07-10 09:31:34",B228X,HU430,9479.28,814.88,31,111.13970184326,26.277429580688
1783675909,"2026-07-10 09:31:49",B228X,HU430,9479.28,814.88,31,111.15505981445,26.300079345703
1783675924,"2026-07-10 09:32:04",B228X,HU430,9479.28,816.732,31,111.17292785645,26.3264503479
1783675938,"2026-07-10 09:32:18",B228X,HU430,9479.28,816.732,31,111.19204711914,26.35466003418
1783675953,"2026-07-10 09:32:33",B228X,HU430,9479.28,816.732,31,111.21228027344,26.384410858154
1783675968,"2026-07-10 09:32:48",B228X,HU430,9479.28,814.88,31,111.22958374023,26.409900665283
1783675987,"2026-07-10 09:33:07",B228X,HU430,9479.28,814.88,31,111.24900817871,26.438459396362
1783676006,"2026-07-10 09:33:26",B228X,HU430,9479.28,814.88,31,111.27001190186,26.469369888306
1783676029,"2026-07-10 09:33:49",B228X,HU430,9479.28,816.732,31,111.29895019531,26.511869430542
1783676044,"2026-07-10 09:34:04",B228X,HU430,9479.28,816.732,33,111.31902313232,26.540500640869
1783676059,"2026-07-10 09:34:19",B228X,HU430,9479.28,816.732,33,111.33988952637,26.568809509277
1783676085,"2026-07-10 09:34:45",B228X,HU430,9479.28,818.584,33,111.36820220947,26.606609344482
1783676098,"2026-07-10 09:34:58",B228X,HU430,9479.28,818.584,33,111.3854598999,26.629760742188
1783676113,"2026-07-10 09:35:13",B228X,HU430,9479.28,820.436,33,111.40586090088,26.657249450684
1783676133,"2026-07-10 09:35:33",B228X,HU430,9479.28,820.436,33,111.43338012695,26.694499969482
1783676158,"2026-07-10 09:35:58",B228X,HU430,9479.28,822.288,33,111.46115875244,26.732299804688
1783676177,"2026-07-10 09:36:17",B228X,HU430,9479.28,822.288,33,111.48853302002,26.76969909668
1783676226,"2026-07-10 09:37:06",B228X,HU430,9479.28,818.584,33,111.54740905762,26.850450515747
1783676282,"2026-07-10 09:38:02",B228X,HU430,9479.28,816.732,30,111.61254119873,26.949459075928
1783676319,"2026-07-10 09:38:39",B228X,HU430,9479.28,816.732,30,111.65421295166,27.012540817261
1783676361,"2026-07-10 09:39:21",B228X,HU430,9479.28,813.028,30,111.70157623291,27.084320068359
1783676376,"2026-07-10 09:39:36",B228X,HU430,9479.28,813.028,30,111.71975708008,27.11182975769
1783676392,"2026-07-10 09:39:52",B228X,HU430,9479.28,813.028,31,111.73802947998,27.13883972168
1783676409,"2026-07-10 09:40:09",B228X,HU430,9479.28,811.176,32,111.76106262207,27.171840667725
1783676435,"2026-07-10 09:40:35",B228X,HU430,9479.28,809.324,32,111.79254150391,27.21681022644
1783676453,"2026-07-10 09:40:53",B228X,HU430,9479.28,809.324,31,111.81398010254,27.247470855713
1783676465,"2026-07-10 09:41:05",B228X,HU430,9479.28,809.324,32,111.82916259766,27.26935005188
1783676487,"2026-07-10 09:41:27",B228X,HU430,9479.28,807.472,31,111.85507965088,27.306749343872
1783676502,"2026-07-10 09:41:42",B228X,HU430,9479.28,807.472,32,111.87425231934,27.334356307983
1783676520,"2026-07-10 09:42:00",B228X,HU430,9479.28,807.472,32,111.89580535889,27.36549949646
1783676531,"2026-07-10 09:42:11",B228X,HU430,9479.28,805.62,31,111.90798187256,27.383100509644
1783676545,"2026-07-10 09:42:25",B228X,HU430,9479.28,807.472,32,111.92353820801,27.405582427979
1783676560,"2026-07-10 09:42:40",B228X,HU430,9479.28,805.62,32,111.9391784668,27.428100585938
1783676575,"2026-07-10 09:42:55",B228X,HU430,9479.28,805.62,32,111.95738983154,27.454414367676
1783676590,"2026-07-10 09:43:10",B228X,HU430,9479.28,803.768,32,111.97452545166,27.479049682617
1783676605,"2026-07-10 09:43:25",B228X,HU430,9479.28,803.768,32,111.99369812012,27.506607055664
1783676620,"2026-07-10 09:43:40",B228X,HU430,9479.28,803.768,32,112.01121520996,27.53173828125
1783676635,"2026-07-10 09:43:55",B228X,HU430,9479.28,803.768,32,112.02950286865,27.557968139648
1783676650,"2026-07-10 09:44:10",B228X,HU430,9479.28,803.768,32,112.04686737061,27.582759857178
1783676665,"2026-07-10 09:44:25",B228X,HU430,9479.28,801.916,32,112.06519317627,27.609062194824
1783676680,"2026-07-10 09:44:40",B228X,HU430,9479.28,801.916,32,112.08399963379,27.635969161987
1783676695,"2026-07-10 09:44:55",B228X,HU430,9479.28,801.916,32,112.10185241699,27.661468505859
1783676710,"2026-07-10 09:45:10",B228X,HU430,9479.28,801.916,32,112.11981201172,27.687082290649
1783676725,"2026-07-10 09:45:25",B228X,HU430,9479.28,800.064,32,112.13861083984,27.713943481445
1783676740,"2026-07-10 09:45:40",B228X,HU430,9479.28,800.064,32,112.15563964844,27.738327026367
1783676755,"2026-07-10 09:45:55",B228X,HU430,9479.28,800.064,32,112.17331695557,27.763568878174
1783676770,"2026-07-10 09:46:10",B228X,HU430,9479.28,800.064,32,112.19186401367,27.790100097656
1783676785,"2026-07-10 09:46:25",B228X,HU430,9479.28,801.916,32,112.20896911621,27.814542770386
1783676799,"2026-07-10 09:46:39",B228X,HU430,9479.28,801.916,32,112.22720336914,27.840545654297
1783676814,"2026-07-10 09:46:54",B228X,HU430,9479.28,801.916,32,112.2448348999,27.865657806396
1783676828,"2026-07-10 09:47:08",B228X,HU430,9479.28,801.916,32,112.26280975342,27.891357421875
1783676843,"2026-07-10 09:47:23",B228X,HU430,9479.28,800.064,32,112.28053283691,27.916717529297
1783676858,"2026-07-10 09:47:38",B228X,HU430,9479.28,800.064,31,112.2982635498,27.942375183105
1783676873,"2026-07-10 09:47:53",B228X,HU430,9479.28,800.064,31,112.31587219238,27.967979431152
1783676887,"2026-07-10 09:48:07",B228X,HU430,9479.28,798.212,32,112.32906341553,27.987112045288
1783676902,"2026-07-10 09:48:22",B228X,HU430,9479.28,800.064,36,112.34834289551,28.012018203735
1783676917,"2026-07-10 09:48:37",B228X,HU430,9479.28,800.064,36,112.36869049072,28.037246704102
1783676932,"2026-07-10 09:48:52",B228X,HU430,9479.28,798.212,36,112.38871002197,28.061920166016
1783676947,"2026-07-10 09:49:07",B228X,HU430,9479.28,798.212,35,112.40860748291,28.086410522461
1783676962,"2026-07-10 09:49:22",B228X,HU430,9479.28,798.212,35,112.42858886719,28.110988616943
1783676977,"2026-07-10 09:49:37",B228X,HU430,9479.28,800.064,35,112.44770812988,28.134962081909
1783676992,"2026-07-10 09:49:52",B228X,HU430,9479.28,800.064,35,112.46740722656,28.160020828247
1783677007,"2026-07-10 09:50:07",B228X,HU430,9479.28,800.064,35,112.48684692383,28.184692382812
1783677022,"2026-07-10 09:50:22",B228X,HU430,9479.28,796.36,34,112.50586700439,28.208841323853
1783677037,"2026-07-10 09:50:37",B228X,HU430,9479.28,798.212,35,112.52598571777,28.234268188477
1783677050,"2026-07-10 09:50:50",B228X,HU430,9479.28,798.212,35,112.54491424561,28.258092880249
1783677065,"2026-07-10 09:51:05",B228X,HU430,9479.28,795.6,31,112.56392669678,28.283090591431
1783677080,"2026-07-10 09:51:20",B228X,HU430,9479.28,798.212,28,112.58023834229,28.308740615845
1783677095,"2026-07-10 09:51:35",B228X,HU430,9479.28,798.212,28,112.59661102295,28.335020065308
1783677110,"2026-07-10 09:51:50",B228X,HU430,9479.28,798.212,28,112.61303710938,28.361349105835
1783677125,"2026-07-10 09:52:05",B228X,HU430,9479.28,800.064,29,112.62930297852,28.387460708618
1783677140,"2026-07-10 09:52:20",B228X,HU430,9479.28,798.212,29,112.6457824707,28.413759231567
1783677155,"2026-07-10 09:52:35",B228X,HU430,9479.28,798.212,29,112.66259002686,28.440530776978
1783677170,"2026-07-10 09:52:50",B228X,HU430,9479.28,800.064,29,112.67917633057,28.466833114624
1783677184,"2026-07-10 09:53:04",B228X,HU430,9479.28,800.064,29,112.69220733643,28.487640380859
1783677199,"2026-07-10 09:53:19",B228X,HU430,9479.28,800.064,29,112.7092666626,28.514739990234
1783677214,"2026-07-10 09:53:34",B228X,HU430,9479.28,801.916,29,112.72521972656,28.540105819702
1783677229,"2026-07-10 09:53:49",B228X,HU430,9479.28,803.768,29,112.74185943604,28.566600799561
1783677244,"2026-07-10 09:54:04",B228X,HU430,9479.28,803.768,29,112.75833892822,28.592849731445
1783677259,"2026-07-10 09:54:19",B228X,HU430,9479.28,803.768,29,112.77491760254,28.619110107422
1783677274,"2026-07-10 09:54:34",B228X,HU430,9479.28,805.62,29,112.79267120361,28.647262573242
1783677289,"2026-07-10 09:54:49",B228X,HU430,9479.28,803.768,29,112.80939483643,28.673851013184
1783677304,"2026-07-10 09:55:04",B228X,HU430,9479.28,803.768,29,112.82582092285,28.699869155884
1783677319,"2026-07-10 09:55:19",B228X,HU430,9479.28,803.768,29,112.8426361084,28.726593017578
1783677334,"2026-07-10 09:55:34",B228X,HU430,9479.28,803.768,29,112.85942840576,28.753128051758
1783677349,"2026-07-10 09:55:49",B228X,HU430,9479.28,805.62,29,112.87633514404,28.779830932617
1783677364,"2026-07-10 09:56:04",B228X,HU430,9479.28,805.62,29,112.89276123047,28.805690765381
1783677379,"2026-07-10 09:56:19",B228X,HU430,9479.28,805.62,29,112.90999603271,28.832920074463
1783677394,"2026-07-10 09:56:34",B228X,HU430,9479.28,805.62,29,112.92663574219,28.859128952026
1783677409,"2026-07-10 09:56:49",B228X,HU430,9479.28,805.62,29,112.94315338135,28.885250091553
1783677424,"2026-07-10 09:57:04",B228X,HU430,9479.28,805.62,29,112.96002960205,28.911779403687
1783677439,"2026-07-10 09:57:19",B228X,HU430,9479.28,805.62,29,112.97673797607,28.93816947937
1783677454,"2026-07-10 09:57:34",B228X,HU430,9479.28,805.62,29,112.99353790283,28.96467590332
1783677469,"2026-07-10 09:57:49",B228X,HU430,9479.28,805.62,29,113.01005554199,28.990732192993
1783677484,"2026-07-10 09:58:04",B228X,HU430,9479.28,805.62,29,113.02729034424,29.017913818359
1783677499,"2026-07-10 09:58:19",B228X,HU430,9479.28,805.62,29,113.04393005371,29.044033050537
1783677510,"2026-07-10 09:58:30",B228X,HU430,9479.28,803.768,29,113.05507659912,29.061584472656
1783677524,"2026-07-10 09:58:44",B228X,HU430,9479.28,803.768,29,113.07150268555,29.087419509888
1783677539,"2026-07-10 09:58:59",B228X,HU430,9479.28,803.768,29,113.08868408203,29.114374160767
1783677554,"2026-07-10 09:59:14",B228X,HU430,9479.28,801.916,29,113.10521697998,29.14030456543
1783677569,"2026-07-10 09:59:29",B228X,HU430,9479.28,801.916,29,113.12194061279,29.166458129883
1783677584,"2026-07-10 09:59:44",B228X,HU430,9479.28,800.064,29,113.13899993896,29.193189620972
1783677599,"2026-07-10 09:59:59",B228X,HU430,9479.28,800.064,29,113.15535736084,29.218790054321
1783677614,"2026-07-10 10:00:14",B228X,HU430,9479.28,800.064,29,113.17231750488,29.245370864868
1783677629,"2026-07-10 10:00:29",B228X,HU430,9479.28,800.064,29,113.18928527832,29.272018432617
1783677644,"2026-07-10 10:00:44",B228X,HU430,9479.28,800.064,29,113.20559692383,29.29759979248
1783677659,"2026-07-10 10:00:59",B228X,HU430,9479.28,798.212,29,113.22240447998,29.323837280273
1783677673,"2026-07-10 10:01:13",B228X,HU430,9479.28,798.212,29,113.23915100098,29.349975585938
1783677688,"2026-07-10 10:01:28",B228X,HU430,9479.28,800.064,28,113.25636291504,29.377304077148
1783677703,"2026-07-10 10:01:43",B228X,HU430,9479.28,800.064,27,113.27157592773,29.402904510498
1783677717,"2026-07-10 10:01:57",B228X,HU430,9479.28,800.064,27,113.28385162354,29.423946380615
1783677732,"2026-07-10 10:02:12",B228X,HU430,9479.28,800.064,27,113.29883575439,29.449630737305
1783677747,"2026-07-10 10:02:27",B228X,HU430,9479.28,800.064,27,113.31444549561,29.476318359375
1783677762,"2026-07-10 10:02:42",B228X,HU430,9479.28,801.916,27,113.33016967773,29.502992630005
1783677777,"2026-07-10 10:02:57",B228X,HU430,9479.28,800.064,28,113.34610748291,29.529739379883
1783677792,"2026-07-10 10:03:12",B228X,HU430,9479.28,801.916,27,113.36168670654,29.555830001831
1783677806,"2026-07-10 10:03:26",B228X,HU430,9479.28,801.916,27,113.37817382812,29.583250045776
1783677821,"2026-07-10 10:03:41",B228X,HU430,9479.28,805.62,28,113.39390563965,29.609481811523
1783677836,"2026-07-10 10:03:56",B228X,HU430,9479.28,803.768,27,113.41022491455,29.636627197266
1783677851,"2026-07-10 10:04:11",B228X,HU430,9479.28,803.768,28,113.42635345459,29.6633644104
1783677865,"2026-07-10 10:04:25",B228X,HU430,9479.28,805.62,28,113.44380187988,29.692459106445
1783677880,"2026-07-10 10:04:40",B228X,HU430,9479.28,803.768,27,113.4592590332,29.718204498291
1783677895,"2026-07-10 10:04:55",B228X,HU430,9479.28,802.8,27,113.4753036499,29.744888305664
1783677914,"2026-07-10 10:05:14",B228X,HU430,9479.28,805.62,28,113.49284362793,29.774139404297
1783677929,"2026-07-10 10:05:29",B228X,HU430,9479.28,807.472,28,113.50968933105,29.802383422852
1783677944,"2026-07-10 10:05:44",B228X,HU430,9479.28,805.62,28,113.5255279541,29.828750610352
1783677958,"2026-07-10 10:05:58",B228X,HU430,9479.28,807.472,28,113.54197692871,29.856044769287
1783677972,"2026-07-10 10:06:12",B228X,HU430,9479.28,807.472,28,113.55786132812,29.882440567017
1783677987,"2026-07-10 10:06:27",B228X,HU430,9479.28,807.472,28,113.57396697998,29.9091796875
1783678002,"2026-07-10 10:06:42",B228X,HU430,9479.28,807.472,27,113.59023284912,29.936141967773
1783678017,"2026-07-10 10:06:57",B228X,HU430,9479.28,811.176,23,113.60489654541,29.96390914917
1783678032,"2026-07-10 10:07:12",B228X,HU430,9479.28,811.176,23,113.61873626709,29.991739273071
1783678047,"2026-07-10 10:07:27",B228X,HU430,9479.28,811.176,23,113.63285827637,30.02018737793
1783678066,"2026-07-10 10:07:46",B228X,HU430,9479.28,809.324,23,113.64736938477,30.04948425293
1783678081,"2026-07-10 10:08:01",B228X,HU430,9479.28,807.472,23,113.66130828857,30.077590942383
1783678096,"2026-07-10 10:08:16",B228X,HU430,9479.28,807.472,24,113.67543029785,30.105840682983
1783678110,"2026-07-10 10:08:30",B228X,HU430,9479.28,802.8,23,113.68856811523,30.131881713867
1783678124,"2026-07-10 10:08:44",B228X,HU430,9479.28,803.768,23,113.70372009277,30.162126541138
1783678139,"2026-07-10 10:08:59",B228X,HU430,9479.28,803.768,23,113.71770477295,30.190200805664
1783678154,"2026-07-10 10:09:14",B228X,HU430,9479.28,803.768,23,113.73146057129,30.217802047729
1783678169,"2026-07-10 10:09:29",B228X,HU430,9479.28,803.768,24,113.74530029297,30.245361328125
1783678184,"2026-07-10 10:09:44",B228X,HU430,9479.28,801.916,23,113.75927734375,30.273284912109
1783678209,"2026-07-10 10:10:09",B228X,HU430,9479.28,799.2,23,113.77856445312,30.31169128418
1783678224,"2026-07-10 10:10:24",B228X,HU430,9479.28,801.916,23,113.79374694824,30.341817855835
1783678239,"2026-07-10 10:10:39",B228X,HU430,9479.28,800.064,24,113.8095703125,30.373380661011
1783678254,"2026-07-10 10:10:54",B228X,HU430,9479.28,800.064,24,113.82402038574,30.402149200439
1783678268,"2026-07-10 10:11:08",B228X,HU430,9479.28,800.064,24,113.83451080322,30.422958374023
1783678282,"2026-07-10 10:11:22",B228X,HU430,9479.28,800.064,23,113.84768676758,30.449169158936
1783678297,"2026-07-10 10:11:37",B228X,HU430,9479.28,800.064,24,113.86082458496,30.4752368927
1783678312,"2026-07-10 10:11:52",B228X,HU430,9479.28,800.064,24,113.87554931641,30.504547119141
1783678326,"2026-07-10 10:12:06",B228X,HU430,9479.28,800.064,24,113.8899307251,30.532970428467
1783678341,"2026-07-10 10:12:21",B228X,HU430,9479.28,799.2,23,113.90355682373,30.559799194336
1783678356,"2026-07-10 10:12:36",B228X,HU430,9479.28,801.916,23,113.91773223877,30.587427139282
1783678371,"2026-07-10 10:12:51",B228X,HU430,9479.28,802.8,23,113.93156433105,30.614639282227
1783678386,"2026-07-10 10:13:06",B228X,HU430,9479.28,807.472,23,113.94541931152,30.642126083374
1783678401,"2026-07-10 10:13:21",B228X,HU430,9479.28,807.472,22,113.96015930176,30.672409057617
1783678414,"2026-07-10 10:13:34",B228X,HU430,9479.28,809.324,23,113.97035980225,30.693990707397
1783678429,"2026-07-10 10:13:49",B228X,HU430,9479.28,807.472,25,113.98430633545,30.719909667969
1783678444,"2026-07-10 10:14:04",B228X,HU430,9479.28,807.472,25,113.99947357178,30.747520446777
1783678459,"2026-07-10 10:14:19",B228X,HU430,9479.28,811.176,26,114.01497650146,30.775449752808
1783678473,"2026-07-10 10:14:33",B228X,HU430,9479.28,810,25,114.03038024902,30.803279876709
1783678493,"2026-07-10 10:14:53",B228X,HU430,9479.28,811.176,24,114.04782867432,30.835559844971
1783678508,"2026-07-10 10:15:08",B228X,HU430,9479.28,813.028,25,114.06385040283,30.865484237671
1783678523,"2026-07-10 10:15:23",B228X,HU430,9479.28,814.88,25,114.07907104492,30.893970489502
1783678538,"2026-07-10 10:15:38",B228X,HU430,9479.28,816.732,25,114.09390258789,30.921630859375
1783678563,"2026-07-10 10:16:03",B228X,HU430,9479.28,818.584,25,114.11647033691,30.963523864746
1783678578,"2026-07-10 10:16:18",B228X,HU430,9479.28,820.436,25,114.13268280029,30.993549346924
1783678593,"2026-07-10 10:16:33",B228X,HU430,9479.28,822.288,25,114.14762115479,31.020919799805
1783678608,"2026-07-10 10:16:48",B228X,HU430,9479.28,824.14,25,114.16398620605,31.05094909668
1783678623,"2026-07-10 10:17:03",B228X,HU430,9479.28,824.4,25,114.17909240723,31.078554153442
1783678643,"2026-07-10 10:17:23",B228X,HU430,9479.28,824.14,25,114.1975479126,31.112270355225
1783678663,"2026-07-10 10:17:43",B228X,HU430,9479.28,825.992,25,114.2214050293,31.155853271484
1783678683,"2026-07-10 10:18:03",B228X,HU430,9479.28,827.844,25,114.23863983154,31.187299728394
1783678698,"2026-07-10 10:18:18",B228X,HU430,9479.28,829.696,25,114.25688171387,31.220819473267
1783678713,"2026-07-10 10:18:33",B228X,HU430,9479.28,829.696,25,114.27353668213,31.251480102539
1783678728,"2026-07-10 10:18:48",B228X,HU430,9479.28,828,25,114.28912353516,31.279979705811
1783678743,"2026-07-10 10:19:03",B228X,HU430,9479.28,829.696,25,114.3014831543,31.302610397339
1783678758,"2026-07-10 10:19:18",B228X,HU430,9479.28,831.548,21,114.31700134277,31.333789825439
1783678773,"2026-07-10 10:19:33",B228X,HU430,9479.28,840.808,11,114.32707214355,31.364589691162
1783678788,"2026-07-10 10:19:48",B228X,HU430,9479.28,848.216,6,114.33164978027,31.389999389648
1783678804,"2026-07-10 10:20:04",B228X,HU430,9479.28,849.6,1,114.3335647583,31.428253173828
1783678817,"2026-07-10 10:20:17",B228X,HU430,9479.28,851.92,1,114.33428955078,31.452438354492
1783678837,"2026-07-10 10:20:37",B228X,HU430,9479.28,851.92,2,114.33559417725,31.495241165161
1783678852,"2026-07-10 10:20:52",B228X,HU430,9479.28,851.92,2,114.33681488037,31.52897644043
1783678867,"2026-07-10 10:21:07",B228X,HU430,9479.28,849.6,1,114.33795166016,31.560609817505
1783678881,"2026-07-10 10:21:21",B228X,HU430,9479.28,851.92,1,114.3388671875,31.590866088867
1783678906,"2026-07-10 10:21:46",B228X,HU430,9479.28,851.92,1,114.3402633667,31.641927719116
1783678924,"2026-07-10 10:22:04",B228X,HU430,9479.28,853.772,1,114.34136199951,31.685640335083
1783678948,"2026-07-10 10:22:28",B228X,HU430,9479.28,855.624,1,114.34278869629,31.738220214844
1783678968,"2026-07-10 10:22:48",B228X,HU430,9479.28,855.624,1,114.34384918213,31.775720596313
1783678983,"2026-07-10 10:23:03",B228X,HU430,9479.28,855.624,1,114.34477233887,31.807250976562
1783679003,"2026-07-10 10:23:23",B228X,HU430,9479.28,855.624,1,114.34620666504,31.851789474487
1783679018,"2026-07-10 10:23:38",B228X,HU430,9479.28,857.476,1,114.3472366333,31.884799957275
1783679050,"2026-07-10 10:24:10",B228X,HU430,9479.28,859.328,1,114.34940338135,31.954570770264
1783679070,"2026-07-10 10:24:30",B228X,HU430,9479.28,861.18,1,114.35064697266,31.99328994751
1783679084,"2026-07-10 10:24:44",B228X,HU430,9479.28,861.18,1,114.3516998291,32.027328491211
1783679159,"2026-07-10 10:25:59",B228X,HU430,9479.28,866.736,1,114.35668945312,32.193328857422
1783679176,"2026-07-10 10:26:16",B228X,HU430,9479.28,866.736,1,114.35772705078,32.226749420166
1783679201,"2026-07-10 10:26:41",B228X,HU430,9479.28,868.588,1,114.36038970947,32.276439666748
1783679240,"2026-07-10 10:27:20",B228X,HU430,9479.28,866.736,4,114.36852264404,32.367858886719
1783679254,"2026-07-10 10:27:34",B228X,HU430,9479.28,864.884,4,114.37129974365,32.399509429932
1783679278,"2026-07-10 10:27:58",B228X,HU430,9479.28,866.736,4,114.3756942749,32.447002410889
1783679293,"2026-07-10 10:28:13",B228X,HU430,9479.28,864.884,4,114.37894439697,32.483547210693
1783679312,"2026-07-10 10:28:32",B228X,HU430,9479.28,863.032,4,114.38213348389,32.518692016602
1783679327,"2026-07-10 10:28:47",B228X,HU430,9479.28,863.032,4,114.38503265381,32.550609588623
1783679342,"2026-07-10 10:29:02",B228X,HU430,9479.28,863.032,4,114.38789367676,32.58219909668
1783679357,"2026-07-10 10:29:17",B228X,HU430,9479.28,863.032,4,114.39105224609,32.616081237793
1783679377,"2026-07-10 10:29:37",B228X,HU430,9479.28,863.032,5,114.39553070068,32.662120819092
1783679397,"2026-07-10 10:29:57",B228X,HU430,9479.28,861.18,4,114.39926147461,32.700988769531
1783679415,"2026-07-10 10:30:15",B228X,HU430,9479.28,861.18,4,114.40310668945,32.742141723633
1783679429,"2026-07-10 10:30:29",B228X,HU430,9479.28,859.328,4,114.40585327148,32.770401000977
1783679449,"2026-07-10 10:30:49",B228X,HU430,9479.28,861.18,4,114.4095916748,32.810028076172
1783679465,"2026-07-10 10:31:05",B228X,HU430,9479.28,859.328,4,114.4133605957,32.849349975586
1783679489,"2026-07-10 10:31:29",B228X,HU430,9479.28,859.328,4,114.41873931885,32.905914306641
1783679509,"2026-07-10 10:31:49",B228X,HU430,9479.28,859.328,4,114.42222595215,32.943054199219
1783679524,"2026-07-10 10:32:04",B228X,HU430,9479.28,859.328,4,114.42552185059,32.978488922119
1783679544,"2026-07-10 10:32:24",B228X,HU430,9479.28,859.328,4,114.42882537842,33.014614105225
1783679559,"2026-07-10 10:32:39",B228X,HU430,9479.28,859.328,4,114.43196868896,33.048782348633
1783679574,"2026-07-10 10:32:54",B228X,HU430,9479.28,861.18,4,114.4354095459,33.086563110352
1783679588,"2026-07-10 10:33:08",B228X,HU430,9479.28,863.032,4,114.43766021729,33.111148834229
1783679603,"2026-07-10 10:33:23",B228X,HU430,9479.28,863.032,4,114.44078826904,33.145065307617
1783679621,"2026-07-10 10:33:41",B228X,HU430,9479.28,863.032,4,114.44412994385,33.18090057373
1783679636,"2026-07-10 10:33:56",B228X,HU430,9479.28,863.032,4,114.44727325439,33.214370727539
1783679649,"2026-07-10 10:34:09",B228X,HU430,9479.28,864.884,4,114.44967651367,33.240211486816
1783679663,"2026-07-10 10:34:23",B228X,HU430,9479.28,866.736,5,114.45292663574,33.274978637695
1783679676,"2026-07-10 10:34:36",B228X,HU430,9479.28,864.884,5,114.45600891113,33.307430267334
1783679691,"2026-07-10 10:34:51",B228X,HU430,9479.28,866.736,4,114.458984375,33.339038848877
1783679706,"2026-07-10 10:35:06",B228X,HU430,9479.28,866.736,4,114.4620513916,33.371799468994
1783679721,"2026-07-10 10:35:21",B228X,HU430,9479.28,868.588,4,114.46504211426,33.403369903564
1783679736,"2026-07-10 10:35:36",B228X,HU430,9479.28,868.588,4,114.46823120117,33.436748504639
1783679751,"2026-07-10 10:35:51",B228X,HU430,9479.28,870.44,4,114.47128295898,33.468891143799
1783679766,"2026-07-10 10:36:06",B228X,HU430,9479.28,870.44,4,114.47429656982,33.50129699707
1783679779,"2026-07-10 10:36:19",B228X,HU430,9479.28,870.44,4,114.47658538818,33.525852203369
1783679794,"2026-07-10 10:36:34",B228X,HU430,9479.28,874.144,5,114.47988891602,33.560348510742
1783679809,"2026-07-10 10:36:49",B228X,HU430,9479.28,872.292,4,114.4829788208,33.592788696289
1783679824,"2026-07-10 10:37:04",B228X,HU430,9479.28,874.144,4,114.48629760742,33.628078460693
1783679843,"2026-07-10 10:37:23",B228X,HU430,9479.28,874.144,3,114.4889755249,33.662155151367
1783679858,"2026-07-10 10:37:38",B228X,HU430,9479.28,875.996,3,114.49127197266,33.695911407471
1783679873,"2026-07-10 10:37:53",B228X,HU430,9479.28,875.996,3,114.4934463501,33.728118896484
1783679888,"2026-07-10 10:38:08",B228X,HU430,9479.28,874.144,5,114.49681854248,33.763271331787
1783679903,"2026-07-10 10:38:23",B228X,HU430,9479.28,875.996,6,114.50060272217,33.796131134033
1783679918,"2026-07-10 10:38:38",B228X,HU430,9479.28,875.996,5,114.50461578369,33.829193115234
1783679933,"2026-07-10 10:38:53",B228X,HU430,9479.28,875.996,5,114.50827026367,33.861629486084
1783679948,"2026-07-10 10:39:08",B228X,HU430,9479.28,877.848,4,114.51156616211,33.894241333008
1783679963,"2026-07-10 10:39:23",B228X,HU430,9479.28,877.848,4,114.5146484375,33.926742553711
1783679977,"2026-07-10 10:39:37",B228X,HU430,9479.28,877.848,4,114.51761627197,33.959339141846
1783679992,"2026-07-10 10:39:52",B228X,HU430,9479.28,875.996,4,114.52062988281,33.992118835449
1783680007,"2026-07-10 10:40:07",B228X,HU430,9479.28,875.996,4,114.52372741699,34.025390625
1783680022,"2026-07-10 10:40:22",B228X,HU430,9479.28,877.848,4,114.52674865723,34.058029174805
1783680037,"2026-07-10 10:40:37",B228X,HU430,9479.28,875.996,4,114.52983856201,34.091648101807
1783680052,"2026-07-10 10:40:52",B228X,HU430,9479.28,877.848,4,114.53280639648,34.123764038086
1783680067,"2026-07-10 10:41:07",B228X,HU430,9479.28,875.996,4,114.53588867188,34.156539916992
1783680081,"2026-07-10 10:41:21",B228X,HU430,9479.28,875.996,4,114.5389175415,34.188999176025
1783680096,"2026-07-10 10:41:36",B228X,HU430,9479.28,875.996,4,114.54203033447,34.222366333008
1783680111,"2026-07-10 10:41:51",B228X,HU430,9479.28,875.996,4,114.54508209229,34.254821777344
1783680124,"2026-07-10 10:42:04",B228X,HU430,9479.28,877.848,5,114.5474395752,34.27912902832
1783680139,"2026-07-10 10:42:19",B228X,HU430,9479.28,875.996,4,114.55058288574,34.312000274658
1783680154,"2026-07-10 10:42:34",B228X,HU430,9479.28,877.848,5,114.55370330811,34.344379425049
1783680169,"2026-07-10 10:42:49",B228X,HU430,9479.28,875.996,4,114.55690765381,34.377429962158
1783680184,"2026-07-10 10:43:04",B228X,HU430,9479.28,875.996,4,114.5599899292,34.410099029541
1783680199,"2026-07-10 10:43:19",B228X,HU430,9479.28,874.144,4,114.56313323975,34.442962646484
1783680214,"2026-07-10 10:43:34",B228X,HU430,9479.28,874.144,5,114.5662689209,34.475646972656
1783680229,"2026-07-10 10:43:49",B228X,HU430,9479.28,874.144,4,114.56944274902,34.508239746094
1783680244,"2026-07-10 10:44:04",B228X,HU430,9479.28,874.144,5,114.57266235352,34.541061401367
1783680259,"2026-07-10 10:44:19",B228X,HU430,9479.28,875.996,5,114.5758972168,34.574161529541
1783680274,"2026-07-10 10:44:34",B228X,HU430,9479.28,877.848,5,114.57898712158,34.606159210205
1783680288,"2026-07-10 10:44:48",B228X,HU430,9479.28,877.848,5,114.58225250244,34.63928604126
1783680303,"2026-07-10 10:45:03",B228X,HU430,9479.28,879.7,5,114.5853805542,34.671478271484
1783680316,"2026-07-10 10:45:16",B228X,HU430,9479.28,877.848,5,114.5877532959,34.695621490479
1783680331,"2026-07-10 10:45:31",B228X,HU430,9479.28,877.848,4,114.59098815918,34.728839874268
1783680346,"2026-07-10 10:45:46",B228X,HU430,9479.28,877.848,4,114.59415435791,34.761486053467
1783680361,"2026-07-10 10:46:01",B228X,HU430,9479.28,879.7,5,114.59747314453,34.795280456543
1783680376,"2026-07-10 10:46:16",B228X,HU430,9479.28,877.848,5,114.60057067871,34.827068328857
1783680391,"2026-07-10 10:46:31",B228X,HU430,9479.28,877.848,5,114.60388183594,34.860260009766
1783680406,"2026-07-10 10:46:46",B228X,HU430,9479.28,877.848,4,114.60708618164,34.8928565979
1783680419,"2026-07-10 10:46:59",B228X,HU430,9479.28,877.848,5,114.61027526855,34.925445556641
1783680434,"2026-07-10 10:47:14",B228X,HU430,9479.28,877.848,5,114.61346435547,34.958267211914
1783680449,"2026-07-10 10:47:29",B228X,HU430,9479.28,881.552,5,114.61688232422,34.993743896484
1783680464,"2026-07-10 10:47:44",B228X,HU430,9479.28,881.552,5,114.62019348145,35.027206420898
1783680479,"2026-07-10 10:47:59",B228X,HU430,9479.28,879.7,4,114.62333679199,35.059375762939
1783680494,"2026-07-10 10:48:14",B228X,HU430,9479.28,879.7,4,114.62647247314,35.092071533203
1783680513,"2026-07-10 10:48:33",B228X,HU430,9479.28,881.552,4,114.62995147705,35.127689361572
1783680528,"2026-07-10 10:48:48",B228X,HU430,9479.28,883.404,5,114.63334655762,35.162811279297
1783680543,"2026-07-10 10:49:03",B228X,HU430,9479.28,883.404,4,114.63645172119,35.195430755615
1783680558,"2026-07-10 10:49:18",B228X,HU430,9479.28,883.404,4,114.63970184326,35.229152679443
1783680572,"2026-07-10 10:49:32",B228X,HU430,9479.28,887.108,5,114.64298248291,35.262809753418
1783680587,"2026-07-10 10:49:47",B228X,HU430,9479.28,885.256,5,114.64636230469,35.29651260376
1783680602,"2026-07-10 10:50:02",B228X,HU430,9479.28,887.108,5,114.64945983887,35.328308105469
1783680622,"2026-07-10 10:50:22",B228X,HU430,9479.28,888.96,4,114.65309143066,35.365871429443
1783680637,"2026-07-10 10:50:37",B228X,HU430,9479.28,887.108,4,114.65624237061,35.399276733398
1783680651,"2026-07-10 10:50:51",B228X,HU430,9479.28,888.96,4,114.65939331055,35.432651519775
1783680669,"2026-07-10 10:51:09",B228X,HU430,9479.28,892.664,5,114.6637802124,35.478904724121
1783680684,"2026-07-10 10:51:24",B228X,HU430,9479.28,890.812,4,114.66705322266,35.513214111328
1783680699,"2026-07-10 10:51:39",B228X,HU430,9479.28,892.664,5,114.67014312744,35.545257568359
1783680723,"2026-07-10 10:52:03",B228X,HU430,9479.28,892.664,4,114.67437744141,35.589797973633
1783680738,"2026-07-10 10:52:18",B228X,HU430,9479.28,892.664,4,114.67774963379,35.625228881836
1783680753,"2026-07-10 10:52:33",B228X,HU430,9479.28,892.664,4,114.68090057373,35.658828735352
1783680767,"2026-07-10 10:52:47",B228X,HU430,9479.28,892.664,4,114.68410491943,35.693023681641
1783680782,"2026-07-10 10:53:02",B228X,HU430,9479.28,892.664,4,114.68721008301,35.725910186768
1783680797,"2026-07-10 10:53:17",B228X,HU430,9479.28,892.664,4,114.69024658203,35.759101867676
1783680812,"2026-07-10 10:53:32",B228X,HU430,9479.28,894.516,4,114.69370269775,35.795085906982
1783680827,"2026-07-10 10:53:47",B228X,HU430,9479.28,894.516,4,114.69686126709,35.828201293945
1783680841,"2026-07-10 10:54:01",B228X,HU430,9479.28,894.516,4,114.69938659668,35.853378295898
1783680856,"2026-07-10 10:54:16",B228X,HU430,9479.28,898.22,5,114.70263671875,35.886280059814
1783680871,"2026-07-10 10:54:31",B228X,HU430,9479.28,898.22,4,114.70607757568,35.922454833984
1783680886,"2026-07-10 10:54:46",B228X,HU430,9479.28,898.22,4,114.70924377441,35.955459594727
1783680901,"2026-07-10 10:55:01",B228X,HU430,9479.28,898.22,4,114.71248626709,35.989334106445
1783680916,"2026-07-10 10:55:16",B228X,HU430,9479.28,898.22,4,114.71607971191,36.027290344238
1783680930,"2026-07-10 10:55:30",B228X,HU430,9479.28,892.664,4,114.71936035156,36.061038970947
1783680944,"2026-07-10 10:55:44",B228X,HU430,9479.28,883.404,4,114.72203826904,36.089160919189
1783680958,"2026-07-10 10:55:58",B228X,HU430,9479.28,885.256,4,114.7250213623,36.12109375
1783680973,"2026-07-10 10:56:13",B228X,HU430,9479.28,885.256,5,114.72850799561,36.156784057617
1783680998,"2026-07-10 10:56:38",B228X,HU430,9479.28,885.256,4,114.73343658447,36.207401275635
1783681013,"2026-07-10 10:56:53",B228X,HU430,9479.28,887.108,5,114.73699951172,36.243198394775
1783681028,"2026-07-10 10:57:08",B228X,HU430,9479.28,887.108,5,114.74012756348,36.27507019043
1783681043,"2026-07-10 10:57:23",B228X,HU430,9479.28,881.552,4,114.7434463501,36.308074951172
1783681057,"2026-07-10 10:57:37",B228X,HU430,9479.28,881.552,9,114.74778747559,36.340850830078
1783681077,"2026-07-10 10:57:57",B228X,HU430,9479.28,883.404,15,114.75775146484,36.377334594727
1783681092,"2026-07-10 10:58:12",B228X,HU430,9479.28,885.256,22,114.77124786377,36.409149169922
1783681105,"2026-07-10 10:58:25",B228X,HU430,9479.28,883.404,25,114.78807830811,36.439319610596
1783681124,"2026-07-10 10:58:44",B228X,HU430,9479.28,885.256,25,114.80632781982,36.470989227295
1783681138,"2026-07-10 10:58:58",B228X,HU430,9479.28,881.552,25,114.82524108887,36.503700256348
1783681153,"2026-07-10 10:59:13",B228X,HU430,9479.28,881.552,25,114.84481811523,36.537448883057
1783681168,"2026-07-10 10:59:28",B228X,HU430,9479.28,881.552,25,114.86241149902,36.567710876465
1783681187,"2026-07-10 10:59:47",B228X,HU430,9479.28,877.848,25,114.88162994385,36.600860595703
1783681202,"2026-07-10 11:00:02",B228X,HU430,9479.28,879.7,25,114.90203094482,36.636150360107
1783681221,"2026-07-10 11:00:21",B228X,HU430,9479.28,877.848,25,114.92043304443,36.667919158936
1783681236,"2026-07-10 11:00:36",B228X,HU430,9479.28,881.552,25,114.93713378906,36.696529388428
1783681252,"2026-07-10 11:00:52",B228X,HU430,9479.28,883.404,25,114.95709991455,36.73067855835
1783681270,"2026-07-10 11:01:10",B228X,HU430,9464.04,883.404,25,114.97718811035,36.765201568604
1783681285,"2026-07-10 11:01:25",B228X,HU430,9296.4,890.812,25,114.99716949463,36.79935836792
1783681300,"2026-07-10 11:01:40",B228X,HU430,9144,890.812,25,115.01444244385,36.828643798828
1783681314,"2026-07-10 11:01:54",B228X,HU430,8991.6,887.108,25,115.03228759766,36.859039306641
1783681333,"2026-07-10 11:02:13",B228X,HU430,8831.58,879.7,25,115.05104064941,36.891159057617
1783681348,"2026-07-10 11:02:28",B228X,HU430,8656.32,874.144,25,115.07097625732,36.925319671631
1783681363,"2026-07-10 11:02:43",B228X,HU430,8503.92,868.588,25,115.08793640137,36.954284667969
1783681383,"2026-07-10 11:03:03",B228X,HU430,8328.66,864.884,25,115.10784912109,36.988220214844
1783681397,"2026-07-10 11:03:17",B228X,HU430,8168.64,857.476,25,115.12474060059,37.0168800354
1783681411,"2026-07-10 11:03:31",B228X,HU430,8023.86,851.92,25,115.14041900635,37.043571472168
1783681423,"2026-07-10 11:03:43",B228X,HU430,7917.18,846.364,25,115.15390777588,37.066520690918
1783681441,"2026-07-10 11:04:01",B228X,HU430,7726.68,833.4,25,115.17546081543,37.103439331055
1783681456,"2026-07-10 11:04:16",B228X,HU430,7627.62,824.14,25,115.19194030762,37.131408691406
1783681471,"2026-07-10 11:04:31",B228X,HU430,7543.8,813.028,25,115.20836639404,37.159488677979
1783681486,"2026-07-10 11:04:46",B228X,HU430,7498.08,803.768,25,115.22350311279,37.185329437256
1783681506,"2026-07-10 11:05:06",B228X,HU430,7490.46,800.064,25,115.24675750732,37.224708557129
1783681520,"2026-07-10 11:05:20",B228X,HU430,7498.08,798.212,25,115.25955963135,37.246398925781
1783681535,"2026-07-10 11:05:35",B228X,HU430,7498.08,798.212,25,115.27738952637,37.276428222656
1783681550,"2026-07-10 11:05:50",B228X,HU430,7498.08,798.212,26,115.29285430908,37.302215576172
1783681564,"2026-07-10 11:06:04",B228X,HU430,7498.08,805.62,34,115.31285858154,37.32991027832
1783681579,"2026-07-10 11:06:19",B228X,HU430,7490.46,809.324,41,115.33605194092,37.353199005127
1783681591,"2026-07-10 11:06:31",B228X,HU430,7498.08,811.176,47,115.3568572998,37.369808197021
1783681605,"2026-07-10 11:06:45",B228X,HU430,7498.08,811.176,53,115.38642120361,37.388801574707
1783681620,"2026-07-10 11:07:00",B228X,HU430,7498.08,813.028,53,115.41680908203,37.407028198242
1783681635,"2026-07-10 11:07:15",B228X,HU430,7505.7,811.176,54,115.44714355469,37.424968719482
1783681650,"2026-07-10 11:07:30",B228X,HU430,7505.7,809.324,53,115.47869873047,37.443470001221
1783681665,"2026-07-10 11:07:45",B228X,HU430,7498.08,811.176,53,115.50959777832,37.461700439453
1783681680,"2026-07-10 11:08:00",B228X,HU430,7505.7,814.88,53,115.53917694092,37.479259490967
1783681694,"2026-07-10 11:08:14",B228X,HU430,7498.08,813.028,53,115.5625,37.493030548096
1783681709,"2026-07-10 11:08:29",B228X,HU430,7498.08,814.88,53,115.59533691406,37.512538909912
1783681723,"2026-07-10 11:08:43",B228X,HU430,7498.08,813.028,53,115.62824249268,37.532138824463
1783681738,"2026-07-10 11:08:58",B228X,HU430,7490.46,813.028,53,115.65743255615,37.549411773682
1783681753,"2026-07-10 11:09:13",B228X,HU430,7490.46,811.176,53,115.68979644775,37.568351745605
1783681768,"2026-07-10 11:09:28",B228X,HU430,7437.12,809.324,53,115.71988677979,37.585899353027
1783681787,"2026-07-10 11:09:47",B228X,HU430,7315.2,801.916,54,115.75308990479,37.605129241943
1783681802,"2026-07-10 11:10:02",B228X,HU430,7208.52,798.212,53,115.78234100342,37.622219085693
1783681817,"2026-07-10 11:10:17",B228X,HU430,7094.22,794.508,54,115.81302642822,37.63985824585
1783681832,"2026-07-10 11:10:32",B228X,HU430,7033.26,798.212,54,115.84390258789,37.657638549805
1783681847,"2026-07-10 11:10:47",B228X,HU430,6964.68,796.36,54,115.87345123291,37.674591064453
1783681862,"2026-07-10 11:11:02",B228X,HU430,6896.1,794.508,54,115.90850830078,37.69446182251
1783681877,"2026-07-10 11:11:17",B228X,HU430,6880.86,790.804,54,115.93907165527,37.711849212646
1783681892,"2026-07-10 11:11:32",B228X,HU430,6865.62,790.804,54,115.96998596191,37.729431152344
1783681907,"2026-07-10 11:11:47",B228X,HU430,6758.94,790.804,54,116.0001373291,37.746597290039
1783681922,"2026-07-10 11:12:02",B228X,HU430,6644.64,788.952,54,116.03031158447,37.763919830322
1783681937,"2026-07-10 11:12:17",B228X,HU430,6530.34,783.396,54,116.0608215332,37.781471252441
1783681952,"2026-07-10 11:12:32",B228X,HU430,6423.66,779.692,54,116.08995819092,37.798278808594
1783681967,"2026-07-10 11:12:47",B228X,HU430,6301.74,774.136,54,116.11994171143,37.815719604492
1783681982,"2026-07-10 11:13:02",B228X,HU430,6187.44,770.432,53,116.1495513916,37.833141326904
1783681997,"2026-07-10 11:13:17",B228X,HU430,6073.14,772.284,53,116.17861175537,37.850189208984
1783682012,"2026-07-10 11:13:32",B228X,HU430,5958.84,772.284,53,116.20858764648,37.867858886719
1783682026,"2026-07-10 11:13:46",B228X,HU430,5882.64,766.728,54,116.23722076416,37.884609222412
1783682041,"2026-07-10 11:14:01",B228X,HU430,5806.44,766.728,54,116.26640319824,37.90161895752
1783682056,"2026-07-10 11:14:16",B228X,HU430,5722.62,763.024,53,116.29660797119,37.919311523438
1783682076,"2026-07-10 11:14:36",B228X,HU430,5692.14,759.32,53,116.32998657227,37.938861846924
1783682091,"2026-07-10 11:14:51",B228X,HU430,5699.76,755.616,53,116.35810852051,37.955390930176
1783682106,"2026-07-10 11:15:06",B228X,HU430,5699.76,753.764,53,116.38599395752,37.971820831299
1783682121,"2026-07-10 11:15:21",B228X,HU430,5699.76,751.912,53,116.41452026367,37.988754272461
1783682136,"2026-07-10 11:15:36",B228X,HU430,5699.76,751.912,53,116.44303894043,38.005645751953
1783682151,"2026-07-10 11:15:51",B228X,HU430,5699.76,751.912,53,116.47341156006,38.023727416992
1783682166,"2026-07-10 11:16:06",B228X,HU430,5699.76,755.616,53,116.50270843506,38.041168212891
1783682181,"2026-07-10 11:16:21",B228X,HU430,5699.76,759.32,53,116.53090667725,38.057945251465
1783682196,"2026-07-10 11:16:36",B228X,HU430,5699.76,759.32,53,116.5608215332,38.07572555542
1783682211,"2026-07-10 11:16:51",B228X,HU430,5699.76,761.172,53,116.58972167969,38.092952728271
1783682226,"2026-07-10 11:17:06",B228X,HU430,5699.76,759.32,46,116.61601257324,38.111251831055
1783682241,"2026-07-10 11:17:21",B228X,HU430,5699.76,761.172,38,116.63986206055,38.132675170898
1783682256,"2026-07-10 11:17:36",B228X,HU430,5699.76,759.32,31,116.66083526611,38.156913757324
1783682271,"2026-07-10 11:17:51",B228X,HU430,5692.14,757.468,24,116.67659759521,38.180934906006
1783682286,"2026-07-10 11:18:06",B228X,HU430,5646.42,753.764,15,116.68955230713,38.209518432617
1783682301,"2026-07-10 11:18:21",B228X,HU430,5585.46,746.356,2,116.69449615479,38.237548828125
1783682316,"2026-07-10 11:18:36",B228X,HU430,5516.88,738.948,356,116.69326782227,38.265426635742
1783682331,"2026-07-10 11:18:51",B228X,HU430,5433.06,742.652,3,116.69217681885,38.292751312256
1783682346,"2026-07-10 11:19:06",B228X,HU430,5379.72,753.764,20,116.69951629639,38.321800231934
1783682361,"2026-07-10 11:19:21",B228X,HU430,5394.96,755.616,32,116.71648406982,38.347686767578
1783682376,"2026-07-10 11:19:36",B228X,HU430,5387.34,755.616,43,116.73792266846,38.369480133057
1783682391,"2026-07-10 11:19:51",B228X,HU430,5394.96,750.06,55,116.76651763916,38.388278961182
1783682406,"2026-07-10 11:20:06",B228X,HU430,5394.96,748.208,68,116.79660797119,38.40071105957
1783682421,"2026-07-10 11:20:21",B228X,HU430,5394.96,738.948,78,116.83129882812,38.40843963623
1783682436,"2026-07-10 11:20:36",B228X,HU430,5394.96,742.652,80,116.86553955078,38.413089752197
1783682451,"2026-07-10 11:20:51",B228X,HU430,5394.96,744.504,81,116.90081787109,38.417701721191
1783682466,"2026-07-10 11:21:06",B228X,HU430,5394.96,744.504,81,116.93608856201,38.422302246094
1783682481,"2026-07-10 11:21:21",B228X,HU430,5394.96,744.504,80,116.97094726562,38.426963806152
1783682496,"2026-07-10 11:21:36",B228X,HU430,5394.96,742.652,80,117.00559234619,38.431591033936
1783682511,"2026-07-10 11:21:51",B228X,HU430,5394.96,740.8,80,117.041015625,38.436367034912
1783682526,"2026-07-10 11:22:06",B228X,HU430,5394.96,738.948,80,117.07623291016,38.441020965576
1783682541,"2026-07-10 11:22:21",B228X,HU430,5394.96,738.948,81,117.11019897461,38.445419311523
1783682556,"2026-07-10 11:22:36",B228X,HU430,5394.96,740.8,80,117.14581298828,38.450008392334
1783682571,"2026-07-10 11:22:51",B228X,HU430,5394.96,738.948,80,117.18176269531,38.454711914062
1783682586,"2026-07-10 11:23:06",B228X,HU430,5394.96,740.8,81,117.21527099609,38.459083557129
1783682601,"2026-07-10 11:23:21",B228X,HU430,5394.96,742.652,81,117.25079345703,38.463645935059
1783682616,"2026-07-10 11:23:36",B228X,HU430,5394.96,744.504,81,117.28442382812,38.467880249023
1783682631,"2026-07-10 11:23:51",B228X,HU430,5394.96,744.504,81,117.32090759277,38.472381591797
1783682650,"2026-07-10 11:24:10",B228X,HU430,5394.96,744.504,81,117.35816955566,38.477005004883
1783682665,"2026-07-10 11:24:25",B228X,HU430,5394.96,746.356,81,117.39261627197,38.481311798096
1783682680,"2026-07-10 11:24:40",B228X,HU430,5394.96,744.504,81,117.4281463623,38.485702514648
1783682695,"2026-07-10 11:24:55",B228X,HU430,5394.96,744.504,81,117.46228027344,38.490089416504
1783682710,"2026-07-10 11:25:10",B228X,HU430,5394.96,742.652,80,117.49729156494,38.49462890625
1783682725,"2026-07-10 11:25:25",B228X,HU430,5394.96,740.8,80.6,117.53265380859,38.49925994873
1783682740,"2026-07-10 11:25:40",B228X,HU430,5394.96,737.096,81,117.56762695312,38.503868103027
1783682755,"2026-07-10 11:25:55",B228X,HU430,5394.96,738.948,77,117.60350799561,38.509002685547
1783682770,"2026-07-10 11:26:10",B228X,HU430,5394.96,742.652,68,117.63562774658,38.517288208008
1783682785,"2026-07-10 11:26:25",B228X,HU430,5394.96,744.504,59.3,117.66728210449,38.530059814453
1783682800,"2026-07-10 11:26:40",B228X,HU430,5394.96,744.504,51,117.69821166992,38.547229766846
1783682815,"2026-07-10 11:26:55",B228X,HU430,5394.96,744.504,44,117.72406005859,38.565948486328
1783682830,"2026-07-10 11:27:10",B228X,HU430,5394.96,740.8,36.8,117.74713134766,38.58757019043
1783682845,"2026-07-10 11:27:25",B228X,HU430,5394.96,740.8,28.7,117.76561737061,38.61051940918
1783682860,"2026-07-10 11:27:40",B228X,HU430,5394.96,737.096,22.1,117.78088378906,38.636119842529
1783682875,"2026-07-10 11:27:55",B228X,HU430,5394.96,733.392,13.1,117.79138183594,38.662517547607
1783682890,"2026-07-10 11:28:10",B228X,HU430,5394.96,727.836,2,117.79620361328,38.689838409424
1783682905,"2026-07-10 11:28:25",B228X,HU430,5402.58,722.28,353,117.79486846924,38.716190338135
1783682920,"2026-07-10 11:28:40",B228X,HU430,5394.96,716.724,346,117.78770446777,38.742828369141
1783682935,"2026-07-10 11:28:55",B228X,HU430,5394.96,718.576,346,117.77916717529,38.768608093262
1783682949,"2026-07-10 11:29:09",B228X,HU430,5311.14,716.724,346,117.76995849609,38.796821594238
1783682964,"2026-07-10 11:29:24",B228X,HU430,5234.94,713.02,346,117.7614364624,38.823120117188
1783682979,"2026-07-10 11:29:39",B228X,HU430,5158.74,711.168,346,117.75323486328,38.8486328125
1783682994,"2026-07-10 11:29:54",B228X,HU430,5090.16,709.316,346,117.74481201172,38.87474822998
1783683013,"2026-07-10 11:30:13",B228X,HU430,5082.54,707.464,346,117.73596191406,38.902496337891
1783683028,"2026-07-10 11:30:28",B228X,HU430,5090.16,707.464,346,117.72766113281,38.928379058838
1783683039,"2026-07-10 11:30:39",B228X,HU430,5090.16,705.612,345.9,117.72235107422,38.944904327393
1783683053,"2026-07-10 11:30:53",B228X,HU430,5090.16,707.464,346,117.71385192871,38.971252441406
1783683068,"2026-07-10 11:31:08",B228X,HU430,5090.16,705.612,346,117.70608520508,38.994964599609
1783683083,"2026-07-10 11:31:23",B228X,HU430,5082.54,698.204,346,117.69766998291,39.020645141602
1783683098,"2026-07-10 11:31:38",B228X,HU430,5082.54,668.572,346,117.68955230713,39.045551300049
1783683113,"2026-07-10 11:31:53",B228X,HU430,5090.16,650.052,346,117.68176269531,39.069431304932
1783683128,"2026-07-10 11:32:08",B228X,HU430,5082.54,650.052,346,117.67401123047,39.093360900879
1783683143,"2026-07-10 11:32:23",B228X,HU430,5090.16,646.348,347,117.66674804688,39.11616897583
1783683158,"2026-07-10 11:32:38",B228X,HU430,5090.16,642.644,347,117.65950775146,39.139759063721
1783683173,"2026-07-10 11:32:53",B228X,HU430,5090.16,637.088,348,117.65258789062,39.163192749023
1783683188,"2026-07-10 11:33:08",B228X,HU430,5090.16,633.384,347,117.64562988281,39.186603546143
1783683203,"2026-07-10 11:33:23",B228X,HU430,5090.16,629.68,346,117.63861083984,39.209693908691
1783683218,"2026-07-10 11:33:38",B228X,HU430,5090.16,624.124,346,117.63144683838,39.232540130615
1783683233,"2026-07-10 11:33:53",B228X,HU430,5090.16,622.272,346,117.62446594238,39.25520324707
1783683248,"2026-07-10 11:34:08",B228X,HU430,5090.16,622.272,347,117.61755371094,39.278030395508
1783683263,"2026-07-10 11:34:23",B228X,HU430,5090.16,618.568,347,117.61060333252,39.301120758057
1783683278,"2026-07-10 11:34:38",B228X,HU430,5090.16,618.568,348,117.60399627686,39.322948455811
1783683293,"2026-07-10 11:34:53",B228X,HU430,5090.16,613.012,347,117.59717559814,39.345886230469
1783683308,"2026-07-10 11:35:08",B228X,HU430,5090.16,600.048,349,117.59085083008,39.368087768555
1783683323,"2026-07-10 11:35:23",B228X,HU430,5090.16,594.492,358,117.58773803711,39.390701293945
1783683338,"2026-07-10 11:35:38",B228X,HU430,5090.16,594.492,358,117.58643341064,39.412536621094
1783683353,"2026-07-10 11:35:53",B228X,HU430,5082.54,592.64,358,117.58517456055,39.434783935547
1783683368,"2026-07-10 11:36:08",B228X,HU430,5090.16,592.64,358,117.58404541016,39.456985473633
1783683384,"2026-07-10 11:36:24",B228X,HU430,5090.16,592.64,358,117.5830078125,39.479091644287
1783683398,"2026-07-10 11:36:38",B228X,HU430,5090.16,600.048,358,117.58190917969,39.501434326172
1783683413,"2026-07-10 11:36:53",B228X,HU430,5090.16,601.9,357.7,117.58075714111,39.524002075195
1783683428,"2026-07-10 11:37:08",B228X,HU430,5090.16,607.456,358,117.57956695557,39.547073364258
1783683443,"2026-07-10 11:37:23",B228X,HU430,5090.16,603.752,358,117.57819366455,39.570148468018
1783683458,"2026-07-10 11:37:38",B228X,HU430,5090.16,596.344,355,117.57675933838,39.591609954834
1783683473,"2026-07-10 11:37:53",B228X,HU430,5097.78,583.38,344,117.57144165039,39.613586425781
1783683488,"2026-07-10 11:38:08",B228X,HU430,5097.78,583.38,350,117.56517791748,39.634643554688
1783683503,"2026-07-10 11:38:23",B228X,HU430,5105.4,583.38,348,117.55979919434,39.655746459961
1783683518,"2026-07-10 11:38:38",B228X,HU430,5090.16,590.788,349,117.55383300781,39.678195953369
1783683533,"2026-07-10 11:38:53",B228X,HU430,5074.92,585.232,349,117.54846191406,39.699188232422
1783683548,"2026-07-10 11:39:08",B228X,HU430,4991.1,585.232,349,117.54266357422,39.721893310547
1783683563,"2026-07-10 11:39:23",B228X,HU430,4876.8,587.084,349,117.53723144531,39.742950439453
1783683578,"2026-07-10 11:39:38",B228X,HU430,4770.12,587.084,349,117.53179931641,39.764179229736
1783683593,"2026-07-10 11:39:53",B228X,HU430,4655.82,588.936,349,117.52624511719,39.785934448242
1783683608,"2026-07-10 11:40:08",B228X,HU430,4541.52,588.936,349,117.52093505859,39.807285308838
1783683623,"2026-07-10 11:40:23",B228X,HU430,4427.22,587.084,349,117.51555633545,39.829208374023
1783683638,"2026-07-10 11:40:38",B228X,HU430,4312.92,587.084,349,117.51037597656,39.850624084473
1783683653,"2026-07-10 11:40:53",B228X,HU430,4198.62,585.232,350,117.5051651001,39.872268676758
1783683668,"2026-07-10 11:41:08",B228X,HU430,4099.56,581.528,350,117.50003051758,39.894195556641
1783683683,"2026-07-10 11:41:23",B228X,HU430,4023.36,570.416,349,117.49447631836,39.917221069336
1783683698,"2026-07-10 11:41:38",B228X,HU430,3939.54,559.304,349,117.48962402344,39.937042236328
1783683713,"2026-07-10 11:41:53",B228X,HU430,3863.34,563.008,359,117.48673248291,39.959369659424
1783683728,"2026-07-10 11:42:08",B228X,HU430,3771.9,566.712,1,117.48698425293,39.982086181641
1783683743,"2026-07-10 11:42:23",B228X,HU430,3695.7,574.12,1,117.48736572266,40.003463745117
1783683758,"2026-07-10 11:42:38",B228X,HU430,3611.88,577.824,2,117.48809814453,40.026351928711
1783683773,"2026-07-10 11:42:53",B228X,HU430,3528.06,577.824,6,117.49085235596,40.049217224121
1783683793,"2026-07-10 11:43:13",B228X,HU430,3436.62,575.972,6,117.49410247803,40.072208404541
1783683808,"2026-07-10 11:43:28",B228X,HU430,3345.18,575.972,6,117.49713134766,40.094833374023
1783683824,"2026-07-10 11:43:44",B228X,HU430,3253.74,575.972,6,117.49965667725,40.115367889404
1783683838,"2026-07-10 11:43:58",B228X,HU430,3154.68,575.972,6,117.50277709961,40.139572143555
1783683858,"2026-07-10 11:44:18",B228X,HU430,3070.86,568.564,6,117.50634765625,40.165100097656
1783683873,"2026-07-10 11:44:33",B228X,HU430,3070.86,561.156,6,117.50994873047,40.18872833252
1783683885,"2026-07-10 11:44:45",B228X,HU430,3070.86,555.6,2,117.51245117188,40.207717895508
1783683900,"2026-07-10 11:45:00",B228X,HU430,3070.86,544.488,343,117.50830078125,40.22758102417
1783683915,"2026-07-10 11:45:15",B228X,HU430,3063.24,531.524,327,117.49828338623,40.241477966309
1783683935,"2026-07-10 11:45:35",B228X,HU430,3070.86,525.968,328,117.4806137085,40.262519836426
1783683950,"2026-07-10 11:45:50",B228X,HU430,3078.48,525.968,329,117.46600341797,40.280731201172
1783683965,"2026-07-10 11:46:05",B228X,HU430,3070.86,525.968,328,117.45300292969,40.297210693359
1783683980,"2026-07-10 11:46:20",B228X,HU430,3070.86,522.264,327,117.43785858154,40.314655303955
1783683995,"2026-07-10 11:46:35",B228X,HU430,3070.86,533.376,325,117.42350006104,40.330997467041
1783684010,"2026-07-10 11:46:50",B228X,HU430,3063.24,527.82,326,117.4072265625,40.348892211914
1783684025,"2026-07-10 11:47:05",B228X,HU430,3078.48,514.856,325,117.39300537109,40.364593505859
1783684040,"2026-07-10 11:47:20",B228X,HU430,3070.86,525.968,325,117.37847900391,40.380386352539
1783684055,"2026-07-10 11:47:35",B228X,HU430,3078.48,525.968,324,117.36334228516,40.396911621094
1783684070,"2026-07-10 11:47:50",B228X,HU430,3070.86,509.3,305,117.34515380859,40.410278320312
1783684085,"2026-07-10 11:48:05",B228X,HU430,3070.86,496.336,297,117.32403564453,40.419067382812
1783684100,"2026-07-10 11:48:20",B228X,HU430,3070.86,501.892,297,117.30196380615,40.427730560303
1783684115,"2026-07-10 11:48:35",B228X,HU430,3070.86,501.892,297,117.28002929688,40.436325073242
1783684130,"2026-07-10 11:48:50",B228X,HU430,3070.86,500.04,297,117.25788879395,40.445003509521
1783684145,"2026-07-10 11:49:05",B228X,HU430,3070.86,500.04,297,117.23610687256,40.453567504883
1783684160,"2026-07-10 11:49:20",B228X,HU430,3070.86,496.336,295,117.21466064453,40.4619140625
1783684175,"2026-07-10 11:49:35",B228X,HU430,3070.86,481.52,276,117.19189453125,40.467041015625
1783684190,"2026-07-10 11:49:50",B228X,HU430,3070.86,474.112,265,117.16738128662,40.466556549072
1783684205,"2026-07-10 11:50:05",B228X,HU430,3025.14,477.816,265,117.14538574219,40.464981079102
1783684220,"2026-07-10 11:50:20",B228X,HU430,2948.94,475.964,265,117.12213134766,40.463333129883
1783684235,"2026-07-10 11:50:35",B228X,HU430,2872.74,472.26,264,117.09857177734,40.461639404297
1783684250,"2026-07-10 11:50:50",B228X,HU430,2796.54,466.704,265,117.07568359375,40.459991455078
1783684265,"2026-07-10 11:51:05",B228X,HU430,2712.72,463,264,117.05267333984,40.458343505859
1783684280,"2026-07-10 11:51:20",B228X,HU430,2628.9,457.444,264,117.03070068359,40.456695556641
1783684295,"2026-07-10 11:51:35",B228X,HU430,2552.7,451.888,264,117.0079498291,40.454963684082
1783684310,"2026-07-10 11:51:50",B228X,HU430,2468.88,446.332,265,116.98641967773,40.45333480835
1783684325,"2026-07-10 11:52:05",B228X,HU430,2407.92,433.368,265,116.96450805664,40.451751708984
1783684340,"2026-07-10 11:52:20",B228X,HU430,2339.34,418.552,265,116.94415283203,40.450378417969
1783684355,"2026-07-10 11:52:35",B228X,HU430,2263.14,407.44,262,116.92376708984,40.448867797852
1783684370,"2026-07-10 11:52:50",B228X,HU430,2194.56,401.884,256,116.90445709229,40.445655822754
1783684385,"2026-07-10 11:53:05",B228X,HU430,2186.94,392.624,256,116.88554382324,40.442024230957
1783684400,"2026-07-10 11:53:20",B228X,HU430,2186.94,368.548,256,116.86779785156,40.438659667969
1783684415,"2026-07-10 11:53:35",B228X,HU430,2186.94,355.584,256,116.85034179688,40.435363769531
1783684430,"2026-07-10 11:53:50",B228X,HU430,2186.94,351.88,256,116.83385467529,40.432292938232
1783684445,"2026-07-10 11:54:05",B228X,HU430,2186.94,348.176,257,116.81695556641,40.429275512695
1783684460,"2026-07-10 11:54:20",B228X,HU430,2141.22,348.176,257,116.80065917969,40.426391601562
1783684475,"2026-07-10 11:54:35",B228X,HU430,2065.02,348.176,257,116.78399658203,40.423461914062
1783684490,"2026-07-10 11:54:50",B228X,HU430,1988.82,348.176,257,116.76718902588,40.420562744141
1783684505,"2026-07-10 11:55:05",B228X,HU430,1912.62,346.324,258,116.75052642822,40.417724609375
1783684520,"2026-07-10 11:55:20",B228X,HU430,1836.42,350.028,257,116.73373413086,40.414928436279
1783684535,"2026-07-10 11:55:35",B228X,HU430,1760.22,348.176,258,116.71685791016,40.412109375
1783684550,"2026-07-10 11:55:50",B228X,HU430,1684.02,351.88,258,116.69995117188,40.409225463867
1783684565,"2026-07-10 11:56:05",B228X,HU430,1615.44,348.176,257,116.6837310791,40.40645980835
1783684580,"2026-07-10 11:56:20",B228X,HU430,1569.72,350.028,257,116.66674804688,40.403503417969
1783684594,"2026-07-10 11:56:34",B228X,HU430,1577.34,353.732,257,116.65008544922,40.400497436523
1783684614,"2026-07-10 11:56:54",B228X,HU430,1577.34,344.472,257,116.63148498535,40.397193908691
1783684629,"2026-07-10 11:57:09",B228X,HU430,1546.86,340.768,257,116.61512756348,40.394306182861
1783684644,"2026-07-10 11:57:24",B228X,HU430,1478.28,333.36,257,116.59973144531,40.3916015625
1783684659,"2026-07-10 11:57:39",B228X,HU430,1409.7,333.36,257,116.58386230469,40.388809204102
1783684674,"2026-07-10 11:57:54",B228X,HU430,1348.74,333.36,256,116.56781005859,40.385925292969
1783684689,"2026-07-10 11:58:09",B228X,HU430,1280.16,324.1,234,116.55291748047,40.381072998047
1783684704,"2026-07-10 11:58:24",B228X,HU430,1264.92,316.692,203,116.54302978516,40.370983123779
1783684719,"2026-07-10 11:58:39",B228X,HU430,1272.54,316.692,206,116.53660583496,40.360279083252
1783684734,"2026-07-10 11:58:54",B228X,HU430,1272.54,314.84,185,116.53173828125,40.34880065918
1783684749,"2026-07-10 11:59:09",B228X,HU430,1280.16,318.544,172,116.53386688232,40.337131500244
1783684764,"2026-07-10 11:59:24",B228X,HU430,1272.54,318.544,178,116.53485107422,40.325500488281
1783684779,"2026-07-10 11:59:39",B228X,HU430,1280.16,316.692,174,116.53601074219,40.313461303711
1783684794,"2026-07-10 11:59:54",B228X,HU430,1257.3,314.84,173,116.53771972656,40.301834106445
1783684809,"2026-07-10 12:00:09",B228X,HU430,1181.1,318.544,172,116.53979492188,40.289840698242
1783684824,"2026-07-10 12:00:24",B228X,HU430,1112.52,312.988,172,116.54187011719,40.278030395508
1783684839,"2026-07-10 12:00:39",B228X,HU430,1051.56,311.136,173,116.54384613037,40.266242980957
1783684854,"2026-07-10 12:00:54",B228X,HU430,998.22,320.396,173,116.54571533203,40.254455566406
1783684869,"2026-07-10 12:01:09",B228X,HU430,929.64,309.284,173,116.54746246338,40.242778778076
1783684884,"2026-07-10 12:01:24",B228X,HU430,861.06,309.284,173,116.54931640625,40.231338500977
1783684899,"2026-07-10 12:01:39",B228X,HU430,800.1,292.616,173,116.55103302002,40.220081329346
1783684914,"2026-07-10 12:01:54",B228X,HU430,731.52,288.912,173,116.55283355713,40.209121704102
1783684929,"2026-07-10 12:02:09",B228X,HU430,678.18,288.912,173,116.55451965332,40.198600769043
1783684944,"2026-07-10 12:02:24",B228X,HU430,617.22,292.616,173,116.55620574951,40.18770980835
1783684959,"2026-07-10 12:02:39",B228X,HU430,556.26,292.616,173,116.55792236328,40.176727294922
1783684974,"2026-07-10 12:02:54",B228X,HU430,487.68,296.32,173,116.55963134766,40.165649414062
1783684989,"2026-07-10 12:03:09",B228X,HU430,426.72,294.468,173,116.56127929688,40.155078887939
1783685004,"2026-07-10 12:03:24",B228X,HU430,365.76,292.616,173,116.56323242188,40.143218994141
1783685019,"2026-07-10 12:03:39",B228X,HU430,297.18,294.468,173,116.56494140625,40.132278442383
1783685034,"2026-07-10 12:03:54",B228X,HU430,243.84,296.32,174,116.56671142578,40.121063232422
1783685049,"2026-07-10 12:04:09",B228X,HU430,175.26,298.172,174,116.5684967041,40.109409332275
1783685219,"2026-07-10 12:06:59",B228X,HU430,0,25.928,174,116.57628631592,40.074039459229
